month,policeprecinct,requesttype,n
2020-01,77TH STREET,Bulky Items,3256
2020-01,77TH STREET,Dead Animal Removal,145
2020-01,77TH STREET,Electronic Waste,229
2020-01,77TH STREET,Graffiti Removal,2064
2020-01,77TH STREET,Homeless Encampment,136
2020-01,77TH STREET,Illegal Dumping Pickup,969
2020-01,77TH STREET,Metal/Household Appliances,508
2020-01,77TH STREET,Multiple Streetlight Issue,30
2020-01,77TH STREET,Single Streetlight Issue,52
2020-01,CENTRAL,Bulky Items,352
2020-01,CENTRAL,Dead Animal Removal,22
2020-01,CENTRAL,Electronic Waste,15
2020-01,CENTRAL,Graffiti Removal,1889
2020-01,CENTRAL,Homeless Encampment,199
2020-01,CENTRAL,Illegal Dumping Pickup,131
2020-01,CENTRAL,Metal/Household Appliances,37
2020-01,CENTRAL,Multiple Streetlight Issue,34
2020-01,CENTRAL,Single Streetlight Issue,81
2020-01,DEVONSHIRE,Bulky Items,3170
2020-01,DEVONSHIRE,Dead Animal Removal,220
2020-01,DEVONSHIRE,Electronic Waste,237
2020-01,DEVONSHIRE,Graffiti Removal,664
2020-01,DEVONSHIRE,Homeless Encampment,246
2020-01,DEVONSHIRE,Illegal Dumping Pickup,429
2020-01,DEVONSHIRE,Metal/Household Appliances,772
2020-01,DEVONSHIRE,Multiple Streetlight Issue,67
2020-01,DEVONSHIRE,Single Streetlight Issue,38
2020-01,FOOTHILL,Bulky Items,2918
2020-01,FOOTHILL,Dead Animal Removal,124
2020-01,FOOTHILL,Electronic Waste,228
2020-01,FOOTHILL,Graffiti Removal,815
2020-01,FOOTHILL,Homeless Encampment,195
2020-01,FOOTHILL,Illegal Dumping Pickup,1051
2020-01,FOOTHILL,Metal/Household Appliances,532
2020-01,FOOTHILL,Multiple Streetlight Issue,60
2020-01,FOOTHILL,Single Streetlight Issue,39
2020-01,HARBOR,Bulky Items,2734
2020-01,HARBOR,Dead Animal Removal,95
2020-01,HARBOR,Electronic Waste,204
2020-01,HARBOR,Graffiti Removal,1730
2020-01,HARBOR,Homeless Encampment,157
2020-01,HARBOR,Illegal Dumping Pickup,487
2020-01,HARBOR,Metal/Household Appliances,588
2020-01,HARBOR,Multiple Streetlight Issue,21
2020-01,HARBOR,Single Streetlight Issue,28
2020-01,HOLLENBECK,Bulky Items,2410
2020-01,HOLLENBECK,Dead Animal Removal,92
2020-01,HOLLENBECK,Electronic Waste,173
2020-01,HOLLENBECK,Graffiti Removal,2807
2020-01,HOLLENBECK,Homeless Encampment,195
2020-01,HOLLENBECK,Illegal Dumping Pickup,527
2020-01,HOLLENBECK,Metal/Household Appliances,327
2020-01,HOLLENBECK,Multiple Streetlight Issue,66
2020-01,HOLLENBECK,Single Streetlight Issue,53
2020-01,HOLLYWOOD,Bulky Items,2099
2020-01,HOLLYWOOD,Dead Animal Removal,47
2020-01,HOLLYWOOD,Electronic Waste,113
2020-01,HOLLYWOOD,Graffiti Removal,1309
2020-01,HOLLYWOOD,Homeless Encampment,320
2020-01,HOLLYWOOD,Illegal Dumping Pickup,421
2020-01,HOLLYWOOD,Metal/Household Appliances,328
2020-01,HOLLYWOOD,Multiple Streetlight Issue,26
2020-01,HOLLYWOOD,Single Streetlight Issue,87
2020-01,MISSION,Bulky Items,3662
2020-01,MISSION,Dead Animal Removal,140
2020-01,MISSION,Electronic Waste,308
2020-01,MISSION,Graffiti Removal,988
2020-01,MISSION,Homeless Encampment,221
2020-01,MISSION,Illegal Dumping Pickup,926
2020-01,MISSION,Metal/Household Appliances,713
2020-01,MISSION,Multiple Streetlight Issue,42
2020-01,MISSION,Single Streetlight Issue,48
2020-01,NEWTON,Bulky Items,1772
2020-01,NEWTON,Dead Animal Removal,121
2020-01,NEWTON,Electronic Waste,109
2020-01,NEWTON,Graffiti Removal,4207
2020-01,NEWTON,Homeless Encampment,357
2020-01,NEWTON,Illegal Dumping Pickup,727
2020-01,NEWTON,Metal/Household Appliances,279
2020-01,NEWTON,Multiple Streetlight Issue,41
2020-01,NEWTON,Single Streetlight Issue,89
2020-01,NORTH HOLLYWOOD,Bulky Items,3309
2020-01,NORTH HOLLYWOOD,Dead Animal Removal,108
2020-01,NORTH HOLLYWOOD,Electronic Waste,181
2020-01,NORTH HOLLYWOOD,Graffiti Removal,1169
2020-01,NORTH HOLLYWOOD,Homeless Encampment,384
2020-01,NORTH HOLLYWOOD,Illegal Dumping Pickup,519
2020-01,NORTH HOLLYWOOD,Metal/Household Appliances,494
2020-01,NORTH HOLLYWOOD,Multiple Streetlight Issue,51
2020-01,NORTH HOLLYWOOD,Single Streetlight Issue,40
2020-01,NORTHEAST,Bulky Items,4071
2020-01,NORTHEAST,Dead Animal Removal,164
2020-01,NORTHEAST,Electronic Waste,270
2020-01,NORTHEAST,Graffiti Removal,1763
2020-01,NORTHEAST,Homeless Encampment,185
2020-01,NORTHEAST,Illegal Dumping Pickup,483
2020-01,NORTHEAST,Metal/Household Appliances,717
2020-01,NORTHEAST,Multiple Streetlight Issue,34
2020-01,NORTHEAST,Single Streetlight Issue,60
2020-01,OLYMPIC,Bulky Items,2479
2020-01,OLYMPIC,Dead Animal Removal,60
2020-01,OLYMPIC,Electronic Waste,149
2020-01,OLYMPIC,Graffiti Removal,1548
2020-01,OLYMPIC,Homeless Encampment,389
2020-01,OLYMPIC,Illegal Dumping Pickup,630
2020-01,OLYMPIC,Metal/Household Appliances,323
2020-01,OLYMPIC,Multiple Streetlight Issue,61
2020-01,OLYMPIC,Single Streetlight Issue,89
2020-01,PACIFIC,Bulky Items,2751
2020-01,PACIFIC,Dead Animal Removal,100
2020-01,PACIFIC,Electronic Waste,152
2020-01,PACIFIC,Graffiti Removal,1663
2020-01,PACIFIC,Homeless Encampment,521
2020-01,PACIFIC,Illegal Dumping Pickup,326
2020-01,PACIFIC,Metal/Household Appliances,522
2020-01,PACIFIC,Multiple Streetlight Issue,14
2020-01,PACIFIC,Single Streetlight Issue,24
2020-01,RAMPART,Bulky Items,1990
2020-01,RAMPART,Dead Animal Removal,61
2020-01,RAMPART,Electronic Waste,142
2020-01,RAMPART,Graffiti Removal,2668
2020-01,RAMPART,Homeless Encampment,265
2020-01,RAMPART,Illegal Dumping Pickup,672
2020-01,RAMPART,Metal/Household Appliances,280
2020-01,RAMPART,Multiple Streetlight Issue,35
2020-01,RAMPART,Single Streetlight Issue,45
2020-01,SOUTHEAST,Bulky Items,2080
2020-01,SOUTHEAST,Dead Animal Removal,116
2020-01,SOUTHEAST,Electronic Waste,145
2020-01,SOUTHEAST,Graffiti Removal,1520
2020-01,SOUTHEAST,Homeless Encampment,57
2020-01,SOUTHEAST,Illegal Dumping Pickup,818
2020-01,SOUTHEAST,Metal/Household Appliances,342
2020-01,SOUTHEAST,Multiple Streetlight Issue,18
2020-01,SOUTHEAST,Single Streetlight Issue,35
2020-01,SOUTHWEST,Bulky Items,2908
2020-01,SOUTHWEST,Dead Animal Removal,106
2020-01,SOUTHWEST,Electronic Waste,208
2020-01,SOUTHWEST,Graffiti Removal,1147
2020-01,SOUTHWEST,Homeless Encampment,98
2020-01,SOUTHWEST,Illegal Dumping Pickup,763
2020-01,SOUTHWEST,Metal/Household Appliances,523
2020-01,SOUTHWEST,Multiple Streetlight Issue,17
2020-01,SOUTHWEST,Single Streetlight Issue,26
2020-01,TOPANGA,Bulky Items,2760
2020-01,TOPANGA,Dead Animal Removal,155
2020-01,TOPANGA,Electronic Waste,199
2020-01,TOPANGA,Graffiti Removal,447
2020-01,TOPANGA,Homeless Encampment,492
2020-01,TOPANGA,Illegal Dumping Pickup,409
2020-01,TOPANGA,Metal/Household Appliances,620
2020-01,TOPANGA,Multiple Streetlight Issue,19
2020-01,TOPANGA,Single Streetlight Issue,45
2020-01,VAN NUYS,Bulky Items,2935
2020-01,VAN NUYS,Dead Animal Removal,102
2020-01,VAN NUYS,Electronic Waste,169
2020-01,VAN NUYS,Graffiti Removal,941
2020-01,VAN NUYS,Homeless Encampment,322
2020-01,VAN NUYS,Illegal Dumping Pickup,545
2020-01,VAN NUYS,Metal/Household Appliances,397
2020-01,VAN NUYS,Multiple Streetlight Issue,34
2020-01,VAN NUYS,Single Streetlight Issue,33
2020-01,WEST LOS ANGELES,Bulky Items,2450
2020-01,WEST LOS ANGELES,Dead Animal Removal,71
2020-01,WEST LOS ANGELES,Electronic Waste,148
2020-01,WEST LOS ANGELES,Graffiti Removal,754
2020-01,WEST LOS ANGELES,Homeless Encampment,250
2020-01,WEST LOS ANGELES,Illegal Dumping Pickup,226
2020-01,WEST LOS ANGELES,Metal/Household Appliances,459
2020-01,WEST LOS ANGELES,Multiple Streetlight Issue,20
2020-01,WEST LOS ANGELES,Single Streetlight Issue,81
2020-01,WEST VALLEY,Bulky Items,3033
2020-01,WEST VALLEY,Dead Animal Removal,138
2020-01,WEST VALLEY,Electronic Waste,193
2020-01,WEST VALLEY,Graffiti Removal,1198
2020-01,WEST VALLEY,Homeless Encampment,299
2020-01,WEST VALLEY,Illegal Dumping Pickup,557
2020-01,WEST VALLEY,Metal/Household Appliances,525
2020-01,WEST VALLEY,Multiple Streetlight Issue,16
2020-01,WEST VALLEY,Single Streetlight Issue,36
2020-01,WILSHIRE,Bulky Items,2410
2020-01,WILSHIRE,Dead Animal Removal,59
2020-01,WILSHIRE,Electronic Waste,154
2020-01,WILSHIRE,Graffiti Removal,1131
2020-01,WILSHIRE,Homeless Encampment,284
2020-01,WILSHIRE,Illegal Dumping Pickup,381
2020-01,WILSHIRE,Metal/Household Appliances,401
2020-01,WILSHIRE,Multiple Streetlight Issue,63
2020-01,WILSHIRE,Single Streetlight Issue,56
2020-02,77TH STREET,Bulky Items,2616
2020-02,77TH STREET,Dead Animal Removal,125
2020-02,77TH STREET,Electronic Waste,154
2020-02,77TH STREET,Graffiti Removal,1501
2020-02,77TH STREET,Homeless Encampment,122
2020-02,77TH STREET,Illegal Dumping Pickup,766
2020-02,77TH STREET,Metal/Household Appliances,439
2020-02,77TH STREET,Multiple Streetlight Issue,33
2020-02,77TH STREET,Single Streetlight Issue,44
2020-02,CENTRAL,Bulky Items,260
2020-02,CENTRAL,Dead Animal Removal,15
2020-02,CENTRAL,Electronic Waste,15
2020-02,CENTRAL,Graffiti Removal,1017
2020-02,CENTRAL,Homeless Encampment,171
2020-02,CENTRAL,Illegal Dumping Pickup,106
2020-02,CENTRAL,Metal/Household Appliances,38
2020-02,CENTRAL,Multiple Streetlight Issue,22
2020-02,CENTRAL,Single Streetlight Issue,51
2020-02,DEVONSHIRE,Bulky Items,2651
2020-02,DEVONSHIRE,Dead Animal Removal,162
2020-02,DEVONSHIRE,Electronic Waste,204
2020-02,DEVONSHIRE,Graffiti Removal,692
2020-02,DEVONSHIRE,Homeless Encampment,118
2020-02,DEVONSHIRE,Illegal Dumping Pickup,352
2020-02,DEVONSHIRE,Metal/Household Appliances,634
2020-02,DEVONSHIRE,Multiple Streetlight Issue,64
2020-02,DEVONSHIRE,Single Streetlight Issue,42
2020-02,FOOTHILL,Bulky Items,2343
2020-02,FOOTHILL,Dead Animal Removal,87
2020-02,FOOTHILL,Electronic Waste,169
2020-02,FOOTHILL,Graffiti Removal,801
2020-02,FOOTHILL,Homeless Encampment,174
2020-02,FOOTHILL,Illegal Dumping Pickup,739
2020-02,FOOTHILL,Metal/Household Appliances,459
2020-02,FOOTHILL,Multiple Streetlight Issue,49
2020-02,FOOTHILL,Single Streetlight Issue,26
2020-02,HARBOR,Bulky Items,2157
2020-02,HARBOR,Dead Animal Removal,103
2020-02,HARBOR,Electronic Waste,152
2020-02,HARBOR,Graffiti Removal,1610
2020-02,HARBOR,Homeless Encampment,121
2020-02,HARBOR,Illegal Dumping Pickup,265
2020-02,HARBOR,Metal/Household Appliances,491
2020-02,HARBOR,Multiple Streetlight Issue,36
2020-02,HARBOR,Single Streetlight Issue,18
2020-02,HOLLENBECK,Bulky Items,1978
2020-02,HOLLENBECK,Dead Animal Removal,87
2020-02,HOLLENBECK,Electronic Waste,117
2020-02,HOLLENBECK,Graffiti Removal,1391
2020-02,HOLLENBECK,Homeless Encampment,163
2020-02,HOLLENBECK,Illegal Dumping Pickup,369
2020-02,HOLLENBECK,Metal/Household Appliances,285
2020-02,HOLLENBECK,Multiple Streetlight Issue,75
2020-02,HOLLENBECK,Single Streetlight Issue,59
2020-02,HOLLYWOOD,Bulky Items,1593
2020-02,HOLLYWOOD,Dead Animal Removal,33
2020-02,HOLLYWOOD,Electronic Waste,90
2020-02,HOLLYWOOD,Graffiti Removal,1438
2020-02,HOLLYWOOD,Homeless Encampment,245
2020-02,HOLLYWOOD,Illegal Dumping Pickup,276
2020-02,HOLLYWOOD,Metal/Household Appliances,265
2020-02,HOLLYWOOD,Multiple Streetlight Issue,12
2020-02,HOLLYWOOD,Single Streetlight Issue,55
2020-02,MISSION,Bulky Items,3159
2020-02,MISSION,Dead Animal Removal,132
2020-02,MISSION,Electronic Waste,242
2020-02,MISSION,Graffiti Removal,1340
2020-02,MISSION,Homeless Encampment,166
2020-02,MISSION,Illegal Dumping Pickup,788
2020-02,MISSION,Metal/Household Appliances,589
2020-02,MISSION,Multiple Streetlight Issue,32
2020-02,MISSION,Single Streetlight Issue,58
2020-02,NEWTON,Bulky Items,1374
2020-02,NEWTON,Dead Animal Removal,102
2020-02,NEWTON,Electronic Waste,81
2020-02,NEWTON,Graffiti Removal,3208
2020-02,NEWTON,Homeless Encampment,272
2020-02,NEWTON,Illegal Dumping Pickup,552
2020-02,NEWTON,Metal/Household Appliances,224
2020-02,NEWTON,Multiple Streetlight Issue,56
2020-02,NEWTON,Single Streetlight Issue,68
2020-02,NORTH HOLLYWOOD,Bulky Items,2710
2020-02,NORTH HOLLYWOOD,Dead Animal Removal,91
2020-02,NORTH HOLLYWOOD,Electronic Waste,162
2020-02,NORTH HOLLYWOOD,Graffiti Removal,1068
2020-02,NORTH HOLLYWOOD,Homeless Encampment,267
2020-02,NORTH HOLLYWOOD,Illegal Dumping Pickup,384
2020-02,NORTH HOLLYWOOD,Metal/Household Appliances,482
2020-02,NORTH HOLLYWOOD,Multiple Streetlight Issue,68
2020-02,NORTH HOLLYWOOD,Single Streetlight Issue,76
2020-02,NORTHEAST,Bulky Items,3202
2020-02,NORTHEAST,Dead Animal Removal,149
2020-02,NORTHEAST,Electronic Waste,204
2020-02,NORTHEAST,Graffiti Removal,1666
2020-02,NORTHEAST,Homeless Encampment,142
2020-02,NORTHEAST,Illegal Dumping Pickup,343
2020-02,NORTHEAST,Metal/Household Appliances,636
2020-02,NORTHEAST,Multiple Streetlight Issue,42
2020-02,NORTHEAST,Single Streetlight Issue,60
2020-02,OLYMPIC,Bulky Items,1718
2020-02,OLYMPIC,Dead Animal Removal,44
2020-02,OLYMPIC,Electronic Waste,66
2020-02,OLYMPIC,Graffiti Removal,1837
2020-02,OLYMPIC,Homeless Encampment,339
2020-02,OLYMPIC,Illegal Dumping Pickup,455
2020-02,OLYMPIC,Metal/Household Appliances,233
2020-02,OLYMPIC,Multiple Streetlight Issue,34
2020-02,OLYMPIC,Single Streetlight Issue,74
2020-02,PACIFIC,Bulky Items,2286
2020-02,PACIFIC,Dead Animal Removal,81
2020-02,PACIFIC,Electronic Waste,110
2020-02,PACIFIC,Graffiti Removal,872
2020-02,PACIFIC,Homeless Encampment,416
2020-02,PACIFIC,Illegal Dumping Pickup,285
2020-02,PACIFIC,Metal/Household Appliances,495
2020-02,PACIFIC,Multiple Streetlight Issue,10
2020-02,PACIFIC,Single Streetlight Issue,34
2020-02,RAMPART,Bulky Items,1525
2020-02,RAMPART,Dead Animal Removal,49
2020-02,RAMPART,Electronic Waste,80
2020-02,RAMPART,Graffiti Removal,2595
2020-02,RAMPART,Homeless Encampment,227
2020-02,RAMPART,Illegal Dumping Pickup,618
2020-02,RAMPART,Metal/Household Appliances,239
2020-02,RAMPART,Multiple Streetlight Issue,28
2020-02,RAMPART,Single Streetlight Issue,54
2020-02,SOUTHEAST,Bulky Items,1703
2020-02,SOUTHEAST,Dead Animal Removal,114
2020-02,SOUTHEAST,Electronic Waste,91
2020-02,SOUTHEAST,Graffiti Removal,1475
2020-02,SOUTHEAST,Homeless Encampment,56
2020-02,SOUTHEAST,Illegal Dumping Pickup,529
2020-02,SOUTHEAST,Metal/Household Appliances,303
2020-02,SOUTHEAST,Multiple Streetlight Issue,19
2020-02,SOUTHEAST,Single Streetlight Issue,22
2020-02,SOUTHWEST,Bulky Items,2310
2020-02,SOUTHWEST,Dead Animal Removal,90
2020-02,SOUTHWEST,Electronic Waste,159
2020-02,SOUTHWEST,Graffiti Removal,763
2020-02,SOUTHWEST,Homeless Encampment,116
2020-02,SOUTHWEST,Illegal Dumping Pickup,594
2020-02,SOUTHWEST,Metal/Household Appliances,429
2020-02,SOUTHWEST,Multiple Streetlight Issue,18
2020-02,SOUTHWEST,Single Streetlight Issue,22
2020-02,TOPANGA,Bulky Items,2334
2020-02,TOPANGA,Dead Animal Removal,102
2020-02,TOPANGA,Electronic Waste,152
2020-02,TOPANGA,Graffiti Removal,471
2020-02,TOPANGA,Homeless Encampment,370
2020-02,TOPANGA,Illegal Dumping Pickup,337
2020-02,TOPANGA,Metal/Household Appliances,510
2020-02,TOPANGA,Multiple Streetlight Issue,15
2020-02,TOPANGA,Single Streetlight Issue,34
2020-02,VAN NUYS,Bulky Items,2293
2020-02,VAN NUYS,Dead Animal Removal,90
2020-02,VAN NUYS,Electronic Waste,122
2020-02,VAN NUYS,Graffiti Removal,940
2020-02,VAN NUYS,Homeless Encampment,224
2020-02,VAN NUYS,Illegal Dumping Pickup,353
2020-02,VAN NUYS,Metal/Household Appliances,343
2020-02,VAN NUYS,Multiple Streetlight Issue,58
2020-02,VAN NUYS,Single Streetlight Issue,53
2020-02,WEST LOS ANGELES,Bulky Items,2031
2020-02,WEST LOS ANGELES,Dead Animal Removal,64
2020-02,WEST LOS ANGELES,Electronic Waste,118
2020-02,WEST LOS ANGELES,Graffiti Removal,433
2020-02,WEST LOS ANGELES,Homeless Encampment,160
2020-02,WEST LOS ANGELES,Illegal Dumping Pickup,199
2020-02,WEST LOS ANGELES,Metal/Household Appliances,440
2020-02,WEST LOS ANGELES,Multiple Streetlight Issue,20
2020-02,WEST LOS ANGELES,Single Streetlight Issue,74
2020-02,WEST VALLEY,Bulky Items,2514
2020-02,WEST VALLEY,Dead Animal Removal,120
2020-02,WEST VALLEY,Electronic Waste,184
2020-02,WEST VALLEY,Graffiti Removal,1108
2020-02,WEST VALLEY,Homeless Encampment,227
2020-02,WEST VALLEY,Illegal Dumping Pickup,384
2020-02,WEST VALLEY,Metal/Household Appliances,429
2020-02,WEST VALLEY,Multiple Streetlight Issue,18
2020-02,WEST VALLEY,Single Streetlight Issue,31
2020-02,WILSHIRE,Bulky Items,2089
2020-02,WILSHIRE,Dead Animal Removal,71
2020-02,WILSHIRE,Electronic Waste,119
2020-02,WILSHIRE,Graffiti Removal,993
2020-02,WILSHIRE,Homeless Encampment,244
2020-02,WILSHIRE,Illegal Dumping Pickup,343
2020-02,WILSHIRE,Metal/Household Appliances,398
2020-02,WILSHIRE,Multiple Streetlight Issue,39
2020-02,WILSHIRE,Single Streetlight Issue,46
2020-03,77TH STREET,Bulky Items,3176
2020-03,77TH STREET,Dead Animal Removal,126
2020-03,77TH STREET,Electronic Waste,221
2020-03,77TH STREET,Graffiti Removal,941
2020-03,77TH STREET,Homeless Encampment,107
2020-03,77TH STREET,Illegal Dumping Pickup,740
2020-03,77TH STREET,Metal/Household Appliances,555
2020-03,77TH STREET,Multiple Streetlight Issue,26
2020-03,77TH STREET,Single Streetlight Issue,39
2020-03,CENTRAL,Bulky Items,315
2020-03,CENTRAL,Dead Animal Removal,22
2020-03,CENTRAL,Electronic Waste,6
2020-03,CENTRAL,Graffiti Removal,1482
2020-03,CENTRAL,Homeless Encampment,170
2020-03,CENTRAL,Illegal Dumping Pickup,94
2020-03,CENTRAL,Metal/Household Appliances,48
2020-03,CENTRAL,Multiple Streetlight Issue,16
2020-03,CENTRAL,Single Streetlight Issue,22
2020-03,DEVONSHIRE,Bulky Items,3016
2020-03,DEVONSHIRE,Dead Animal Removal,142
2020-03,DEVONSHIRE,Electronic Waste,230
2020-03,DEVONSHIRE,Graffiti Removal,666
2020-03,DEVONSHIRE,Homeless Encampment,126
2020-03,DEVONSHIRE,Illegal Dumping Pickup,371
2020-03,DEVONSHIRE,Metal/Household Appliances,726
2020-03,DEVONSHIRE,Multiple Streetlight Issue,31
2020-03,DEVONSHIRE,Single Streetlight Issue,29
2020-03,FOOTHILL,Bulky Items,2877
2020-03,FOOTHILL,Dead Animal Removal,108
2020-03,FOOTHILL,Electronic Waste,203
2020-03,FOOTHILL,Graffiti Removal,718
2020-03,FOOTHILL,Homeless Encampment,168
2020-03,FOOTHILL,Illegal Dumping Pickup,798
2020-03,FOOTHILL,Metal/Household Appliances,486
2020-03,FOOTHILL,Multiple Streetlight Issue,29
2020-03,FOOTHILL,Single Streetlight Issue,37
2020-03,HARBOR,Bulky Items,2362
2020-03,HARBOR,Dead Animal Removal,91
2020-03,HARBOR,Electronic Waste,184
2020-03,HARBOR,Graffiti Removal,839
2020-03,HARBOR,Homeless Encampment,92
2020-03,HARBOR,Illegal Dumping Pickup,311
2020-03,HARBOR,Metal/Household Appliances,546
2020-03,HARBOR,Multiple Streetlight Issue,14
2020-03,HARBOR,Single Streetlight Issue,18
2020-03,HOLLENBECK,Bulky Items,2018
2020-03,HOLLENBECK,Dead Animal Removal,68
2020-03,HOLLENBECK,Electronic Waste,144
2020-03,HOLLENBECK,Graffiti Removal,1944
2020-03,HOLLENBECK,Homeless Encampment,133
2020-03,HOLLENBECK,Illegal Dumping Pickup,302
2020-03,HOLLENBECK,Metal/Household Appliances,314
2020-03,HOLLENBECK,Multiple Streetlight Issue,39
2020-03,HOLLENBECK,Single Streetlight Issue,48
2020-03,HOLLYWOOD,Bulky Items,1675
2020-03,HOLLYWOOD,Dead Animal Removal,27
2020-03,HOLLYWOOD,Electronic Waste,91
2020-03,HOLLYWOOD,Graffiti Removal,1410
2020-03,HOLLYWOOD,Homeless Encampment,210
2020-03,HOLLYWOOD,Illegal Dumping Pickup,215
2020-03,HOLLYWOOD,Metal/Household Appliances,292
2020-03,HOLLYWOOD,Multiple Streetlight Issue,19
2020-03,HOLLYWOOD,Single Streetlight Issue,61
2020-03,MISSION,Bulky Items,3316
2020-03,MISSION,Dead Animal Removal,124
2020-03,MISSION,Electronic Waste,250
2020-03,MISSION,Graffiti Removal,2261
2020-03,MISSION,Homeless Encampment,207
2020-03,MISSION,Illegal Dumping Pickup,976
2020-03,MISSION,Metal/Household Appliances,693
2020-03,MISSION,Multiple Streetlight Issue,65
2020-03,MISSION,Single Streetlight Issue,52
2020-03,NEWTON,Bulky Items,1581
2020-03,NEWTON,Dead Animal Removal,71
2020-03,NEWTON,Electronic Waste,111
2020-03,NEWTON,Graffiti Removal,2960
2020-03,NEWTON,Homeless Encampment,238
2020-03,NEWTON,Illegal Dumping Pickup,471
2020-03,NEWTON,Metal/Household Appliances,275
2020-03,NEWTON,Multiple Streetlight Issue,51
2020-03,NEWTON,Single Streetlight Issue,42
2020-03,NORTH HOLLYWOOD,Bulky Items,3104
2020-03,NORTH HOLLYWOOD,Dead Animal Removal,87
2020-03,NORTH HOLLYWOOD,Electronic Waste,164
2020-03,NORTH HOLLYWOOD,Graffiti Removal,1025
2020-03,NORTH HOLLYWOOD,Homeless Encampment,187
2020-03,NORTH HOLLYWOOD,Illegal Dumping Pickup,350
2020-03,NORTH HOLLYWOOD,Metal/Household Appliances,548
2020-03,NORTH HOLLYWOOD,Multiple Streetlight Issue,83
2020-03,NORTH HOLLYWOOD,Single Streetlight Issue,62
2020-03,NORTHEAST,Bulky Items,3659
2020-03,NORTHEAST,Dead Animal Removal,96
2020-03,NORTHEAST,Electronic Waste,259
2020-03,NORTHEAST,Graffiti Removal,1471
2020-03,NORTHEAST,Homeless Encampment,142
2020-03,NORTHEAST,Illegal Dumping Pickup,333
2020-03,NORTHEAST,Metal/Household Appliances,705
2020-03,NORTHEAST,Multiple Streetlight Issue,30
2020-03,NORTHEAST,Single Streetlight Issue,47
2020-03,OLYMPIC,Bulky Items,1768
2020-03,OLYMPIC,Dead Animal Removal,43
2020-03,OLYMPIC,Electronic Waste,81
2020-03,OLYMPIC,Graffiti Removal,1321
2020-03,OLYMPIC,Homeless Encampment,316
2020-03,OLYMPIC,Illegal Dumping Pickup,504
2020-03,OLYMPIC,Metal/Household Appliances,248
2020-03,OLYMPIC,Multiple Streetlight Issue,15
2020-03,OLYMPIC,Single Streetlight Issue,24
2020-03,PACIFIC,Bulky Items,2305
2020-03,PACIFIC,Dead Animal Removal,63
2020-03,PACIFIC,Electronic Waste,120
2020-03,PACIFIC,Graffiti Removal,670
2020-03,PACIFIC,Homeless Encampment,279
2020-03,PACIFIC,Illegal Dumping Pickup,249
2020-03,PACIFIC,Metal/Household Appliances,499
2020-03,PACIFIC,Multiple Streetlight Issue,8
2020-03,PACIFIC,Single Streetlight Issue,34
2020-03,RAMPART,Bulky Items,1647
2020-03,RAMPART,Dead Animal Removal,41
2020-03,RAMPART,Electronic Waste,77
2020-03,RAMPART,Graffiti Removal,2462
2020-03,RAMPART,Homeless Encampment,187
2020-03,RAMPART,Illegal Dumping Pickup,523
2020-03,RAMPART,Metal/Household Appliances,239
2020-03,RAMPART,Multiple Streetlight Issue,19
2020-03,RAMPART,Single Streetlight Issue,34
2020-03,SOUTHEAST,Bulky Items,1838
2020-03,SOUTHEAST,Dead Animal Removal,87
2020-03,SOUTHEAST,Electronic Waste,104
2020-03,SOUTHEAST,Graffiti Removal,734
2020-03,SOUTHEAST,Homeless Encampment,48
2020-03,SOUTHEAST,Illegal Dumping Pickup,510
2020-03,SOUTHEAST,Metal/Household Appliances,289
2020-03,SOUTHEAST,Multiple Streetlight Issue,16
2020-03,SOUTHEAST,Single Streetlight Issue,21
2020-03,SOUTHWEST,Bulky Items,2740
2020-03,SOUTHWEST,Dead Animal Removal,107
2020-03,SOUTHWEST,Electronic Waste,194
2020-03,SOUTHWEST,Graffiti Removal,830
2020-03,SOUTHWEST,Homeless Encampment,69
2020-03,SOUTHWEST,Illegal Dumping Pickup,505
2020-03,SOUTHWEST,Metal/Household Appliances,462
2020-03,SOUTHWEST,Multiple Streetlight Issue,17
2020-03,SOUTHWEST,Single Streetlight Issue,15
2020-03,TOPANGA,Bulky Items,2339
2020-03,TOPANGA,Dead Animal Removal,122
2020-03,TOPANGA,Electronic Waste,153
2020-03,TOPANGA,Graffiti Removal,441
2020-03,TOPANGA,Homeless Encampment,430
2020-03,TOPANGA,Illegal Dumping Pickup,388
2020-03,TOPANGA,Metal/Household Appliances,608
2020-03,TOPANGA,Multiple Streetlight Issue,17
2020-03,TOPANGA,Single Streetlight Issue,20
2020-03,VAN NUYS,Bulky Items,2521
2020-03,VAN NUYS,Dead Animal Removal,74
2020-03,VAN NUYS,Electronic Waste,148
2020-03,VAN NUYS,Graffiti Removal,1047
2020-03,VAN NUYS,Homeless Encampment,218
2020-03,VAN NUYS,Illegal Dumping Pickup,401
2020-03,VAN NUYS,Metal/Household Appliances,434
2020-03,VAN NUYS,Multiple Streetlight Issue,39
2020-03,VAN NUYS,Single Streetlight Issue,36
2020-03,WEST LOS ANGELES,Bulky Items,2136
2020-03,WEST LOS ANGELES,Dead Animal Removal,57
2020-03,WEST LOS ANGELES,Electronic Waste,133
2020-03,WEST LOS ANGELES,Graffiti Removal,561
2020-03,WEST LOS ANGELES,Homeless Encampment,165
2020-03,WEST LOS ANGELES,Illegal Dumping Pickup,156
2020-03,WEST LOS ANGELES,Metal/Household Appliances,452
2020-03,WEST LOS ANGELES,Multiple Streetlight Issue,26
2020-03,WEST LOS ANGELES,Single Streetlight Issue,47
2020-03,WEST VALLEY,Bulky Items,2784
2020-03,WEST VALLEY,Dead Animal Removal,75
2020-03,WEST VALLEY,Electronic Waste,164
2020-03,WEST VALLEY,Graffiti Removal,1162
2020-03,WEST VALLEY,Homeless Encampment,159
2020-03,WEST VALLEY,Illegal Dumping Pickup,554
2020-03,WEST VALLEY,Metal/Household Appliances,489
2020-03,WEST VALLEY,Multiple Streetlight Issue,11
2020-03,WEST VALLEY,Single Streetlight Issue,14
2020-03,WILSHIRE,Bulky Items,1942
2020-03,WILSHIRE,Dead Animal Removal,61
2020-03,WILSHIRE,Electronic Waste,106
2020-03,WILSHIRE,Graffiti Removal,720
2020-03,WILSHIRE,Homeless Encampment,139
2020-03,WILSHIRE,Illegal Dumping Pickup,215
2020-03,WILSHIRE,Metal/Household Appliances,405
2020-03,WILSHIRE,Multiple Streetlight Issue,66
2020-03,WILSHIRE,Single Streetlight Issue,50
2020-04,77TH STREET,Bulky Items,3376
2020-04,77TH STREET,Dead Animal Removal,100
2020-04,77TH STREET,Electronic Waste,277
2020-04,77TH STREET,Graffiti Removal,1358
2020-04,77TH STREET,Homeless Encampment,135
2020-04,77TH STREET,Illegal Dumping Pickup,674
2020-04,77TH STREET,Metal/Household Appliances,661
2020-04,77TH STREET,Multiple Streetlight Issue,19
2020-04,77TH STREET,Single Streetlight Issue,32
2020-04,CENTRAL,Bulky Items,240
2020-04,CENTRAL,Dead Animal Removal,26
2020-04,CENTRAL,Electronic Waste,15
2020-04,CENTRAL,Graffiti Removal,1034
2020-04,CENTRAL,Homeless Encampment,210
2020-04,CENTRAL,Illegal Dumping Pickup,56
2020-04,CENTRAL,Metal/Household Appliances,36
2020-04,CENTRAL,Multiple Streetlight Issue,17
2020-04,CENTRAL,Single Streetlight Issue,21
2020-04,DEVONSHIRE,Bulky Items,3166
2020-04,DEVONSHIRE,Dead Animal Removal,195
2020-04,DEVONSHIRE,Electronic Waste,295
2020-04,DEVONSHIRE,Graffiti Removal,602
2020-04,DEVONSHIRE,Homeless Encampment,109
2020-04,DEVONSHIRE,Illegal Dumping Pickup,358
2020-04,DEVONSHIRE,Metal/Household Appliances,847
2020-04,DEVONSHIRE,Multiple Streetlight Issue,14
2020-04,DEVONSHIRE,Single Streetlight Issue,37
2020-04,FOOTHILL,Bulky Items,2871
2020-04,FOOTHILL,Dead Animal Removal,109
2020-04,FOOTHILL,Electronic Waste,248
2020-04,FOOTHILL,Graffiti Removal,656
2020-04,FOOTHILL,Homeless Encampment,112
2020-04,FOOTHILL,Illegal Dumping Pickup,681
2020-04,FOOTHILL,Metal/Household Appliances,639
2020-04,FOOTHILL,Multiple Streetlight Issue,40
2020-04,FOOTHILL,Single Streetlight Issue,28
2020-04,HARBOR,Bulky Items,2603
2020-04,HARBOR,Dead Animal Removal,91
2020-04,HARBOR,Electronic Waste,254
2020-04,HARBOR,Graffiti Removal,1116
2020-04,HARBOR,Homeless Encampment,56
2020-04,HARBOR,Illegal Dumping Pickup,277
2020-04,HARBOR,Metal/Household Appliances,677
2020-04,HARBOR,Multiple Streetlight Issue,9
2020-04,HARBOR,Single Streetlight Issue,22
2020-04,HOLLENBECK,Bulky Items,2241
2020-04,HOLLENBECK,Dead Animal Removal,82
2020-04,HOLLENBECK,Electronic Waste,191
2020-04,HOLLENBECK,Graffiti Removal,1786
2020-04,HOLLENBECK,Homeless Encampment,124
2020-04,HOLLENBECK,Illegal Dumping Pickup,325
2020-04,HOLLENBECK,Metal/Household Appliances,364
2020-04,HOLLENBECK,Multiple Streetlight Issue,19
2020-04,HOLLENBECK,Single Streetlight Issue,19
2020-04,HOLLYWOOD,Bulky Items,1698
2020-04,HOLLYWOOD,Dead Animal Removal,31
2020-04,HOLLYWOOD,Electronic Waste,103
2020-04,HOLLYWOOD,Graffiti Removal,1175
2020-04,HOLLYWOOD,Homeless Encampment,184
2020-04,HOLLYWOOD,Illegal Dumping Pickup,243
2020-04,HOLLYWOOD,Metal/Household Appliances,320
2020-04,HOLLYWOOD,Multiple Streetlight Issue,17
2020-04,HOLLYWOOD,Single Streetlight Issue,44
2020-04,MISSION,Bulky Items,3851
2020-04,MISSION,Dead Animal Removal,131
2020-04,MISSION,Electronic Waste,354
2020-04,MISSION,Graffiti Removal,634
2020-04,MISSION,Homeless Encampment,197
2020-04,MISSION,Illegal Dumping Pickup,773
2020-04,MISSION,Metal/Household Appliances,838
2020-04,MISSION,Multiple Streetlight Issue,10
2020-04,MISSION,Single Streetlight Issue,42
2020-04,NEWTON,Bulky Items,1624
2020-04,NEWTON,Dead Animal Removal,60
2020-04,NEWTON,Electronic Waste,145
2020-04,NEWTON,Graffiti Removal,3290
2020-04,NEWTON,Homeless Encampment,211
2020-04,NEWTON,Illegal Dumping Pickup,449
2020-04,NEWTON,Metal/Household Appliances,324
2020-04,NEWTON,Multiple Streetlight Issue,50
2020-04,NEWTON,Single Streetlight Issue,32
2020-04,NORTH HOLLYWOOD,Bulky Items,3017
2020-04,NORTH HOLLYWOOD,Dead Animal Removal,104
2020-04,NORTH HOLLYWOOD,Electronic Waste,208
2020-04,NORTH HOLLYWOOD,Graffiti Removal,1407
2020-04,NORTH HOLLYWOOD,Homeless Encampment,292
2020-04,NORTH HOLLYWOOD,Illegal Dumping Pickup,335
2020-04,NORTH HOLLYWOOD,Metal/Household Appliances,624
2020-04,NORTH HOLLYWOOD,Multiple Streetlight Issue,32
2020-04,NORTH HOLLYWOOD,Single Streetlight Issue,39
2020-04,NORTHEAST,Bulky Items,3728
2020-04,NORTHEAST,Dead Animal Removal,128
2020-04,NORTHEAST,Electronic Waste,328
2020-04,NORTHEAST,Graffiti Removal,1323
2020-04,NORTHEAST,Homeless Encampment,133
2020-04,NORTHEAST,Illegal Dumping Pickup,348
2020-04,NORTHEAST,Metal/Household Appliances,859
2020-04,NORTHEAST,Multiple Streetlight Issue,22
2020-04,NORTHEAST,Single Streetlight Issue,30
2020-04,OLYMPIC,Bulky Items,1915
2020-04,OLYMPIC,Dead Animal Removal,56
2020-04,OLYMPIC,Electronic Waste,108
2020-04,OLYMPIC,Graffiti Removal,1668
2020-04,OLYMPIC,Homeless Encampment,358
2020-04,OLYMPIC,Illegal Dumping Pickup,457
2020-04,OLYMPIC,Metal/Household Appliances,300
2020-04,OLYMPIC,Multiple Streetlight Issue,35
2020-04,OLYMPIC,Single Streetlight Issue,50
2020-04,PACIFIC,Bulky Items,2436
2020-04,PACIFIC,Dead Animal Removal,75
2020-04,PACIFIC,Electronic Waste,216
2020-04,PACIFIC,Graffiti Removal,881
2020-04,PACIFIC,Homeless Encampment,251
2020-04,PACIFIC,Illegal Dumping Pickup,262
2020-04,PACIFIC,Metal/Household Appliances,566
2020-04,PACIFIC,Multiple Streetlight Issue,9
2020-04,PACIFIC,Single Streetlight Issue,47
2020-04,RAMPART,Bulky Items,1575
2020-04,RAMPART,Dead Animal Removal,41
2020-04,RAMPART,Electronic Waste,93
2020-04,RAMPART,Graffiti Removal,2048
2020-04,RAMPART,Homeless Encampment,162
2020-04,RAMPART,Illegal Dumping Pickup,438
2020-04,RAMPART,Metal/Household Appliances,264
2020-04,RAMPART,Multiple Streetlight Issue,19
2020-04,RAMPART,Single Streetlight Issue,23
2020-04,SOUTHEAST,Bulky Items,2249
2020-04,SOUTHEAST,Dead Animal Removal,93
2020-04,SOUTHEAST,Electronic Waste,204
2020-04,SOUTHEAST,Graffiti Removal,1116
2020-04,SOUTHEAST,Homeless Encampment,68
2020-04,SOUTHEAST,Illegal Dumping Pickup,537
2020-04,SOUTHEAST,Metal/Household Appliances,450
2020-04,SOUTHEAST,Multiple Streetlight Issue,12
2020-04,SOUTHEAST,Single Streetlight Issue,20
2020-04,SOUTHWEST,Bulky Items,2549
2020-04,SOUTHWEST,Dead Animal Removal,100
2020-04,SOUTHWEST,Electronic Waste,239
2020-04,SOUTHWEST,Graffiti Removal,1025
2020-04,SOUTHWEST,Homeless Encampment,53
2020-04,SOUTHWEST,Illegal Dumping Pickup,418
2020-04,SOUTHWEST,Metal/Household Appliances,533
2020-04,SOUTHWEST,Multiple Streetlight Issue,16
2020-04,SOUTHWEST,Single Streetlight Issue,17
2020-04,TOPANGA,Bulky Items,2624
2020-04,TOPANGA,Dead Animal Removal,128
2020-04,TOPANGA,Electronic Waste,211
2020-04,TOPANGA,Graffiti Removal,347
2020-04,TOPANGA,Homeless Encampment,477
2020-04,TOPANGA,Illegal Dumping Pickup,402
2020-04,TOPANGA,Metal/Household Appliances,724
2020-04,TOPANGA,Multiple Streetlight Issue,4
2020-04,TOPANGA,Single Streetlight Issue,15
2020-04,VAN NUYS,Bulky Items,2364
2020-04,VAN NUYS,Dead Animal Removal,96
2020-04,VAN NUYS,Electronic Waste,173
2020-04,VAN NUYS,Graffiti Removal,1093
2020-04,VAN NUYS,Homeless Encampment,259
2020-04,VAN NUYS,Illegal Dumping Pickup,288
2020-04,VAN NUYS,Metal/Household Appliances,406
2020-04,VAN NUYS,Multiple Streetlight Issue,9
2020-04,VAN NUYS,Single Streetlight Issue,12
2020-04,WEST LOS ANGELES,Bulky Items,2194
2020-04,WEST LOS ANGELES,Dead Animal Removal,59
2020-04,WEST LOS ANGELES,Electronic Waste,182
2020-04,WEST LOS ANGELES,Graffiti Removal,595
2020-04,WEST LOS ANGELES,Homeless Encampment,175
2020-04,WEST LOS ANGELES,Illegal Dumping Pickup,320
2020-04,WEST LOS ANGELES,Metal/Household Appliances,531
2020-04,WEST LOS ANGELES,Multiple Streetlight Issue,22
2020-04,WEST LOS ANGELES,Single Streetlight Issue,29
2020-04,WEST VALLEY,Bulky Items,2684
2020-04,WEST VALLEY,Dead Animal Removal,100
2020-04,WEST VALLEY,Electronic Waste,212
2020-04,WEST VALLEY,Graffiti Removal,1062
2020-04,WEST VALLEY,Homeless Encampment,215
2020-04,WEST VALLEY,Illegal Dumping Pickup,478
2020-04,WEST VALLEY,Metal/Household Appliances,601
2020-04,WEST VALLEY,Multiple Streetlight Issue,10
2020-04,WEST VALLEY,Single Streetlight Issue,26
2020-04,WILSHIRE,Bulky Items,2306
2020-04,WILSHIRE,Dead Animal Removal,63
2020-04,WILSHIRE,Electronic Waste,181
2020-04,WILSHIRE,Graffiti Removal,1104
2020-04,WILSHIRE,Homeless Encampment,183
2020-04,WILSHIRE,Illegal Dumping Pickup,288
2020-04,WILSHIRE,Metal/Household Appliances,474
2020-04,WILSHIRE,Multiple Streetlight Issue,48
2020-04,WILSHIRE,Single Streetlight Issue,63
2020-05,77TH STREET,Bulky Items,3992
2020-05,77TH STREET,Dead Animal Removal,112
2020-05,77TH STREET,Electronic Waste,338
2020-05,77TH STREET,Graffiti Removal,2131
2020-05,77TH STREET,Homeless Encampment,131
2020-05,77TH STREET,Illegal Dumping Pickup,879
2020-05,77TH STREET,Metal/Household Appliances,792
2020-05,77TH STREET,Multiple Streetlight Issue,20
2020-05,77TH STREET,Single Streetlight Issue,33
2020-05,CENTRAL,Bulky Items,368
2020-05,CENTRAL,Dead Animal Removal,12
2020-05,CENTRAL,Electronic Waste,14
2020-05,CENTRAL,Graffiti Removal,1292
2020-05,CENTRAL,Homeless Encampment,137
2020-05,CENTRAL,Illegal Dumping Pickup,117
2020-05,CENTRAL,Metal/Household Appliances,49
2020-05,CENTRAL,Multiple Streetlight Issue,11
2020-05,CENTRAL,Single Streetlight Issue,75
2020-05,DEVONSHIRE,Bulky Items,4084
2020-05,DEVONSHIRE,Dead Animal Removal,196
2020-05,DEVONSHIRE,Electronic Waste,400
2020-05,DEVONSHIRE,Graffiti Removal,642
2020-05,DEVONSHIRE,Homeless Encampment,154
2020-05,DEVONSHIRE,Illegal Dumping Pickup,356
2020-05,DEVONSHIRE,Metal/Household Appliances,1064
2020-05,DEVONSHIRE,Multiple Streetlight Issue,21
2020-05,DEVONSHIRE,Single Streetlight Issue,48
2020-05,FOOTHILL,Bulky Items,3411
2020-05,FOOTHILL,Dead Animal Removal,98
2020-05,FOOTHILL,Electronic Waste,286
2020-05,FOOTHILL,Graffiti Removal,769
2020-05,FOOTHILL,Homeless Encampment,164
2020-05,FOOTHILL,Illegal Dumping Pickup,897
2020-05,FOOTHILL,Metal/Household Appliances,739
2020-05,FOOTHILL,Multiple Streetlight Issue,21
2020-05,FOOTHILL,Single Streetlight Issue,25
2020-05,HARBOR,Bulky Items,3060
2020-05,HARBOR,Dead Animal Removal,75
2020-05,HARBOR,Electronic Waste,270
2020-05,HARBOR,Graffiti Removal,1707
2020-05,HARBOR,Homeless Encampment,47
2020-05,HARBOR,Illegal Dumping Pickup,310
2020-05,HARBOR,Metal/Household Appliances,785
2020-05,HARBOR,Multiple Streetlight Issue,10
2020-05,HARBOR,Single Streetlight Issue,25
2020-05,HOLLENBECK,Bulky Items,2939
2020-05,HOLLENBECK,Dead Animal Removal,109
2020-05,HOLLENBECK,Electronic Waste,224
2020-05,HOLLENBECK,Graffiti Removal,2039
2020-05,HOLLENBECK,Homeless Encampment,178
2020-05,HOLLENBECK,Illegal Dumping Pickup,408
2020-05,HOLLENBECK,Metal/Household Appliances,490
2020-05,HOLLENBECK,Multiple Streetlight Issue,21
2020-05,HOLLENBECK,Single Streetlight Issue,37
2020-05,HOLLYWOOD,Bulky Items,1887
2020-05,HOLLYWOOD,Dead Animal Removal,60
2020-05,HOLLYWOOD,Electronic Waste,122
2020-05,HOLLYWOOD,Graffiti Removal,997
2020-05,HOLLYWOOD,Homeless Encampment,226
2020-05,HOLLYWOOD,Illegal Dumping Pickup,288
2020-05,HOLLYWOOD,Metal/Household Appliances,360
2020-05,HOLLYWOOD,Multiple Streetlight Issue,12
2020-05,HOLLYWOOD,Single Streetlight Issue,41
2020-05,MISSION,Bulky Items,4303
2020-05,MISSION,Dead Animal Removal,158
2020-05,MISSION,Electronic Waste,381
2020-05,MISSION,Graffiti Removal,1294
2020-05,MISSION,Homeless Encampment,205
2020-05,MISSION,Illegal Dumping Pickup,899
2020-05,MISSION,Metal/Household Appliances,949
2020-05,MISSION,Multiple Streetlight Issue,23
2020-05,MISSION,Single Streetlight Issue,31
2020-05,NEWTON,Bulky Items,1865
2020-05,NEWTON,Dead Animal Removal,82
2020-05,NEWTON,Electronic Waste,137
2020-05,NEWTON,Graffiti Removal,5491
2020-05,NEWTON,Homeless Encampment,306
2020-05,NEWTON,Illegal Dumping Pickup,648
2020-05,NEWTON,Metal/Household Appliances,372
2020-05,NEWTON,Multiple Streetlight Issue,31
2020-05,NEWTON,Single Streetlight Issue,43
2020-05,NORTH HOLLYWOOD,Bulky Items,3511
2020-05,NORTH HOLLYWOOD,Dead Animal Removal,130
2020-05,NORTH HOLLYWOOD,Electronic Waste,254
2020-05,NORTH HOLLYWOOD,Graffiti Removal,991
2020-05,NORTH HOLLYWOOD,Homeless Encampment,217
2020-05,NORTH HOLLYWOOD,Illegal Dumping Pickup,471
2020-05,NORTH HOLLYWOOD,Metal/Household Appliances,699
2020-05,NORTH HOLLYWOOD,Multiple Streetlight Issue,35
2020-05,NORTH HOLLYWOOD,Single Streetlight Issue,45
2020-05,NORTHEAST,Bulky Items,4540
2020-05,NORTHEAST,Dead Animal Removal,149
2020-05,NORTHEAST,Electronic Waste,423
2020-05,NORTHEAST,Graffiti Removal,1524
2020-05,NORTHEAST,Homeless Encampment,207
2020-05,NORTHEAST,Illegal Dumping Pickup,426
2020-05,NORTHEAST,Metal/Household Appliances,1061
2020-05,NORTHEAST,Multiple Streetlight Issue,15
2020-05,NORTHEAST,Single Streetlight Issue,30
2020-05,OLYMPIC,Bulky Items,2059
2020-05,OLYMPIC,Dead Animal Removal,53
2020-05,OLYMPIC,Electronic Waste,114
2020-05,OLYMPIC,Graffiti Removal,1315
2020-05,OLYMPIC,Homeless Encampment,276
2020-05,OLYMPIC,Illegal Dumping Pickup,516
2020-05,OLYMPIC,Metal/Household Appliances,314
2020-05,OLYMPIC,Multiple Streetlight Issue,34
2020-05,OLYMPIC,Single Streetlight Issue,49
2020-05,PACIFIC,Bulky Items,3039
2020-05,PACIFIC,Dead Animal Removal,73
2020-05,PACIFIC,Electronic Waste,252
2020-05,PACIFIC,Graffiti Removal,827
2020-05,PACIFIC,Homeless Encampment,277
2020-05,PACIFIC,Illegal Dumping Pickup,300
2020-05,PACIFIC,Metal/Household Appliances,741
2020-05,PACIFIC,Multiple Streetlight Issue,11
2020-05,PACIFIC,Single Streetlight Issue,27
2020-05,RAMPART,Bulky Items,2006
2020-05,RAMPART,Dead Animal Removal,44
2020-05,RAMPART,Electronic Waste,112
2020-05,RAMPART,Graffiti Removal,2336
2020-05,RAMPART,Homeless Encampment,166
2020-05,RAMPART,Illegal Dumping Pickup,698
2020-05,RAMPART,Metal/Household Appliances,315
2020-05,RAMPART,Multiple Streetlight Issue,11
2020-05,RAMPART,Single Streetlight Issue,31
2020-05,SOUTHEAST,Bulky Items,2495
2020-05,SOUTHEAST,Dead Animal Removal,120
2020-05,SOUTHEAST,Electronic Waste,237
2020-05,SOUTHEAST,Graffiti Removal,1010
2020-05,SOUTHEAST,Homeless Encampment,83
2020-05,SOUTHEAST,Illegal Dumping Pickup,605
2020-05,SOUTHEAST,Metal/Household Appliances,586
2020-05,SOUTHEAST,Multiple Streetlight Issue,10
2020-05,SOUTHEAST,Single Streetlight Issue,19
2020-05,SOUTHWEST,Bulky Items,3494
2020-05,SOUTHWEST,Dead Animal Removal,96
2020-05,SOUTHWEST,Electronic Waste,318
2020-05,SOUTHWEST,Graffiti Removal,1068
2020-05,SOUTHWEST,Homeless Encampment,118
2020-05,SOUTHWEST,Illegal Dumping Pickup,599
2020-05,SOUTHWEST,Metal/Household Appliances,731
2020-05,SOUTHWEST,Multiple Streetlight Issue,11
2020-05,SOUTHWEST,Single Streetlight Issue,27
2020-05,TOPANGA,Bulky Items,3180
2020-05,TOPANGA,Dead Animal Removal,153
2020-05,TOPANGA,Electronic Waste,275
2020-05,TOPANGA,Graffiti Removal,303
2020-05,TOPANGA,Homeless Encampment,349
2020-05,TOPANGA,Illegal Dumping Pickup,385
2020-05,TOPANGA,Metal/Household Appliances,815
2020-05,TOPANGA,Multiple Streetlight Issue,8
2020-05,TOPANGA,Single Streetlight Issue,24
2020-05,VAN NUYS,Bulky Items,2818
2020-05,VAN NUYS,Dead Animal Removal,123
2020-05,VAN NUYS,Electronic Waste,222
2020-05,VAN NUYS,Graffiti Removal,927
2020-05,VAN NUYS,Homeless Encampment,237
2020-05,VAN NUYS,Illegal Dumping Pickup,306
2020-05,VAN NUYS,Metal/Household Appliances,489
2020-05,VAN NUYS,Multiple Streetlight Issue,16
2020-05,VAN NUYS,Single Streetlight Issue,19
2020-05,WEST LOS ANGELES,Bulky Items,2577
2020-05,WEST LOS ANGELES,Dead Animal Removal,76
2020-05,WEST LOS ANGELES,Electronic Waste,250
2020-05,WEST LOS ANGELES,Graffiti Removal,529
2020-05,WEST LOS ANGELES,Homeless Encampment,196
2020-05,WEST LOS ANGELES,Illegal Dumping Pickup,239
2020-05,WEST LOS ANGELES,Metal/Household Appliances,608
2020-05,WEST LOS ANGELES,Multiple Streetlight Issue,30
2020-05,WEST LOS ANGELES,Single Streetlight Issue,45
2020-05,WEST VALLEY,Bulky Items,3310
2020-05,WEST VALLEY,Dead Animal Removal,140
2020-05,WEST VALLEY,Electronic Waste,270
2020-05,WEST VALLEY,Graffiti Removal,974
2020-05,WEST VALLEY,Homeless Encampment,147
2020-05,WEST VALLEY,Illegal Dumping Pickup,606
2020-05,WEST VALLEY,Metal/Household Appliances,708
2020-05,WEST VALLEY,Multiple Streetlight Issue,7
2020-05,WEST VALLEY,Single Streetlight Issue,25
2020-05,WILSHIRE,Bulky Items,2546
2020-05,WILSHIRE,Dead Animal Removal,83
2020-05,WILSHIRE,Electronic Waste,186
2020-05,WILSHIRE,Graffiti Removal,1029
2020-05,WILSHIRE,Homeless Encampment,313
2020-05,WILSHIRE,Illegal Dumping Pickup,341
2020-05,WILSHIRE,Metal/Household Appliances,563
2020-05,WILSHIRE,Multiple Streetlight Issue,20
2020-05,WILSHIRE,Single Streetlight Issue,41
2020-06,77TH STREET,Bulky Items,4115
2020-06,77TH STREET,Dead Animal Removal,141
2020-06,77TH STREET,Electronic Waste,297
2020-06,77TH STREET,Graffiti Removal,1070
2020-06,77TH STREET,Homeless Encampment,116
2020-06,77TH STREET,Illegal Dumping Pickup,973
2020-06,77TH STREET,Metal/Household Appliances,732
2020-06,77TH STREET,Multiple Streetlight Issue,8
2020-06,77TH STREET,Single Streetlight Issue,33
2020-06,CENTRAL,Bulky Items,397
2020-06,CENTRAL,Dead Animal Removal,16
2020-06,CENTRAL,Electronic Waste,16
2020-06,CENTRAL,Graffiti Removal,2420
2020-06,CENTRAL,Homeless Encampment,133
2020-06,CENTRAL,Illegal Dumping Pickup,151
2020-06,CENTRAL,Metal/Household Appliances,54
2020-06,CENTRAL,Multiple Streetlight Issue,11
2020-06,CENTRAL,Single Streetlight Issue,10
2020-06,DEVONSHIRE,Bulky Items,4331
2020-06,DEVONSHIRE,Dead Animal Removal,191
2020-06,DEVONSHIRE,Electronic Waste,395
2020-06,DEVONSHIRE,Graffiti Removal,664
2020-06,DEVONSHIRE,Homeless Encampment,170
2020-06,DEVONSHIRE,Illegal Dumping Pickup,397
2020-06,DEVONSHIRE,Metal/Household Appliances,1067
2020-06,DEVONSHIRE,Multiple Streetlight Issue,6
2020-06,DEVONSHIRE,Single Streetlight Issue,19
2020-06,FOOTHILL,Bulky Items,3485
2020-06,FOOTHILL,Dead Animal Removal,120
2020-06,FOOTHILL,Electronic Waste,293
2020-06,FOOTHILL,Graffiti Removal,950
2020-06,FOOTHILL,Homeless Encampment,163
2020-06,FOOTHILL,Illegal Dumping Pickup,1012
2020-06,FOOTHILL,Metal/Household Appliances,685
2020-06,FOOTHILL,Multiple Streetlight Issue,16
2020-06,FOOTHILL,Single Streetlight Issue,35
2020-06,HARBOR,Bulky Items,3218
2020-06,HARBOR,Dead Animal Removal,106
2020-06,HARBOR,Electronic Waste,297
2020-06,HARBOR,Graffiti Removal,1344
2020-06,HARBOR,Homeless Encampment,58
2020-06,HARBOR,Illegal Dumping Pickup,358
2020-06,HARBOR,Metal/Household Appliances,827
2020-06,HARBOR,Multiple Streetlight Issue,5
2020-06,HARBOR,Single Streetlight Issue,16
2020-06,HOLLENBECK,Bulky Items,2836
2020-06,HOLLENBECK,Dead Animal Removal,105
2020-06,HOLLENBECK,Electronic Waste,250
2020-06,HOLLENBECK,Graffiti Removal,2325
2020-06,HOLLENBECK,Homeless Encampment,147
2020-06,HOLLENBECK,Illegal Dumping Pickup,519
2020-06,HOLLENBECK,Metal/Household Appliances,441
2020-06,HOLLENBECK,Multiple Streetlight Issue,17
2020-06,HOLLENBECK,Single Streetlight Issue,29
2020-06,HOLLYWOOD,Bulky Items,2102
2020-06,HOLLYWOOD,Dead Animal Removal,56
2020-06,HOLLYWOOD,Electronic Waste,139
2020-06,HOLLYWOOD,Graffiti Removal,1665
2020-06,HOLLYWOOD,Homeless Encampment,199
2020-06,HOLLYWOOD,Illegal Dumping Pickup,326
2020-06,HOLLYWOOD,Metal/Household Appliances,386
2020-06,HOLLYWOOD,Multiple Streetlight Issue,5
2020-06,HOLLYWOOD,Single Streetlight Issue,31
2020-06,MISSION,Bulky Items,4483
2020-06,MISSION,Dead Animal Removal,144
2020-06,MISSION,Electronic Waste,367
2020-06,MISSION,Graffiti Removal,1630
2020-06,MISSION,Homeless Encampment,258
2020-06,MISSION,Illegal Dumping Pickup,1075
2020-06,MISSION,Metal/Household Appliances,918
2020-06,MISSION,Multiple Streetlight Issue,12
2020-06,MISSION,Single Streetlight Issue,32
2020-06,NEWTON,Bulky Items,2135
2020-06,NEWTON,Dead Animal Removal,79
2020-06,NEWTON,Electronic Waste,168
2020-06,NEWTON,Graffiti Removal,4684
2020-06,NEWTON,Homeless Encampment,265
2020-06,NEWTON,Illegal Dumping Pickup,747
2020-06,NEWTON,Metal/Household Appliances,417
2020-06,NEWTON,Multiple Streetlight Issue,33
2020-06,NEWTON,Single Streetlight Issue,38
2020-06,NORTH HOLLYWOOD,Bulky Items,4050
2020-06,NORTH HOLLYWOOD,Dead Animal Removal,123
2020-06,NORTH HOLLYWOOD,Electronic Waste,286
2020-06,NORTH HOLLYWOOD,Graffiti Removal,1789
2020-06,NORTH HOLLYWOOD,Homeless Encampment,220
2020-06,NORTH HOLLYWOOD,Illegal Dumping Pickup,485
2020-06,NORTH HOLLYWOOD,Metal/Household Appliances,801
2020-06,NORTH HOLLYWOOD,Multiple Streetlight Issue,22
2020-06,NORTH HOLLYWOOD,Single Streetlight Issue,27
2020-06,NORTHEAST,Bulky Items,5101
2020-06,NORTHEAST,Dead Animal Removal,140
2020-06,NORTHEAST,Electronic Waste,433
2020-06,NORTHEAST,Graffiti Removal,1622
2020-06,NORTHEAST,Homeless Encampment,147
2020-06,NORTHEAST,Illegal Dumping Pickup,429
2020-06,NORTHEAST,Metal/Household Appliances,1108
2020-06,NORTHEAST,Multiple Streetlight Issue,9
2020-06,NORTHEAST,Single Streetlight Issue,27
2020-06,OLYMPIC,Bulky Items,2346
2020-06,OLYMPIC,Dead Animal Removal,38
2020-06,OLYMPIC,Electronic Waste,134
2020-06,OLYMPIC,Graffiti Removal,1114
2020-06,OLYMPIC,Homeless Encampment,199
2020-06,OLYMPIC,Illegal Dumping Pickup,477
2020-06,OLYMPIC,Metal/Household Appliances,342
2020-06,OLYMPIC,Multiple Streetlight Issue,19
2020-06,OLYMPIC,Single Streetlight Issue,32
2020-06,PACIFIC,Bulky Items,3217
2020-06,PACIFIC,Dead Animal Removal,87
2020-06,PACIFIC,Electronic Waste,291
2020-06,PACIFIC,Graffiti Removal,463
2020-06,PACIFIC,Homeless Encampment,388
2020-06,PACIFIC,Illegal Dumping Pickup,327
2020-06,PACIFIC,Metal/Household Appliances,694
2020-06,PACIFIC,Multiple Streetlight Issue,10
2020-06,PACIFIC,Single Streetlight Issue,21
2020-06,RAMPART,Bulky Items,2250
2020-06,RAMPART,Dead Animal Removal,35
2020-06,RAMPART,Electronic Waste,126
2020-06,RAMPART,Graffiti Removal,2286
2020-06,RAMPART,Homeless Encampment,199
2020-06,RAMPART,Illegal Dumping Pickup,624
2020-06,RAMPART,Metal/Household Appliances,351
2020-06,RAMPART,Multiple Streetlight Issue,9
2020-06,RAMPART,Single Streetlight Issue,20
2020-06,SOUTHEAST,Bulky Items,2417
2020-06,SOUTHEAST,Dead Animal Removal,119
2020-06,SOUTHEAST,Electronic Waste,196
2020-06,SOUTHEAST,Graffiti Removal,950
2020-06,SOUTHEAST,Homeless Encampment,62
2020-06,SOUTHEAST,Illegal Dumping Pickup,704
2020-06,SOUTHEAST,Metal/Household Appliances,530
2020-06,SOUTHEAST,Multiple Streetlight Issue,9
2020-06,SOUTHEAST,Single Streetlight Issue,16
2020-06,SOUTHWEST,Bulky Items,3658
2020-06,SOUTHWEST,Dead Animal Removal,97
2020-06,SOUTHWEST,Electronic Waste,314
2020-06,SOUTHWEST,Graffiti Removal,699
2020-06,SOUTHWEST,Homeless Encampment,114
2020-06,SOUTHWEST,Illegal Dumping Pickup,690
2020-06,SOUTHWEST,Metal/Household Appliances,697
2020-06,SOUTHWEST,Multiple Streetlight Issue,9
2020-06,SOUTHWEST,Single Streetlight Issue,27
2020-06,TOPANGA,Bulky Items,3562
2020-06,TOPANGA,Dead Animal Removal,145
2020-06,TOPANGA,Electronic Waste,296
2020-06,TOPANGA,Graffiti Removal,407
2020-06,TOPANGA,Homeless Encampment,391
2020-06,TOPANGA,Illegal Dumping Pickup,429
2020-06,TOPANGA,Metal/Household Appliances,845
2020-06,TOPANGA,Multiple Streetlight Issue,21
2020-06,TOPANGA,Single Streetlight Issue,23
2020-06,VAN NUYS,Bulky Items,3243
2020-06,VAN NUYS,Dead Animal Removal,100
2020-06,VAN NUYS,Electronic Waste,218
2020-06,VAN NUYS,Graffiti Removal,1000
2020-06,VAN NUYS,Homeless Encampment,224
2020-06,VAN NUYS,Illegal Dumping Pickup,380
2020-06,VAN NUYS,Metal/Household Appliances,559
2020-06,VAN NUYS,Multiple Streetlight Issue,10
2020-06,VAN NUYS,Single Streetlight Issue,12
2020-06,WEST LOS ANGELES,Bulky Items,3254
2020-06,WEST LOS ANGELES,Dead Animal Removal,102
2020-06,WEST LOS ANGELES,Electronic Waste,306
2020-06,WEST LOS ANGELES,Graffiti Removal,292
2020-06,WEST LOS ANGELES,Homeless Encampment,183
2020-06,WEST LOS ANGELES,Illegal Dumping Pickup,275
2020-06,WEST LOS ANGELES,Metal/Household Appliances,781
2020-06,WEST LOS ANGELES,Multiple Streetlight Issue,13
2020-06,WEST LOS ANGELES,Single Streetlight Issue,44
2020-06,WEST VALLEY,Bulky Items,3739
2020-06,WEST VALLEY,Dead Animal Removal,174
2020-06,WEST VALLEY,Electronic Waste,331
2020-06,WEST VALLEY,Graffiti Removal,1066
2020-06,WEST VALLEY,Homeless Encampment,131
2020-06,WEST VALLEY,Illegal Dumping Pickup,781
2020-06,WEST VALLEY,Metal/Household Appliances,798
2020-06,WEST VALLEY,Multiple Streetlight Issue,13
2020-06,WEST VALLEY,Single Streetlight Issue,9
2020-06,WILSHIRE,Bulky Items,2577
2020-06,WILSHIRE,Dead Animal Removal,67
2020-06,WILSHIRE,Electronic Waste,192
2020-06,WILSHIRE,Graffiti Removal,1020
2020-06,WILSHIRE,Homeless Encampment,325
2020-06,WILSHIRE,Illegal Dumping Pickup,342
2020-06,WILSHIRE,Metal/Household Appliances,528
2020-06,WILSHIRE,Multiple Streetlight Issue,10
2020-06,WILSHIRE,Single Streetlight Issue,30
2020-07,77TH STREET,Bulky Items,4671
2020-07,77TH STREET,Dead Animal Removal,144
2020-07,77TH STREET,Electronic Waste,310
2020-07,77TH STREET,Graffiti Removal,1357
2020-07,77TH STREET,Homeless Encampment,122
2020-07,77TH STREET,Illegal Dumping Pickup,1117
2020-07,77TH STREET,Metal/Household Appliances,799
2020-07,77TH STREET,Multiple Streetlight Issue,37
2020-07,77TH STREET,Single Streetlight Issue,42
2020-07,CENTRAL,Bulky Items,367
2020-07,CENTRAL,Dead Animal Removal,7
2020-07,CENTRAL,Electronic Waste,14
2020-07,CENTRAL,Graffiti Removal,1158
2020-07,CENTRAL,Homeless Encampment,95
2020-07,CENTRAL,Illegal Dumping Pickup,105
2020-07,CENTRAL,Metal/Household Appliances,40
2020-07,CENTRAL,Multiple Streetlight Issue,11
2020-07,CENTRAL,Single Streetlight Issue,34
2020-07,DEVONSHIRE,Bulky Items,4137
2020-07,DEVONSHIRE,Dead Animal Removal,196
2020-07,DEVONSHIRE,Electronic Waste,317
2020-07,DEVONSHIRE,Graffiti Removal,856
2020-07,DEVONSHIRE,Homeless Encampment,126
2020-07,DEVONSHIRE,Illegal Dumping Pickup,365
2020-07,DEVONSHIRE,Metal/Household Appliances,1053
2020-07,DEVONSHIRE,Multiple Streetlight Issue,21
2020-07,DEVONSHIRE,Single Streetlight Issue,25
2020-07,FOOTHILL,Bulky Items,3645
2020-07,FOOTHILL,Dead Animal Removal,157
2020-07,FOOTHILL,Electronic Waste,293
2020-07,FOOTHILL,Graffiti Removal,1068
2020-07,FOOTHILL,Homeless Encampment,237
2020-07,FOOTHILL,Illegal Dumping Pickup,1211
2020-07,FOOTHILL,Metal/Household Appliances,753
2020-07,FOOTHILL,Multiple Streetlight Issue,9
2020-07,FOOTHILL,Single Streetlight Issue,26
2020-07,HARBOR,Bulky Items,3415
2020-07,HARBOR,Dead Animal Removal,99
2020-07,HARBOR,Electronic Waste,287
2020-07,HARBOR,Graffiti Removal,1595
2020-07,HARBOR,Homeless Encampment,82
2020-07,HARBOR,Illegal Dumping Pickup,340
2020-07,HARBOR,Metal/Household Appliances,866
2020-07,HARBOR,Multiple Streetlight Issue,9
2020-07,HARBOR,Single Streetlight Issue,19
2020-07,HOLLENBECK,Bulky Items,2957
2020-07,HOLLENBECK,Dead Animal Removal,87
2020-07,HOLLENBECK,Electronic Waste,225
2020-07,HOLLENBECK,Graffiti Removal,1730
2020-07,HOLLENBECK,Homeless Encampment,139
2020-07,HOLLENBECK,Illegal Dumping Pickup,542
2020-07,HOLLENBECK,Metal/Household Appliances,475
2020-07,HOLLENBECK,Multiple Streetlight Issue,31
2020-07,HOLLENBECK,Single Streetlight Issue,53
2020-07,HOLLYWOOD,Bulky Items,2490
2020-07,HOLLYWOOD,Dead Animal Removal,38
2020-07,HOLLYWOOD,Electronic Waste,134
2020-07,HOLLYWOOD,Graffiti Removal,1101
2020-07,HOLLYWOOD,Homeless Encampment,273
2020-07,HOLLYWOOD,Illegal Dumping Pickup,347
2020-07,HOLLYWOOD,Metal/Household Appliances,479
2020-07,HOLLYWOOD,Multiple Streetlight Issue,39
2020-07,HOLLYWOOD,Single Streetlight Issue,41
2020-07,MISSION,Bulky Items,4398
2020-07,MISSION,Dead Animal Removal,165
2020-07,MISSION,Electronic Waste,379
2020-07,MISSION,Graffiti Removal,2527
2020-07,MISSION,Homeless Encampment,301
2020-07,MISSION,Illegal Dumping Pickup,784
2020-07,MISSION,Metal/Household Appliances,882
2020-07,MISSION,Multiple Streetlight Issue,9
2020-07,MISSION,Single Streetlight Issue,24
2020-07,NEWTON,Bulky Items,2076
2020-07,NEWTON,Dead Animal Removal,113
2020-07,NEWTON,Electronic Waste,133
2020-07,NEWTON,Graffiti Removal,3470
2020-07,NEWTON,Homeless Encampment,304
2020-07,NEWTON,Illegal Dumping Pickup,699
2020-07,NEWTON,Metal/Household Appliances,334
2020-07,NEWTON,Multiple Streetlight Issue,61
2020-07,NEWTON,Single Streetlight Issue,57
2020-07,NORTH HOLLYWOOD,Bulky Items,4098
2020-07,NORTH HOLLYWOOD,Dead Animal Removal,129
2020-07,NORTH HOLLYWOOD,Electronic Waste,254
2020-07,NORTH HOLLYWOOD,Graffiti Removal,1446
2020-07,NORTH HOLLYWOOD,Homeless Encampment,216
2020-07,NORTH HOLLYWOOD,Illegal Dumping Pickup,535
2020-07,NORTH HOLLYWOOD,Metal/Household Appliances,697
2020-07,NORTH HOLLYWOOD,Multiple Streetlight Issue,25
2020-07,NORTH HOLLYWOOD,Single Streetlight Issue,30
2020-07,NORTHEAST,Bulky Items,4974
2020-07,NORTHEAST,Dead Animal Removal,150
2020-07,NORTHEAST,Electronic Waste,378
2020-07,NORTHEAST,Graffiti Removal,1146
2020-07,NORTHEAST,Homeless Encampment,247
2020-07,NORTHEAST,Illegal Dumping Pickup,463
2020-07,NORTHEAST,Metal/Household Appliances,1006
2020-07,NORTHEAST,Multiple Streetlight Issue,29
2020-07,NORTHEAST,Single Streetlight Issue,33
2020-07,OLYMPIC,Bulky Items,3045
2020-07,OLYMPIC,Dead Animal Removal,45
2020-07,OLYMPIC,Electronic Waste,150
2020-07,OLYMPIC,Graffiti Removal,1450
2020-07,OLYMPIC,Homeless Encampment,364
2020-07,OLYMPIC,Illegal Dumping Pickup,612
2020-07,OLYMPIC,Metal/Household Appliances,466
2020-07,OLYMPIC,Multiple Streetlight Issue,14
2020-07,OLYMPIC,Single Streetlight Issue,22
2020-07,PACIFIC,Bulky Items,3422
2020-07,PACIFIC,Dead Animal Removal,94
2020-07,PACIFIC,Electronic Waste,212
2020-07,PACIFIC,Graffiti Removal,624
2020-07,PACIFIC,Homeless Encampment,534
2020-07,PACIFIC,Illegal Dumping Pickup,397
2020-07,PACIFIC,Metal/Household Appliances,772
2020-07,PACIFIC,Multiple Streetlight Issue,6
2020-07,PACIFIC,Single Streetlight Issue,21
2020-07,RAMPART,Bulky Items,2323
2020-07,RAMPART,Dead Animal Removal,38
2020-07,RAMPART,Electronic Waste,99
2020-07,RAMPART,Graffiti Removal,2291
2020-07,RAMPART,Homeless Encampment,198
2020-07,RAMPART,Illegal Dumping Pickup,582
2020-07,RAMPART,Metal/Household Appliances,375
2020-07,RAMPART,Multiple Streetlight Issue,15
2020-07,RAMPART,Single Streetlight Issue,18
2020-07,SOUTHEAST,Bulky Items,2958
2020-07,SOUTHEAST,Dead Animal Removal,115
2020-07,SOUTHEAST,Electronic Waste,206
2020-07,SOUTHEAST,Graffiti Removal,1004
2020-07,SOUTHEAST,Homeless Encampment,81
2020-07,SOUTHEAST,Illegal Dumping Pickup,808
2020-07,SOUTHEAST,Metal/Household Appliances,565
2020-07,SOUTHEAST,Multiple Streetlight Issue,29
2020-07,SOUTHEAST,Single Streetlight Issue,28
2020-07,SOUTHWEST,Bulky Items,4123
2020-07,SOUTHWEST,Dead Animal Removal,94
2020-07,SOUTHWEST,Electronic Waste,312
2020-07,SOUTHWEST,Graffiti Removal,842
2020-07,SOUTHWEST,Homeless Encampment,114
2020-07,SOUTHWEST,Illegal Dumping Pickup,870
2020-07,SOUTHWEST,Metal/Household Appliances,778
2020-07,SOUTHWEST,Multiple Streetlight Issue,11
2020-07,SOUTHWEST,Single Streetlight Issue,19
2020-07,TOPANGA,Bulky Items,3461
2020-07,TOPANGA,Dead Animal Removal,155
2020-07,TOPANGA,Electronic Waste,261
2020-07,TOPANGA,Graffiti Removal,498
2020-07,TOPANGA,Homeless Encampment,291
2020-07,TOPANGA,Illegal Dumping Pickup,387
2020-07,TOPANGA,Metal/Household Appliances,805
2020-07,TOPANGA,Multiple Streetlight Issue,7
2020-07,TOPANGA,Single Streetlight Issue,27
2020-07,VAN NUYS,Bulky Items,3529
2020-07,VAN NUYS,Dead Animal Removal,103
2020-07,VAN NUYS,Electronic Waste,189
2020-07,VAN NUYS,Graffiti Removal,767
2020-07,VAN NUYS,Homeless Encampment,204
2020-07,VAN NUYS,Illegal Dumping Pickup,382
2020-07,VAN NUYS,Metal/Household Appliances,544
2020-07,VAN NUYS,Multiple Streetlight Issue,10
2020-07,VAN NUYS,Single Streetlight Issue,18
2020-07,WEST LOS ANGELES,Bulky Items,3286
2020-07,WEST LOS ANGELES,Dead Animal Removal,82
2020-07,WEST LOS ANGELES,Electronic Waste,245
2020-07,WEST LOS ANGELES,Graffiti Removal,309
2020-07,WEST LOS ANGELES,Homeless Encampment,189
2020-07,WEST LOS ANGELES,Illegal Dumping Pickup,429
2020-07,WEST LOS ANGELES,Metal/Household Appliances,786
2020-07,WEST LOS ANGELES,Multiple Streetlight Issue,16
2020-07,WEST LOS ANGELES,Single Streetlight Issue,38
2020-07,WEST VALLEY,Bulky Items,3546
2020-07,WEST VALLEY,Dead Animal Removal,126
2020-07,WEST VALLEY,Electronic Waste,270
2020-07,WEST VALLEY,Graffiti Removal,1294
2020-07,WEST VALLEY,Homeless Encampment,168
2020-07,WEST VALLEY,Illegal Dumping Pickup,798
2020-07,WEST VALLEY,Metal/Household Appliances,720
2020-07,WEST VALLEY,Multiple Streetlight Issue,13
2020-07,WEST VALLEY,Single Streetlight Issue,26
2020-07,WILSHIRE,Bulky Items,3175
2020-07,WILSHIRE,Dead Animal Removal,72
2020-07,WILSHIRE,Electronic Waste,203
2020-07,WILSHIRE,Graffiti Removal,564
2020-07,WILSHIRE,Homeless Encampment,326
2020-07,WILSHIRE,Illegal Dumping Pickup,340
2020-07,WILSHIRE,Metal/Household Appliances,605
2020-07,WILSHIRE,Multiple Streetlight Issue,24
2020-07,WILSHIRE,Single Streetlight Issue,43
2020-08,77TH STREET,Bulky Items,4472
2020-08,77TH STREET,Dead Animal Removal,207
2020-08,77TH STREET,Electronic Waste,282
2020-08,77TH STREET,Graffiti Removal,1321
2020-08,77TH STREET,Homeless Encampment,146
2020-08,77TH STREET,Illegal Dumping Pickup,1084
2020-08,77TH STREET,Metal/Household Appliances,754
2020-08,77TH STREET,Multiple Streetlight Issue,21
2020-08,77TH STREET,Single Streetlight Issue,38
2020-08,CENTRAL,Bulky Items,386
2020-08,CENTRAL,Dead Animal Removal,13
2020-08,CENTRAL,Electronic Waste,12
2020-08,CENTRAL,Graffiti Removal,1419
2020-08,CENTRAL,Homeless Encampment,115
2020-08,CENTRAL,Illegal Dumping Pickup,132
2020-08,CENTRAL,Metal/Household Appliances,53
2020-08,CENTRAL,Multiple Streetlight Issue,25
2020-08,CENTRAL,Single Streetlight Issue,64
2020-08,DEVONSHIRE,Bulky Items,4372
2020-08,DEVONSHIRE,Dead Animal Removal,185
2020-08,DEVONSHIRE,Electronic Waste,353
2020-08,DEVONSHIRE,Graffiti Removal,773
2020-08,DEVONSHIRE,Homeless Encampment,112
2020-08,DEVONSHIRE,Illegal Dumping Pickup,352
2020-08,DEVONSHIRE,Metal/Household Appliances,1021
2020-08,DEVONSHIRE,Multiple Streetlight Issue,48
2020-08,DEVONSHIRE,Single Streetlight Issue,44
2020-08,FOOTHILL,Bulky Items,3504
2020-08,FOOTHILL,Dead Animal Removal,136
2020-08,FOOTHILL,Electronic Waste,241
2020-08,FOOTHILL,Graffiti Removal,882
2020-08,FOOTHILL,Homeless Encampment,240
2020-08,FOOTHILL,Illegal Dumping Pickup,929
2020-08,FOOTHILL,Metal/Household Appliances,691
2020-08,FOOTHILL,Multiple Streetlight Issue,19
2020-08,FOOTHILL,Single Streetlight Issue,25
2020-08,HARBOR,Bulky Items,3263
2020-08,HARBOR,Dead Animal Removal,133
2020-08,HARBOR,Electronic Waste,247
2020-08,HARBOR,Graffiti Removal,1445
2020-08,HARBOR,Homeless Encampment,68
2020-08,HARBOR,Illegal Dumping Pickup,338
2020-08,HARBOR,Metal/Household Appliances,753
2020-08,HARBOR,Multiple Streetlight Issue,8
2020-08,HARBOR,Single Streetlight Issue,20
2020-08,HOLLENBECK,Bulky Items,3110
2020-08,HOLLENBECK,Dead Animal Removal,102
2020-08,HOLLENBECK,Electronic Waste,206
2020-08,HOLLENBECK,Graffiti Removal,2407
2020-08,HOLLENBECK,Homeless Encampment,123
2020-08,HOLLENBECK,Illegal Dumping Pickup,606
2020-08,HOLLENBECK,Metal/Household Appliances,489
2020-08,HOLLENBECK,Multiple Streetlight Issue,22
2020-08,HOLLENBECK,Single Streetlight Issue,31
2020-08,HOLLYWOOD,Bulky Items,2321
2020-08,HOLLYWOOD,Dead Animal Removal,42
2020-08,HOLLYWOOD,Electronic Waste,109
2020-08,HOLLYWOOD,Graffiti Removal,1096
2020-08,HOLLYWOOD,Homeless Encampment,254
2020-08,HOLLYWOOD,Illegal Dumping Pickup,374
2020-08,HOLLYWOOD,Metal/Household Appliances,384
2020-08,HOLLYWOOD,Multiple Streetlight Issue,24
2020-08,HOLLYWOOD,Single Streetlight Issue,44
2020-08,MISSION,Bulky Items,4083
2020-08,MISSION,Dead Animal Removal,151
2020-08,MISSION,Electronic Waste,337
2020-08,MISSION,Graffiti Removal,1834
2020-08,MISSION,Homeless Encampment,255
2020-08,MISSION,Illegal Dumping Pickup,1070
2020-08,MISSION,Metal/Household Appliances,798
2020-08,MISSION,Multiple Streetlight Issue,13
2020-08,MISSION,Single Streetlight Issue,19
2020-08,NEWTON,Bulky Items,2317
2020-08,NEWTON,Dead Animal Removal,115
2020-08,NEWTON,Electronic Waste,140
2020-08,NEWTON,Graffiti Removal,2336
2020-08,NEWTON,Homeless Encampment,276
2020-08,NEWTON,Illegal Dumping Pickup,804
2020-08,NEWTON,Metal/Household Appliances,376
2020-08,NEWTON,Multiple Streetlight Issue,47
2020-08,NEWTON,Single Streetlight Issue,58
2020-08,NORTH HOLLYWOOD,Bulky Items,4259
2020-08,NORTH HOLLYWOOD,Dead Animal Removal,100
2020-08,NORTH HOLLYWOOD,Electronic Waste,245
2020-08,NORTH HOLLYWOOD,Graffiti Removal,1448
2020-08,NORTH HOLLYWOOD,Homeless Encampment,301
2020-08,NORTH HOLLYWOOD,Illegal Dumping Pickup,555
2020-08,NORTH HOLLYWOOD,Metal/Household Appliances,732
2020-08,NORTH HOLLYWOOD,Multiple Streetlight Issue,22
2020-08,NORTH HOLLYWOOD,Single Streetlight Issue,29
2020-08,NORTHEAST,Bulky Items,5071
2020-08,NORTHEAST,Dead Animal Removal,159
2020-08,NORTHEAST,Electronic Waste,340
2020-08,NORTHEAST,Graffiti Removal,1152
2020-08,NORTHEAST,Homeless Encampment,184
2020-08,NORTHEAST,Illegal Dumping Pickup,502
2020-08,NORTHEAST,Metal/Household Appliances,974
2020-08,NORTHEAST,Multiple Streetlight Issue,22
2020-08,NORTHEAST,Single Streetlight Issue,35
2020-08,OLYMPIC,Bulky Items,2866
2020-08,OLYMPIC,Dead Animal Removal,55
2020-08,OLYMPIC,Electronic Waste,151
2020-08,OLYMPIC,Graffiti Removal,1403
2020-08,OLYMPIC,Homeless Encampment,317
2020-08,OLYMPIC,Illegal Dumping Pickup,674
2020-08,OLYMPIC,Metal/Household Appliances,437
2020-08,OLYMPIC,Multiple Streetlight Issue,26
2020-08,OLYMPIC,Single Streetlight Issue,34
2020-08,PACIFIC,Bulky Items,3825
2020-08,PACIFIC,Dead Animal Removal,94
2020-08,PACIFIC,Electronic Waste,248
2020-08,PACIFIC,Graffiti Removal,811
2020-08,PACIFIC,Homeless Encampment,651
2020-08,PACIFIC,Illegal Dumping Pickup,360
2020-08,PACIFIC,Metal/Household Appliances,748
2020-08,PACIFIC,Multiple Streetlight Issue,12
2020-08,PACIFIC,Single Streetlight Issue,24
2020-08,RAMPART,Bulky Items,2398
2020-08,RAMPART,Dead Animal Removal,37
2020-08,RAMPART,Electronic Waste,133
2020-08,RAMPART,Graffiti Removal,1928
2020-08,RAMPART,Homeless Encampment,217
2020-08,RAMPART,Illegal Dumping Pickup,611
2020-08,RAMPART,Metal/Household Appliances,406
2020-08,RAMPART,Multiple Streetlight Issue,21
2020-08,RAMPART,Single Streetlight Issue,30
2020-08,SOUTHEAST,Bulky Items,2650
2020-08,SOUTHEAST,Dead Animal Removal,122
2020-08,SOUTHEAST,Electronic Waste,175
2020-08,SOUTHEAST,Graffiti Removal,1448
2020-08,SOUTHEAST,Homeless Encampment,109
2020-08,SOUTHEAST,Illegal Dumping Pickup,863
2020-08,SOUTHEAST,Metal/Household Appliances,491
2020-08,SOUTHEAST,Multiple Streetlight Issue,16
2020-08,SOUTHEAST,Single Streetlight Issue,34
2020-08,SOUTHWEST,Bulky Items,4414
2020-08,SOUTHWEST,Dead Animal Removal,131
2020-08,SOUTHWEST,Electronic Waste,280
2020-08,SOUTHWEST,Graffiti Removal,825
2020-08,SOUTHWEST,Homeless Encampment,119
2020-08,SOUTHWEST,Illegal Dumping Pickup,1076
2020-08,SOUTHWEST,Metal/Household Appliances,748
2020-08,SOUTHWEST,Multiple Streetlight Issue,15
2020-08,SOUTHWEST,Single Streetlight Issue,23
2020-08,TOPANGA,Bulky Items,3558
2020-08,TOPANGA,Dead Animal Removal,160
2020-08,TOPANGA,Electronic Waste,223
2020-08,TOPANGA,Graffiti Removal,625
2020-08,TOPANGA,Homeless Encampment,296
2020-08,TOPANGA,Illegal Dumping Pickup,417
2020-08,TOPANGA,Metal/Household Appliances,791
2020-08,TOPANGA,Multiple Streetlight Issue,31
2020-08,TOPANGA,Single Streetlight Issue,48
2020-08,VAN NUYS,Bulky Items,3334
2020-08,VAN NUYS,Dead Animal Removal,132
2020-08,VAN NUYS,Electronic Waste,173
2020-08,VAN NUYS,Graffiti Removal,688
2020-08,VAN NUYS,Homeless Encampment,219
2020-08,VAN NUYS,Illegal Dumping Pickup,384
2020-08,VAN NUYS,Metal/Household Appliances,455
2020-08,VAN NUYS,Multiple Streetlight Issue,12
2020-08,VAN NUYS,Single Streetlight Issue,12
2020-08,WEST LOS ANGELES,Bulky Items,3541
2020-08,WEST LOS ANGELES,Dead Animal Removal,85
2020-08,WEST LOS ANGELES,Electronic Waste,215
2020-08,WEST LOS ANGELES,Graffiti Removal,400
2020-08,WEST LOS ANGELES,Homeless Encampment,220
2020-08,WEST LOS ANGELES,Illegal Dumping Pickup,367
2020-08,WEST LOS ANGELES,Metal/Household Appliances,735
2020-08,WEST LOS ANGELES,Multiple Streetlight Issue,17
2020-08,WEST LOS ANGELES,Single Streetlight Issue,56
2020-08,WEST VALLEY,Bulky Items,3663
2020-08,WEST VALLEY,Dead Animal Removal,135
2020-08,WEST VALLEY,Electronic Waste,245
2020-08,WEST VALLEY,Graffiti Removal,1087
2020-08,WEST VALLEY,Homeless Encampment,120
2020-08,WEST VALLEY,Illegal Dumping Pickup,651
2020-08,WEST VALLEY,Metal/Household Appliances,664
2020-08,WEST VALLEY,Multiple Streetlight Issue,19
2020-08,WEST VALLEY,Single Streetlight Issue,18
2020-08,WILSHIRE,Bulky Items,3063
2020-08,WILSHIRE,Dead Animal Removal,78
2020-08,WILSHIRE,Electronic Waste,176
2020-08,WILSHIRE,Graffiti Removal,627
2020-08,WILSHIRE,Homeless Encampment,249
2020-08,WILSHIRE,Illegal Dumping Pickup,385
2020-08,WILSHIRE,Metal/Household Appliances,573
2020-08,WILSHIRE,Multiple Streetlight Issue,27
2020-08,WILSHIRE,Single Streetlight Issue,39
2020-09,77TH STREET,Bulky Items,4662
2020-09,77TH STREET,Dead Animal Removal,175
2020-09,77TH STREET,Electronic Waste,294
2020-09,77TH STREET,Graffiti Removal,1415
2020-09,77TH STREET,Homeless Encampment,173
2020-09,77TH STREET,Illegal Dumping Pickup,1227
2020-09,77TH STREET,Metal/Household Appliances,750
2020-09,77TH STREET,Multiple Streetlight Issue,26
2020-09,77TH STREET,Single Streetlight Issue,54
2020-09,CENTRAL,Bulky Items,355
2020-09,CENTRAL,Dead Animal Removal,8
2020-09,CENTRAL,Electronic Waste,15
2020-09,CENTRAL,Graffiti Removal,1066
2020-09,CENTRAL,Homeless Encampment,92
2020-09,CENTRAL,Illegal Dumping Pickup,222
2020-09,CENTRAL,Metal/Household Appliances,54
2020-09,CENTRAL,Multiple Streetlight Issue,22
2020-09,CENTRAL,Single Streetlight Issue,23
2020-09,DEVONSHIRE,Bulky Items,3829
2020-09,DEVONSHIRE,Dead Animal Removal,184
2020-09,DEVONSHIRE,Electronic Waste,231
2020-09,DEVONSHIRE,Graffiti Removal,678
2020-09,DEVONSHIRE,Homeless Encampment,136
2020-09,DEVONSHIRE,Illegal Dumping Pickup,330
2020-09,DEVONSHIRE,Metal/Household Appliances,886
2020-09,DEVONSHIRE,Multiple Streetlight Issue,75
2020-09,DEVONSHIRE,Single Streetlight Issue,64
2020-09,FOOTHILL,Bulky Items,3409
2020-09,FOOTHILL,Dead Animal Removal,128
2020-09,FOOTHILL,Electronic Waste,229
2020-09,FOOTHILL,Graffiti Removal,829
2020-09,FOOTHILL,Homeless Encampment,232
2020-09,FOOTHILL,Illegal Dumping Pickup,1000
2020-09,FOOTHILL,Metal/Household Appliances,695
2020-09,FOOTHILL,Multiple Streetlight Issue,36
2020-09,FOOTHILL,Single Streetlight Issue,35
2020-09,HARBOR,Bulky Items,3271
2020-09,HARBOR,Dead Animal Removal,132
2020-09,HARBOR,Electronic Waste,240
2020-09,HARBOR,Graffiti Removal,1430
2020-09,HARBOR,Homeless Encampment,92
2020-09,HARBOR,Illegal Dumping Pickup,358
2020-09,HARBOR,Metal/Household Appliances,882
2020-09,HARBOR,Multiple Streetlight Issue,15
2020-09,HARBOR,Single Streetlight Issue,15
2020-09,HOLLENBECK,Bulky Items,2684
2020-09,HOLLENBECK,Dead Animal Removal,105
2020-09,HOLLENBECK,Electronic Waste,176
2020-09,HOLLENBECK,Graffiti Removal,2162
2020-09,HOLLENBECK,Homeless Encampment,148
2020-09,HOLLENBECK,Illegal Dumping Pickup,521
2020-09,HOLLENBECK,Metal/Household Appliances,417
2020-09,HOLLENBECK,Multiple Streetlight Issue,30
2020-09,HOLLENBECK,Single Streetlight Issue,30
2020-09,HOLLYWOOD,Bulky Items,2351
2020-09,HOLLYWOOD,Dead Animal Removal,54
2020-09,HOLLYWOOD,Electronic Waste,104
2020-09,HOLLYWOOD,Graffiti Removal,922
2020-09,HOLLYWOOD,Homeless Encampment,245
2020-09,HOLLYWOOD,Illegal Dumping Pickup,308
2020-09,HOLLYWOOD,Metal/Household Appliances,367
2020-09,HOLLYWOOD,Multiple Streetlight Issue,28
2020-09,HOLLYWOOD,Single Streetlight Issue,30
2020-09,MISSION,Bulky Items,4096
2020-09,MISSION,Dead Animal Removal,143
2020-09,MISSION,Electronic Waste,316
2020-09,MISSION,Graffiti Removal,1124
2020-09,MISSION,Homeless Encampment,215
2020-09,MISSION,Illegal Dumping Pickup,1037
2020-09,MISSION,Metal/Household Appliances,846
2020-09,MISSION,Multiple Streetlight Issue,41
2020-09,MISSION,Single Streetlight Issue,34
2020-09,NEWTON,Bulky Items,2363
2020-09,NEWTON,Dead Animal Removal,100
2020-09,NEWTON,Electronic Waste,171
2020-09,NEWTON,Graffiti Removal,4146
2020-09,NEWTON,Homeless Encampment,245
2020-09,NEWTON,Illegal Dumping Pickup,923
2020-09,NEWTON,Metal/Household Appliances,426
2020-09,NEWTON,Multiple Streetlight Issue,44
2020-09,NEWTON,Single Streetlight Issue,47
2020-09,NORTH HOLLYWOOD,Bulky Items,3894
2020-09,NORTH HOLLYWOOD,Dead Animal Removal,101
2020-09,NORTH HOLLYWOOD,Electronic Waste,241
2020-09,NORTH HOLLYWOOD,Graffiti Removal,1493
2020-09,NORTH HOLLYWOOD,Homeless Encampment,251
2020-09,NORTH HOLLYWOOD,Illegal Dumping Pickup,487
2020-09,NORTH HOLLYWOOD,Metal/Household Appliances,642
2020-09,NORTH HOLLYWOOD,Multiple Streetlight Issue,39
2020-09,NORTH HOLLYWOOD,Single Streetlight Issue,34
2020-09,NORTHEAST,Bulky Items,4661
2020-09,NORTHEAST,Dead Animal Removal,153
2020-09,NORTHEAST,Electronic Waste,287
2020-09,NORTHEAST,Graffiti Removal,1738
2020-09,NORTHEAST,Homeless Encampment,151
2020-09,NORTHEAST,Illegal Dumping Pickup,437
2020-09,NORTHEAST,Metal/Household Appliances,940
2020-09,NORTHEAST,Multiple Streetlight Issue,45
2020-09,NORTHEAST,Single Streetlight Issue,43
2020-09,OLYMPIC,Bulky Items,2895
2020-09,OLYMPIC,Dead Animal Removal,51
2020-09,OLYMPIC,Electronic Waste,129
2020-09,OLYMPIC,Graffiti Removal,1225
2020-09,OLYMPIC,Homeless Encampment,260
2020-09,OLYMPIC,Illegal Dumping Pickup,558
2020-09,OLYMPIC,Metal/Household Appliances,432
2020-09,OLYMPIC,Multiple Streetlight Issue,20
2020-09,OLYMPIC,Single Streetlight Issue,30
2020-09,PACIFIC,Bulky Items,3356
2020-09,PACIFIC,Dead Animal Removal,77
2020-09,PACIFIC,Electronic Waste,185
2020-09,PACIFIC,Graffiti Removal,1330
2020-09,PACIFIC,Homeless Encampment,685
2020-09,PACIFIC,Illegal Dumping Pickup,367
2020-09,PACIFIC,Metal/Household Appliances,687
2020-09,PACIFIC,Multiple Streetlight Issue,8
2020-09,PACIFIC,Single Streetlight Issue,34
2020-09,RAMPART,Bulky Items,2364
2020-09,RAMPART,Dead Animal Removal,40
2020-09,RAMPART,Electronic Waste,125
2020-09,RAMPART,Graffiti Removal,2086
2020-09,RAMPART,Homeless Encampment,208
2020-09,RAMPART,Illegal Dumping Pickup,562
2020-09,RAMPART,Metal/Household Appliances,419
2020-09,RAMPART,Multiple Streetlight Issue,26
2020-09,RAMPART,Single Streetlight Issue,39
2020-09,SOUTHEAST,Bulky Items,2678
2020-09,SOUTHEAST,Dead Animal Removal,113
2020-09,SOUTHEAST,Electronic Waste,179
2020-09,SOUTHEAST,Graffiti Removal,1226
2020-09,SOUTHEAST,Homeless Encampment,111
2020-09,SOUTHEAST,Illegal Dumping Pickup,944
2020-09,SOUTHEAST,Metal/Household Appliances,521
2020-09,SOUTHEAST,Multiple Streetlight Issue,25
2020-09,SOUTHEAST,Single Streetlight Issue,26
2020-09,SOUTHWEST,Bulky Items,3531
2020-09,SOUTHWEST,Dead Animal Removal,110
2020-09,SOUTHWEST,Electronic Waste,228
2020-09,SOUTHWEST,Graffiti Removal,860
2020-09,SOUTHWEST,Homeless Encampment,129
2020-09,SOUTHWEST,Illegal Dumping Pickup,909
2020-09,SOUTHWEST,Metal/Household Appliances,718
2020-09,SOUTHWEST,Multiple Streetlight Issue,21
2020-09,SOUTHWEST,Single Streetlight Issue,35
2020-09,TOPANGA,Bulky Items,3204
2020-09,TOPANGA,Dead Animal Removal,159
2020-09,TOPANGA,Electronic Waste,204
2020-09,TOPANGA,Graffiti Removal,521
2020-09,TOPANGA,Homeless Encampment,258
2020-09,TOPANGA,Illegal Dumping Pickup,352
2020-09,TOPANGA,Metal/Household Appliances,729
2020-09,TOPANGA,Multiple Streetlight Issue,61
2020-09,TOPANGA,Single Streetlight Issue,63
2020-09,VAN NUYS,Bulky Items,3405
2020-09,VAN NUYS,Dead Animal Removal,114
2020-09,VAN NUYS,Electronic Waste,165
2020-09,VAN NUYS,Graffiti Removal,767
2020-09,VAN NUYS,Homeless Encampment,186
2020-09,VAN NUYS,Illegal Dumping Pickup,354
2020-09,VAN NUYS,Metal/Household Appliances,488
2020-09,VAN NUYS,Multiple Streetlight Issue,21
2020-09,VAN NUYS,Single Streetlight Issue,19
2020-09,WEST LOS ANGELES,Bulky Items,3091
2020-09,WEST LOS ANGELES,Dead Animal Removal,102
2020-09,WEST LOS ANGELES,Electronic Waste,186
2020-09,WEST LOS ANGELES,Graffiti Removal,604
2020-09,WEST LOS ANGELES,Homeless Encampment,189
2020-09,WEST LOS ANGELES,Illegal Dumping Pickup,344
2020-09,WEST LOS ANGELES,Metal/Household Appliances,665
2020-09,WEST LOS ANGELES,Multiple Streetlight Issue,16
2020-09,WEST LOS ANGELES,Single Streetlight Issue,41
2020-09,WEST VALLEY,Bulky Items,3434
2020-09,WEST VALLEY,Dead Animal Removal,128
2020-09,WEST VALLEY,Electronic Waste,205
2020-09,WEST VALLEY,Graffiti Removal,999
2020-09,WEST VALLEY,Homeless Encampment,103
2020-09,WEST VALLEY,Illegal Dumping Pickup,578
2020-09,WEST VALLEY,Metal/Household Appliances,683
2020-09,WEST VALLEY,Multiple Streetlight Issue,17
2020-09,WEST VALLEY,Single Streetlight Issue,21
2020-09,WILSHIRE,Bulky Items,3043
2020-09,WILSHIRE,Dead Animal Removal,83
2020-09,WILSHIRE,Electronic Waste,180
2020-09,WILSHIRE,Graffiti Removal,920
2020-09,WILSHIRE,Homeless Encampment,298
2020-09,WILSHIRE,Illegal Dumping Pickup,422
2020-09,WILSHIRE,Metal/Household Appliances,596
2020-09,WILSHIRE,Multiple Streetlight Issue,36
2020-09,WILSHIRE,Single Streetlight Issue,29
2020-10,77TH STREET,Bulky Items,3850
2020-10,77TH STREET,Dead Animal Removal,175
2020-10,77TH STREET,Electronic Waste,246
2020-10,77TH STREET,Graffiti Removal,3418
2020-10,77TH STREET,Homeless Encampment,181
2020-10,77TH STREET,Illegal Dumping Pickup,1372
2020-10,77TH STREET,Metal/Household Appliances,708
2020-10,77TH STREET,Multiple Streetlight Issue,43
2020-10,77TH STREET,Single Streetlight Issue,46
2020-10,CENTRAL,Bulky Items,411
2020-10,CENTRAL,Dead Animal Removal,16
2020-10,CENTRAL,Electronic Waste,18
2020-10,CENTRAL,Graffiti Removal,1669
2020-10,CENTRAL,Homeless Encampment,97
2020-10,CENTRAL,Illegal Dumping Pickup,212
2020-10,CENTRAL,Metal/Household Appliances,52
2020-10,CENTRAL,Multiple Streetlight Issue,14
2020-10,CENTRAL,Single Streetlight Issue,46
2020-10,DEVONSHIRE,Bulky Items,3897
2020-10,DEVONSHIRE,Dead Animal Removal,187
2020-10,DEVONSHIRE,Electronic Waste,226
2020-10,DEVONSHIRE,Graffiti Removal,569
2020-10,DEVONSHIRE,Homeless Encampment,131
2020-10,DEVONSHIRE,Illegal Dumping Pickup,366
2020-10,DEVONSHIRE,Metal/Household Appliances,865
2020-10,DEVONSHIRE,Multiple Streetlight Issue,154
2020-10,DEVONSHIRE,Single Streetlight Issue,87
2020-10,FOOTHILL,Bulky Items,3684
2020-10,FOOTHILL,Dead Animal Removal,98
2020-10,FOOTHILL,Electronic Waste,224
2020-10,FOOTHILL,Graffiti Removal,1024
2020-10,FOOTHILL,Homeless Encampment,271
2020-10,FOOTHILL,Illegal Dumping Pickup,936
2020-10,FOOTHILL,Metal/Household Appliances,689
2020-10,FOOTHILL,Multiple Streetlight Issue,33
2020-10,FOOTHILL,Single Streetlight Issue,32
2020-10,HARBOR,Bulky Items,3036
2020-10,HARBOR,Dead Animal Removal,117
2020-10,HARBOR,Electronic Waste,194
2020-10,HARBOR,Graffiti Removal,1674
2020-10,HARBOR,Homeless Encampment,80
2020-10,HARBOR,Illegal Dumping Pickup,366
2020-10,HARBOR,Metal/Household Appliances,733
2020-10,HARBOR,Multiple Streetlight Issue,14
2020-10,HARBOR,Single Streetlight Issue,22
2020-10,HOLLENBECK,Bulky Items,2564
2020-10,HOLLENBECK,Dead Animal Removal,100
2020-10,HOLLENBECK,Electronic Waste,163
2020-10,HOLLENBECK,Graffiti Removal,1957
2020-10,HOLLENBECK,Homeless Encampment,135
2020-10,HOLLENBECK,Illegal Dumping Pickup,524
2020-10,HOLLENBECK,Metal/Household Appliances,377
2020-10,HOLLENBECK,Multiple Streetlight Issue,14
2020-10,HOLLENBECK,Single Streetlight Issue,23
2020-10,HOLLYWOOD,Bulky Items,2062
2020-10,HOLLYWOOD,Dead Animal Removal,49
2020-10,HOLLYWOOD,Electronic Waste,99
2020-10,HOLLYWOOD,Graffiti Removal,1093
2020-10,HOLLYWOOD,Homeless Encampment,245
2020-10,HOLLYWOOD,Illegal Dumping Pickup,253
2020-10,HOLLYWOOD,Metal/Household Appliances,351
2020-10,HOLLYWOOD,Multiple Streetlight Issue,23
2020-10,HOLLYWOOD,Single Streetlight Issue,47
2020-10,MISSION,Bulky Items,3960
2020-10,MISSION,Dead Animal Removal,124
2020-10,MISSION,Electronic Waste,284
2020-10,MISSION,Graffiti Removal,1629
2020-10,MISSION,Homeless Encampment,282
2020-10,MISSION,Illegal Dumping Pickup,1028
2020-10,MISSION,Metal/Household Appliances,802
2020-10,MISSION,Multiple Streetlight Issue,51
2020-10,MISSION,Single Streetlight Issue,47
2020-10,NEWTON,Bulky Items,2008
2020-10,NEWTON,Dead Animal Removal,126
2020-10,NEWTON,Electronic Waste,121
2020-10,NEWTON,Graffiti Removal,7806
2020-10,NEWTON,Homeless Encampment,236
2020-10,NEWTON,Illegal Dumping Pickup,960
2020-10,NEWTON,Metal/Household Appliances,348
2020-10,NEWTON,Multiple Streetlight Issue,80
2020-10,NEWTON,Single Streetlight Issue,77
2020-10,NORTH HOLLYWOOD,Bulky Items,3878
2020-10,NORTH HOLLYWOOD,Dead Animal Removal,97
2020-10,NORTH HOLLYWOOD,Electronic Waste,202
2020-10,NORTH HOLLYWOOD,Graffiti Removal,1370
2020-10,NORTH HOLLYWOOD,Homeless Encampment,186
2020-10,NORTH HOLLYWOOD,Illegal Dumping Pickup,523
2020-10,NORTH HOLLYWOOD,Metal/Household Appliances,596
2020-10,NORTH HOLLYWOOD,Multiple Streetlight Issue,28
2020-10,NORTH HOLLYWOOD,Single Streetlight Issue,40
2020-10,NORTHEAST,Bulky Items,4302
2020-10,NORTHEAST,Dead Animal Removal,184
2020-10,NORTHEAST,Electronic Waste,280
2020-10,NORTHEAST,Graffiti Removal,1772
2020-10,NORTHEAST,Homeless Encampment,143
2020-10,NORTHEAST,Illegal Dumping Pickup,387
2020-10,NORTHEAST,Metal/Household Appliances,844
2020-10,NORTHEAST,Multiple Streetlight Issue,20
2020-10,NORTHEAST,Single Streetlight Issue,29
2020-10,OLYMPIC,Bulky Items,2690
2020-10,OLYMPIC,Dead Animal Removal,68
2020-10,OLYMPIC,Electronic Waste,131
2020-10,OLYMPIC,Graffiti Removal,1438
2020-10,OLYMPIC,Homeless Encampment,283
2020-10,OLYMPIC,Illegal Dumping Pickup,479
2020-10,OLYMPIC,Metal/Household Appliances,414
2020-10,OLYMPIC,Multiple Streetlight Issue,17
2020-10,OLYMPIC,Single Streetlight Issue,28
2020-10,PACIFIC,Bulky Items,3220
2020-10,PACIFIC,Dead Animal Removal,109
2020-10,PACIFIC,Electronic Waste,185
2020-10,PACIFIC,Graffiti Removal,868
2020-10,PACIFIC,Homeless Encampment,530
2020-10,PACIFIC,Illegal Dumping Pickup,359
2020-10,PACIFIC,Metal/Household Appliances,647
2020-10,PACIFIC,Multiple Streetlight Issue,7
2020-10,PACIFIC,Single Streetlight Issue,19
2020-10,RAMPART,Bulky Items,2102
2020-10,RAMPART,Dead Animal Removal,37
2020-10,RAMPART,Electronic Waste,78
2020-10,RAMPART,Graffiti Removal,2233
2020-10,RAMPART,Homeless Encampment,235
2020-10,RAMPART,Illegal Dumping Pickup,487
2020-10,RAMPART,Metal/Household Appliances,357
2020-10,RAMPART,Multiple Streetlight Issue,18
2020-10,RAMPART,Single Streetlight Issue,36
2020-10,SOUTHEAST,Bulky Items,2576
2020-10,SOUTHEAST,Dead Animal Removal,113
2020-10,SOUTHEAST,Electronic Waste,143
2020-10,SOUTHEAST,Graffiti Removal,2064
2020-10,SOUTHEAST,Homeless Encampment,105
2020-10,SOUTHEAST,Illegal Dumping Pickup,942
2020-10,SOUTHEAST,Metal/Household Appliances,530
2020-10,SOUTHEAST,Multiple Streetlight Issue,18
2020-10,SOUTHEAST,Single Streetlight Issue,28
2020-10,SOUTHWEST,Bulky Items,3547
2020-10,SOUTHWEST,Dead Animal Removal,121
2020-10,SOUTHWEST,Electronic Waste,245
2020-10,SOUTHWEST,Graffiti Removal,964
2020-10,SOUTHWEST,Homeless Encampment,109
2020-10,SOUTHWEST,Illegal Dumping Pickup,960
2020-10,SOUTHWEST,Metal/Household Appliances,601
2020-10,SOUTHWEST,Multiple Streetlight Issue,15
2020-10,SOUTHWEST,Single Streetlight Issue,33
2020-10,TOPANGA,Bulky Items,3374
2020-10,TOPANGA,Dead Animal Removal,130
2020-10,TOPANGA,Electronic Waste,222
2020-10,TOPANGA,Graffiti Removal,350
2020-10,TOPANGA,Homeless Encampment,253
2020-10,TOPANGA,Illegal Dumping Pickup,336
2020-10,TOPANGA,Metal/Household Appliances,716
2020-10,TOPANGA,Multiple Streetlight Issue,81
2020-10,TOPANGA,Single Streetlight Issue,56
2020-10,VAN NUYS,Bulky Items,3175
2020-10,VAN NUYS,Dead Animal Removal,96
2020-10,VAN NUYS,Electronic Waste,166
2020-10,VAN NUYS,Graffiti Removal,715
2020-10,VAN NUYS,Homeless Encampment,175
2020-10,VAN NUYS,Illegal Dumping Pickup,421
2020-10,VAN NUYS,Metal/Household Appliances,435
2020-10,VAN NUYS,Multiple Streetlight Issue,16
2020-10,VAN NUYS,Single Streetlight Issue,25
2020-10,WEST LOS ANGELES,Bulky Items,2827
2020-10,WEST LOS ANGELES,Dead Animal Removal,99
2020-10,WEST LOS ANGELES,Electronic Waste,168
2020-10,WEST LOS ANGELES,Graffiti Removal,357
2020-10,WEST LOS ANGELES,Homeless Encampment,168
2020-10,WEST LOS ANGELES,Illegal Dumping Pickup,341
2020-10,WEST LOS ANGELES,Metal/Household Appliances,642
2020-10,WEST LOS ANGELES,Multiple Streetlight Issue,31
2020-10,WEST LOS ANGELES,Single Streetlight Issue,68
2020-10,WEST VALLEY,Bulky Items,3231
2020-10,WEST VALLEY,Dead Animal Removal,150
2020-10,WEST VALLEY,Electronic Waste,199
2020-10,WEST VALLEY,Graffiti Removal,855
2020-10,WEST VALLEY,Homeless Encampment,118
2020-10,WEST VALLEY,Illegal Dumping Pickup,685
2020-10,WEST VALLEY,Metal/Household Appliances,601
2020-10,WEST VALLEY,Multiple Streetlight Issue,26
2020-10,WEST VALLEY,Single Streetlight Issue,42
2020-10,WILSHIRE,Bulky Items,2772
2020-10,WILSHIRE,Dead Animal Removal,74
2020-10,WILSHIRE,Electronic Waste,157
2020-10,WILSHIRE,Graffiti Removal,671
2020-10,WILSHIRE,Homeless Encampment,281
2020-10,WILSHIRE,Illegal Dumping Pickup,403
2020-10,WILSHIRE,Metal/Household Appliances,524
2020-10,WILSHIRE,Multiple Streetlight Issue,57
2020-10,WILSHIRE,Single Streetlight Issue,39
2020-11,77TH STREET,Bulky Items,3298
2020-11,77TH STREET,Dead Animal Removal,144
2020-11,77TH STREET,Electronic Waste,223
2020-11,77TH STREET,Graffiti Removal,2192
2020-11,77TH STREET,Homeless Encampment,84
2020-11,77TH STREET,Illegal Dumping Pickup,929
2020-11,77TH STREET,Metal/Household Appliances,560
2020-11,77TH STREET,Multiple Streetlight Issue,38
2020-11,77TH STREET,Single Streetlight Issue,36
2020-11,CENTRAL,Bulky Items,321
2020-11,CENTRAL,Dead Animal Removal,14
2020-11,CENTRAL,Electronic Waste,24
2020-11,CENTRAL,Graffiti Removal,1024
2020-11,CENTRAL,Homeless Encampment,117
2020-11,CENTRAL,Illegal Dumping Pickup,159
2020-11,CENTRAL,Metal/Household Appliances,54
2020-11,CENTRAL,Multiple Streetlight Issue,20
2020-11,CENTRAL,Single Streetlight Issue,50
2020-11,DEVONSHIRE,Bulky Items,3849
2020-11,DEVONSHIRE,Dead Animal Removal,132
2020-11,DEVONSHIRE,Electronic Waste,273
2020-11,DEVONSHIRE,Graffiti Removal,767
2020-11,DEVONSHIRE,Homeless Encampment,153
2020-11,DEVONSHIRE,Illegal Dumping Pickup,359
2020-11,DEVONSHIRE,Metal/Household Appliances,917
2020-11,DEVONSHIRE,Multiple Streetlight Issue,98
2020-11,DEVONSHIRE,Single Streetlight Issue,65
2020-11,FOOTHILL,Bulky Items,2819
2020-11,FOOTHILL,Dead Animal Removal,116
2020-11,FOOTHILL,Electronic Waste,211
2020-11,FOOTHILL,Graffiti Removal,886
2020-11,FOOTHILL,Homeless Encampment,222
2020-11,FOOTHILL,Illegal Dumping Pickup,607
2020-11,FOOTHILL,Metal/Household Appliances,505
2020-11,FOOTHILL,Multiple Streetlight Issue,39
2020-11,FOOTHILL,Single Streetlight Issue,19
2020-11,HARBOR,Bulky Items,2678
2020-11,HARBOR,Dead Animal Removal,94
2020-11,HARBOR,Electronic Waste,181
2020-11,HARBOR,Graffiti Removal,1219
2020-11,HARBOR,Homeless Encampment,80
2020-11,HARBOR,Illegal Dumping Pickup,301
2020-11,HARBOR,Metal/Household Appliances,611
2020-11,HARBOR,Multiple Streetlight Issue,7
2020-11,HARBOR,Single Streetlight Issue,16
2020-11,HOLLENBECK,Bulky Items,2491
2020-11,HOLLENBECK,Dead Animal Removal,91
2020-11,HOLLENBECK,Electronic Waste,154
2020-11,HOLLENBECK,Graffiti Removal,1522
2020-11,HOLLENBECK,Homeless Encampment,106
2020-11,HOLLENBECK,Illegal Dumping Pickup,418
2020-11,HOLLENBECK,Metal/Household Appliances,367
2020-11,HOLLENBECK,Multiple Streetlight Issue,24
2020-11,HOLLENBECK,Single Streetlight Issue,34
2020-11,HOLLYWOOD,Bulky Items,1727
2020-11,HOLLYWOOD,Dead Animal Removal,28
2020-11,HOLLYWOOD,Electronic Waste,104
2020-11,HOLLYWOOD,Graffiti Removal,1086
2020-11,HOLLYWOOD,Homeless Encampment,199
2020-11,HOLLYWOOD,Illegal Dumping Pickup,273
2020-11,HOLLYWOOD,Metal/Household Appliances,333
2020-11,HOLLYWOOD,Multiple Streetlight Issue,16
2020-11,HOLLYWOOD,Single Streetlight Issue,41
2020-11,MISSION,Bulky Items,3318
2020-11,MISSION,Dead Animal Removal,112
2020-11,MISSION,Electronic Waste,260
2020-11,MISSION,Graffiti Removal,1381
2020-11,MISSION,Homeless Encampment,219
2020-11,MISSION,Illegal Dumping Pickup,705
2020-11,MISSION,Metal/Household Appliances,605
2020-11,MISSION,Multiple Streetlight Issue,56
2020-11,MISSION,Single Streetlight Issue,42
2020-11,NEWTON,Bulky Items,1927
2020-11,NEWTON,Dead Animal Removal,91
2020-11,NEWTON,Electronic Waste,127
2020-11,NEWTON,Graffiti Removal,5445
2020-11,NEWTON,Homeless Encampment,172
2020-11,NEWTON,Illegal Dumping Pickup,700
2020-11,NEWTON,Metal/Household Appliances,352
2020-11,NEWTON,Multiple Streetlight Issue,122
2020-11,NEWTON,Single Streetlight Issue,90
2020-11,NORTH HOLLYWOOD,Bulky Items,3443
2020-11,NORTH HOLLYWOOD,Dead Animal Removal,106
2020-11,NORTH HOLLYWOOD,Electronic Waste,226
2020-11,NORTH HOLLYWOOD,Graffiti Removal,1248
2020-11,NORTH HOLLYWOOD,Homeless Encampment,206
2020-11,NORTH HOLLYWOOD,Illegal Dumping Pickup,422
2020-11,NORTH HOLLYWOOD,Metal/Household Appliances,576
2020-11,NORTH HOLLYWOOD,Multiple Streetlight Issue,72
2020-11,NORTH HOLLYWOOD,Single Streetlight Issue,52
2020-11,NORTHEAST,Bulky Items,3925
2020-11,NORTHEAST,Dead Animal Removal,97
2020-11,NORTHEAST,Electronic Waste,273
2020-11,NORTHEAST,Graffiti Removal,1816
2020-11,NORTHEAST,Homeless Encampment,122
2020-11,NORTHEAST,Illegal Dumping Pickup,367
2020-11,NORTHEAST,Metal/Household Appliances,864
2020-11,NORTHEAST,Multiple Streetlight Issue,26
2020-11,NORTHEAST,Single Streetlight Issue,24
2020-11,OLYMPIC,Bulky Items,2329
2020-11,OLYMPIC,Dead Animal Removal,40
2020-11,OLYMPIC,Electronic Waste,115
2020-11,OLYMPIC,Graffiti Removal,1297
2020-11,OLYMPIC,Homeless Encampment,256
2020-11,OLYMPIC,Illegal Dumping Pickup,378
2020-11,OLYMPIC,Metal/Household Appliances,347
2020-11,OLYMPIC,Multiple Streetlight Issue,21
2020-11,OLYMPIC,Single Streetlight Issue,61
2020-11,PACIFIC,Bulky Items,2880
2020-11,PACIFIC,Dead Animal Removal,95
2020-11,PACIFIC,Electronic Waste,150
2020-11,PACIFIC,Graffiti Removal,821
2020-11,PACIFIC,Homeless Encampment,259
2020-11,PACIFIC,Illegal Dumping Pickup,324
2020-11,PACIFIC,Metal/Household Appliances,557
2020-11,PACIFIC,Multiple Streetlight Issue,15
2020-11,PACIFIC,Single Streetlight Issue,38
2020-11,RAMPART,Bulky Items,1801
2020-11,RAMPART,Dead Animal Removal,38
2020-11,RAMPART,Electronic Waste,88
2020-11,RAMPART,Graffiti Removal,2139
2020-11,RAMPART,Homeless Encampment,198
2020-11,RAMPART,Illegal Dumping Pickup,426
2020-11,RAMPART,Metal/Household Appliances,319
2020-11,RAMPART,Multiple Streetlight Issue,16
2020-11,RAMPART,Single Streetlight Issue,27
2020-11,SOUTHEAST,Bulky Items,2017
2020-11,SOUTHEAST,Dead Animal Removal,105
2020-11,SOUTHEAST,Electronic Waste,123
2020-11,SOUTHEAST,Graffiti Removal,1209
2020-11,SOUTHEAST,Homeless Encampment,71
2020-11,SOUTHEAST,Illegal Dumping Pickup,621
2020-11,SOUTHEAST,Metal/Household Appliances,432
2020-11,SOUTHEAST,Multiple Streetlight Issue,20
2020-11,SOUTHEAST,Single Streetlight Issue,26
2020-11,SOUTHWEST,Bulky Items,3216
2020-11,SOUTHWEST,Dead Animal Removal,89
2020-11,SOUTHWEST,Electronic Waste,234
2020-11,SOUTHWEST,Graffiti Removal,746
2020-11,SOUTHWEST,Homeless Encampment,91
2020-11,SOUTHWEST,Illegal Dumping Pickup,870
2020-11,SOUTHWEST,Metal/Household Appliances,564
2020-11,SOUTHWEST,Multiple Streetlight Issue,27
2020-11,SOUTHWEST,Single Streetlight Issue,43
2020-11,TOPANGA,Bulky Items,2968
2020-11,TOPANGA,Dead Animal Removal,131
2020-11,TOPANGA,Electronic Waste,189
2020-11,TOPANGA,Graffiti Removal,390
2020-11,TOPANGA,Homeless Encampment,136
2020-11,TOPANGA,Illegal Dumping Pickup,295
2020-11,TOPANGA,Metal/Household Appliances,673
2020-11,TOPANGA,Multiple Streetlight Issue,153
2020-11,TOPANGA,Single Streetlight Issue,68
2020-11,VAN NUYS,Bulky Items,2832
2020-11,VAN NUYS,Dead Animal Removal,97
2020-11,VAN NUYS,Electronic Waste,147
2020-11,VAN NUYS,Graffiti Removal,735
2020-11,VAN NUYS,Homeless Encampment,123
2020-11,VAN NUYS,Illegal Dumping Pickup,294
2020-11,VAN NUYS,Metal/Household Appliances,422
2020-11,VAN NUYS,Multiple Streetlight Issue,20
2020-11,VAN NUYS,Single Streetlight Issue,15
2020-11,WEST LOS ANGELES,Bulky Items,2573
2020-11,WEST LOS ANGELES,Dead Animal Removal,80
2020-11,WEST LOS ANGELES,Electronic Waste,166
2020-11,WEST LOS ANGELES,Graffiti Removal,374
2020-11,WEST LOS ANGELES,Homeless Encampment,132
2020-11,WEST LOS ANGELES,Illegal Dumping Pickup,195
2020-11,WEST LOS ANGELES,Metal/Household Appliances,503
2020-11,WEST LOS ANGELES,Multiple Streetlight Issue,21
2020-11,WEST LOS ANGELES,Single Streetlight Issue,55
2020-11,WEST VALLEY,Bulky Items,3028
2020-11,WEST VALLEY,Dead Animal Removal,103
2020-11,WEST VALLEY,Electronic Waste,220
2020-11,WEST VALLEY,Graffiti Removal,1063
2020-11,WEST VALLEY,Homeless Encampment,99
2020-11,WEST VALLEY,Illegal Dumping Pickup,527
2020-11,WEST VALLEY,Metal/Household Appliances,586
2020-11,WEST VALLEY,Multiple Streetlight Issue,15
2020-11,WEST VALLEY,Single Streetlight Issue,34
2020-11,WILSHIRE,Bulky Items,2494
2020-11,WILSHIRE,Dead Animal Removal,60
2020-11,WILSHIRE,Electronic Waste,163
2020-11,WILSHIRE,Graffiti Removal,625
2020-11,WILSHIRE,Homeless Encampment,177
2020-11,WILSHIRE,Illegal Dumping Pickup,343
2020-11,WILSHIRE,Metal/Household Appliances,475
2020-11,WILSHIRE,Multiple Streetlight Issue,36
2020-11,WILSHIRE,Single Streetlight Issue,56
2020-12,77TH STREET,Bulky Items,3513
2020-12,77TH STREET,Dead Animal Removal,110
2020-12,77TH STREET,Electronic Waste,248
2020-12,77TH STREET,Graffiti Removal,2682
2020-12,77TH STREET,Homeless Encampment,111
2020-12,77TH STREET,Illegal Dumping Pickup,900
2020-12,77TH STREET,Metal/Household Appliances,577
2020-12,77TH STREET,Multiple Streetlight Issue,30
2020-12,77TH STREET,Single Streetlight Issue,24
2020-12,CENTRAL,Bulky Items,349
2020-12,CENTRAL,Dead Animal Removal,16
2020-12,CENTRAL,Electronic Waste,18
2020-12,CENTRAL,Graffiti Removal,1598
2020-12,CENTRAL,Homeless Encampment,86
2020-12,CENTRAL,Illegal Dumping Pickup,133
2020-12,CENTRAL,Metal/Household Appliances,44
2020-12,CENTRAL,Multiple Streetlight Issue,25
2020-12,CENTRAL,Single Streetlight Issue,139
2020-12,DEVONSHIRE,Bulky Items,3887
2020-12,DEVONSHIRE,Dead Animal Removal,126
2020-12,DEVONSHIRE,Electronic Waste,298
2020-12,DEVONSHIRE,Graffiti Removal,578
2020-12,DEVONSHIRE,Homeless Encampment,169
2020-12,DEVONSHIRE,Illegal Dumping Pickup,331
2020-12,DEVONSHIRE,Metal/Household Appliances,850
2020-12,DEVONSHIRE,Multiple Streetlight Issue,133
2020-12,DEVONSHIRE,Single Streetlight Issue,94
2020-12,FOOTHILL,Bulky Items,3236
2020-12,FOOTHILL,Dead Animal Removal,98
2020-12,FOOTHILL,Electronic Waste,252
2020-12,FOOTHILL,Graffiti Removal,881
2020-12,FOOTHILL,Homeless Encampment,192
2020-12,FOOTHILL,Illegal Dumping Pickup,576
2020-12,FOOTHILL,Metal/Household Appliances,554
2020-12,FOOTHILL,Multiple Streetlight Issue,42
2020-12,FOOTHILL,Single Streetlight Issue,25
2020-12,HARBOR,Bulky Items,2861
2020-12,HARBOR,Dead Animal Removal,102
2020-12,HARBOR,Electronic Waste,247
2020-12,HARBOR,Graffiti Removal,1821
2020-12,HARBOR,Homeless Encampment,101
2020-12,HARBOR,Illegal Dumping Pickup,342
2020-12,HARBOR,Metal/Household Appliances,676
2020-12,HARBOR,Multiple Streetlight Issue,15
2020-12,HARBOR,Single Streetlight Issue,20
2020-12,HOLLENBECK,Bulky Items,2383
2020-12,HOLLENBECK,Dead Animal Removal,74
2020-12,HOLLENBECK,Electronic Waste,158
2020-12,HOLLENBECK,Graffiti Removal,3050
2020-12,HOLLENBECK,Homeless Encampment,111
2020-12,HOLLENBECK,Illegal Dumping Pickup,387
2020-12,HOLLENBECK,Metal/Household Appliances,347
2020-12,HOLLENBECK,Multiple Streetlight Issue,24
2020-12,HOLLENBECK,Single Streetlight Issue,21
2020-12,HOLLYWOOD,Bulky Items,1860
2020-12,HOLLYWOOD,Dead Animal Removal,44
2020-12,HOLLYWOOD,Electronic Waste,117
2020-12,HOLLYWOOD,Graffiti Removal,1093
2020-12,HOLLYWOOD,Homeless Encampment,237
2020-12,HOLLYWOOD,Illegal Dumping Pickup,312
2020-12,HOLLYWOOD,Metal/Household Appliances,303
2020-12,HOLLYWOOD,Multiple Streetlight Issue,17
2020-12,HOLLYWOOD,Single Streetlight Issue,40
2020-12,MISSION,Bulky Items,3772
2020-12,MISSION,Dead Animal Removal,111
2020-12,MISSION,Electronic Waste,298
2020-12,MISSION,Graffiti Removal,1431
2020-12,MISSION,Homeless Encampment,193
2020-12,MISSION,Illegal Dumping Pickup,790
2020-12,MISSION,Metal/Household Appliances,688
2020-12,MISSION,Multiple Streetlight Issue,62
2020-12,MISSION,Single Streetlight Issue,38
2020-12,NEWTON,Bulky Items,1864
2020-12,NEWTON,Dead Animal Removal,75
2020-12,NEWTON,Electronic Waste,118
2020-12,NEWTON,Graffiti Removal,6782
2020-12,NEWTON,Homeless Encampment,139
2020-12,NEWTON,Illegal Dumping Pickup,626
2020-12,NEWTON,Metal/Household Appliances,345
2020-12,NEWTON,Multiple Streetlight Issue,85
2020-12,NEWTON,Single Streetlight Issue,75
2020-12,NORTH HOLLYWOOD,Bulky Items,3491
2020-12,NORTH HOLLYWOOD,Dead Animal Removal,104
2020-12,NORTH HOLLYWOOD,Electronic Waste,221
2020-12,NORTH HOLLYWOOD,Graffiti Removal,1024
2020-12,NORTH HOLLYWOOD,Homeless Encampment,162
2020-12,NORTH HOLLYWOOD,Illegal Dumping Pickup,390
2020-12,NORTH HOLLYWOOD,Metal/Household Appliances,568
2020-12,NORTH HOLLYWOOD,Multiple Streetlight Issue,33
2020-12,NORTH HOLLYWOOD,Single Streetlight Issue,45
2020-12,NORTHEAST,Bulky Items,4047
2020-12,NORTHEAST,Dead Animal Removal,104
2020-12,NORTHEAST,Electronic Waste,295
2020-12,NORTHEAST,Graffiti Removal,2019
2020-12,NORTHEAST,Homeless Encampment,150
2020-12,NORTHEAST,Illegal Dumping Pickup,364
2020-12,NORTHEAST,Metal/Household Appliances,795
2020-12,NORTHEAST,Multiple Streetlight Issue,26
2020-12,NORTHEAST,Single Streetlight Issue,42
2020-12,OLYMPIC,Bulky Items,2361
2020-12,OLYMPIC,Dead Animal Removal,57
2020-12,OLYMPIC,Electronic Waste,124
2020-12,OLYMPIC,Graffiti Removal,1306
2020-12,OLYMPIC,Homeless Encampment,238
2020-12,OLYMPIC,Illegal Dumping Pickup,367
2020-12,OLYMPIC,Metal/Household Appliances,373
2020-12,OLYMPIC,Multiple Streetlight Issue,34
2020-12,OLYMPIC,Single Streetlight Issue,48
2020-12,PACIFIC,Bulky Items,2920
2020-12,PACIFIC,Dead Animal Removal,79
2020-12,PACIFIC,Electronic Waste,173
2020-12,PACIFIC,Graffiti Removal,885
2020-12,PACIFIC,Homeless Encampment,223
2020-12,PACIFIC,Illegal Dumping Pickup,267
2020-12,PACIFIC,Metal/Household Appliances,563
2020-12,PACIFIC,Multiple Streetlight Issue,22
2020-12,PACIFIC,Single Streetlight Issue,21
2020-12,RAMPART,Bulky Items,1930
2020-12,RAMPART,Dead Animal Removal,41
2020-12,RAMPART,Electronic Waste,110
2020-12,RAMPART,Graffiti Removal,2393
2020-12,RAMPART,Homeless Encampment,133
2020-12,RAMPART,Illegal Dumping Pickup,386
2020-12,RAMPART,Metal/Household Appliances,319
2020-12,RAMPART,Multiple Streetlight Issue,10
2020-12,RAMPART,Single Streetlight Issue,31
2020-12,SOUTHEAST,Bulky Items,2127
2020-12,SOUTHEAST,Dead Animal Removal,104
2020-12,SOUTHEAST,Electronic Waste,141
2020-12,SOUTHEAST,Graffiti Removal,1760
2020-12,SOUTHEAST,Homeless Encampment,67
2020-12,SOUTHEAST,Illegal Dumping Pickup,699
2020-12,SOUTHEAST,Metal/Household Appliances,392
2020-12,SOUTHEAST,Multiple Streetlight Issue,18
2020-12,SOUTHEAST,Single Streetlight Issue,22
2020-12,SOUTHWEST,Bulky Items,3063
2020-12,SOUTHWEST,Dead Animal Removal,104
2020-12,SOUTHWEST,Electronic Waste,215
2020-12,SOUTHWEST,Graffiti Removal,777
2020-12,SOUTHWEST,Homeless Encampment,104
2020-12,SOUTHWEST,Illegal Dumping Pickup,702
2020-12,SOUTHWEST,Metal/Household Appliances,513
2020-12,SOUTHWEST,Multiple Streetlight Issue,22
2020-12,SOUTHWEST,Single Streetlight Issue,20
2020-12,TOPANGA,Bulky Items,3041
2020-12,TOPANGA,Dead Animal Removal,132
2020-12,TOPANGA,Electronic Waste,182
2020-12,TOPANGA,Graffiti Removal,251
2020-12,TOPANGA,Homeless Encampment,182
2020-12,TOPANGA,Illegal Dumping Pickup,305
2020-12,TOPANGA,Metal/Household Appliances,693
2020-12,TOPANGA,Multiple Streetlight Issue,96
2020-12,TOPANGA,Single Streetlight Issue,69
2020-12,VAN NUYS,Bulky Items,3041
2020-12,VAN NUYS,Dead Animal Removal,83
2020-12,VAN NUYS,Electronic Waste,176
2020-12,VAN NUYS,Graffiti Removal,613
2020-12,VAN NUYS,Homeless Encampment,161
2020-12,VAN NUYS,Illegal Dumping Pickup,390
2020-12,VAN NUYS,Metal/Household Appliances,394
2020-12,VAN NUYS,Multiple Streetlight Issue,17
2020-12,VAN NUYS,Single Streetlight Issue,30
2020-12,WEST LOS ANGELES,Bulky Items,2677
2020-12,WEST LOS ANGELES,Dead Animal Removal,74
2020-12,WEST LOS ANGELES,Electronic Waste,178
2020-12,WEST LOS ANGELES,Graffiti Removal,355
2020-12,WEST LOS ANGELES,Homeless Encampment,132
2020-12,WEST LOS ANGELES,Illegal Dumping Pickup,202
2020-12,WEST LOS ANGELES,Metal/Household Appliances,582
2020-12,WEST LOS ANGELES,Multiple Streetlight Issue,19
2020-12,WEST LOS ANGELES,Single Streetlight Issue,61
2020-12,WEST VALLEY,Bulky Items,3322
2020-12,WEST VALLEY,Dead Animal Removal,120
2020-12,WEST VALLEY,Electronic Waste,249
2020-12,WEST VALLEY,Graffiti Removal,961
2020-12,WEST VALLEY,Homeless Encampment,136
2020-12,WEST VALLEY,Illegal Dumping Pickup,574
2020-12,WEST VALLEY,Metal/Household Appliances,640
2020-12,WEST VALLEY,Multiple Streetlight Issue,17
2020-12,WEST VALLEY,Single Streetlight Issue,24
2020-12,WILSHIRE,Bulky Items,2634
2020-12,WILSHIRE,Dead Animal Removal,60
2020-12,WILSHIRE,Electronic Waste,207
2020-12,WILSHIRE,Graffiti Removal,778
2020-12,WILSHIRE,Homeless Encampment,250
2020-12,WILSHIRE,Illegal Dumping Pickup,332
2020-12,WILSHIRE,Metal/Household Appliances,468
2020-12,WILSHIRE,Multiple Streetlight Issue,40
2020-12,WILSHIRE,Single Streetlight Issue,45
2021-01,77TH STREET,Bulky Items,3594
2021-01,77TH STREET,Dead Animal Removal,122
2021-01,77TH STREET,Electronic Waste,208
2021-01,77TH STREET,Graffiti Removal,1501
2021-01,77TH STREET,Homeless Encampment,140
2021-01,77TH STREET,Illegal Dumping Pickup,923
2021-01,77TH STREET,Metal/Household Appliances,531
2021-01,77TH STREET,Multiple Streetlight Issue,59
2021-01,77TH STREET,Single Streetlight Issue,54
2021-01,CENTRAL,Bulky Items,436
2021-01,CENTRAL,Dead Animal Removal,12
2021-01,CENTRAL,Electronic Waste,17
2021-01,CENTRAL,Graffiti Removal,1152
2021-01,CENTRAL,Homeless Encampment,135
2021-01,CENTRAL,Illegal Dumping Pickup,155
2021-01,CENTRAL,Metal/Household Appliances,46
2021-01,CENTRAL,Multiple Streetlight Issue,51
2021-01,CENTRAL,Single Streetlight Issue,109
2021-01,DEVONSHIRE,Bulky Items,4126
2021-01,DEVONSHIRE,Dead Animal Removal,207
2021-01,DEVONSHIRE,Electronic Waste,261
2021-01,DEVONSHIRE,Graffiti Removal,686
2021-01,DEVONSHIRE,Homeless Encampment,161
2021-01,DEVONSHIRE,Illegal Dumping Pickup,325
2021-01,DEVONSHIRE,Metal/Household Appliances,852
2021-01,DEVONSHIRE,Multiple Streetlight Issue,64
2021-01,DEVONSHIRE,Single Streetlight Issue,87
2021-01,FOOTHILL,Bulky Items,3463
2021-01,FOOTHILL,Dead Animal Removal,115
2021-01,FOOTHILL,Electronic Waste,229
2021-01,FOOTHILL,Graffiti Removal,964
2021-01,FOOTHILL,Homeless Encampment,231
2021-01,FOOTHILL,Illegal Dumping Pickup,715
2021-01,FOOTHILL,Metal/Household Appliances,634
2021-01,FOOTHILL,Multiple Streetlight Issue,33
2021-01,FOOTHILL,Single Streetlight Issue,41
2021-01,HARBOR,Bulky Items,3105
2021-01,HARBOR,Dead Animal Removal,90
2021-01,HARBOR,Electronic Waste,209
2021-01,HARBOR,Graffiti Removal,1455
2021-01,HARBOR,Homeless Encampment,104
2021-01,HARBOR,Illegal Dumping Pickup,404
2021-01,HARBOR,Metal/Household Appliances,688
2021-01,HARBOR,Multiple Streetlight Issue,18
2021-01,HARBOR,Single Streetlight Issue,36
2021-01,HOLLENBECK,Bulky Items,2841
2021-01,HOLLENBECK,Dead Animal Removal,90
2021-01,HOLLENBECK,Electronic Waste,165
2021-01,HOLLENBECK,Graffiti Removal,2812
2021-01,HOLLENBECK,Homeless Encampment,128
2021-01,HOLLENBECK,Illegal Dumping Pickup,348
2021-01,HOLLENBECK,Metal/Household Appliances,389
2021-01,HOLLENBECK,Multiple Streetlight Issue,21
2021-01,HOLLENBECK,Single Streetlight Issue,32
2021-01,HOLLYWOOD,Bulky Items,2316
2021-01,HOLLYWOOD,Dead Animal Removal,26
2021-01,HOLLYWOOD,Electronic Waste,93
2021-01,HOLLYWOOD,Graffiti Removal,970
2021-01,HOLLYWOOD,Homeless Encampment,194
2021-01,HOLLYWOOD,Illegal Dumping Pickup,333
2021-01,HOLLYWOOD,Metal/Household Appliances,305
2021-01,HOLLYWOOD,Multiple Streetlight Issue,24
2021-01,HOLLYWOOD,Single Streetlight Issue,47
2021-01,MISSION,Bulky Items,4117
2021-01,MISSION,Dead Animal Removal,131
2021-01,MISSION,Electronic Waste,304
2021-01,MISSION,Graffiti Removal,1574
2021-01,MISSION,Homeless Encampment,234
2021-01,MISSION,Illegal Dumping Pickup,790
2021-01,MISSION,Metal/Household Appliances,687
2021-01,MISSION,Multiple Streetlight Issue,36
2021-01,MISSION,Single Streetlight Issue,45
2021-01,NEWTON,Bulky Items,1925
2021-01,NEWTON,Dead Animal Removal,85
2021-01,NEWTON,Electronic Waste,97
2021-01,NEWTON,Graffiti Removal,3738
2021-01,NEWTON,Homeless Encampment,209
2021-01,NEWTON,Illegal Dumping Pickup,676
2021-01,NEWTON,Metal/Household Appliances,295
2021-01,NEWTON,Multiple Streetlight Issue,92
2021-01,NEWTON,Single Streetlight Issue,71
2021-01,NORTH HOLLYWOOD,Bulky Items,4079
2021-01,NORTH HOLLYWOOD,Dead Animal Removal,97
2021-01,NORTH HOLLYWOOD,Electronic Waste,217
2021-01,NORTH HOLLYWOOD,Graffiti Removal,1153
2021-01,NORTH HOLLYWOOD,Homeless Encampment,232
2021-01,NORTH HOLLYWOOD,Illegal Dumping Pickup,420
2021-01,NORTH HOLLYWOOD,Metal/Household Appliances,563
2021-01,NORTH HOLLYWOOD,Multiple Streetlight Issue,73
2021-01,NORTH HOLLYWOOD,Single Streetlight Issue,58
2021-01,NORTHEAST,Bulky Items,4919
2021-01,NORTHEAST,Dead Animal Removal,166
2021-01,NORTHEAST,Electronic Waste,317
2021-01,NORTHEAST,Graffiti Removal,2052
2021-01,NORTHEAST,Homeless Encampment,142
2021-01,NORTHEAST,Illegal Dumping Pickup,374
2021-01,NORTHEAST,Metal/Household Appliances,863
2021-01,NORTHEAST,Multiple Streetlight Issue,29
2021-01,NORTHEAST,Single Streetlight Issue,49
2021-01,OLYMPIC,Bulky Items,2525
2021-01,OLYMPIC,Dead Animal Removal,35
2021-01,OLYMPIC,Electronic Waste,133
2021-01,OLYMPIC,Graffiti Removal,1154
2021-01,OLYMPIC,Homeless Encampment,231
2021-01,OLYMPIC,Illegal Dumping Pickup,354
2021-01,OLYMPIC,Metal/Household Appliances,343
2021-01,OLYMPIC,Multiple Streetlight Issue,21
2021-01,OLYMPIC,Single Streetlight Issue,38
2021-01,PACIFIC,Bulky Items,3671
2021-01,PACIFIC,Dead Animal Removal,75
2021-01,PACIFIC,Electronic Waste,171
2021-01,PACIFIC,Graffiti Removal,706
2021-01,PACIFIC,Homeless Encampment,306
2021-01,PACIFIC,Illegal Dumping Pickup,268
2021-01,PACIFIC,Metal/Household Appliances,580
2021-01,PACIFIC,Multiple Streetlight Issue,11
2021-01,PACIFIC,Single Streetlight Issue,52
2021-01,RAMPART,Bulky Items,2143
2021-01,RAMPART,Dead Animal Removal,54
2021-01,RAMPART,Electronic Waste,113
2021-01,RAMPART,Graffiti Removal,2092
2021-01,RAMPART,Homeless Encampment,151
2021-01,RAMPART,Illegal Dumping Pickup,412
2021-01,RAMPART,Metal/Household Appliances,340
2021-01,RAMPART,Multiple Streetlight Issue,16
2021-01,RAMPART,Single Streetlight Issue,30
2021-01,SOUTHEAST,Bulky Items,2408
2021-01,SOUTHEAST,Dead Animal Removal,88
2021-01,SOUTHEAST,Electronic Waste,143
2021-01,SOUTHEAST,Graffiti Removal,1273
2021-01,SOUTHEAST,Homeless Encampment,86
2021-01,SOUTHEAST,Illegal Dumping Pickup,770
2021-01,SOUTHEAST,Metal/Household Appliances,385
2021-01,SOUTHEAST,Multiple Streetlight Issue,17
2021-01,SOUTHEAST,Single Streetlight Issue,26
2021-01,SOUTHWEST,Bulky Items,3693
2021-01,SOUTHWEST,Dead Animal Removal,69
2021-01,SOUTHWEST,Electronic Waste,246
2021-01,SOUTHWEST,Graffiti Removal,876
2021-01,SOUTHWEST,Homeless Encampment,97
2021-01,SOUTHWEST,Illegal Dumping Pickup,843
2021-01,SOUTHWEST,Metal/Household Appliances,550
2021-01,SOUTHWEST,Multiple Streetlight Issue,28
2021-01,SOUTHWEST,Single Streetlight Issue,43
2021-01,TOPANGA,Bulky Items,3201
2021-01,TOPANGA,Dead Animal Removal,110
2021-01,TOPANGA,Electronic Waste,224
2021-01,TOPANGA,Graffiti Removal,388
2021-01,TOPANGA,Homeless Encampment,168
2021-01,TOPANGA,Illegal Dumping Pickup,309
2021-01,TOPANGA,Metal/Household Appliances,672
2021-01,TOPANGA,Multiple Streetlight Issue,63
2021-01,TOPANGA,Single Streetlight Issue,59
2021-01,VAN NUYS,Bulky Items,3371
2021-01,VAN NUYS,Dead Animal Removal,94
2021-01,VAN NUYS,Electronic Waste,149
2021-01,VAN NUYS,Graffiti Removal,821
2021-01,VAN NUYS,Homeless Encampment,148
2021-01,VAN NUYS,Illegal Dumping Pickup,307
2021-01,VAN NUYS,Metal/Household Appliances,394
2021-01,VAN NUYS,Multiple Streetlight Issue,17
2021-01,VAN NUYS,Single Streetlight Issue,28
2021-01,WEST LOS ANGELES,Bulky Items,3199
2021-01,WEST LOS ANGELES,Dead Animal Removal,61
2021-01,WEST LOS ANGELES,Electronic Waste,171
2021-01,WEST LOS ANGELES,Graffiti Removal,431
2021-01,WEST LOS ANGELES,Homeless Encampment,150
2021-01,WEST LOS ANGELES,Illegal Dumping Pickup,238
2021-01,WEST LOS ANGELES,Metal/Household Appliances,529
2021-01,WEST LOS ANGELES,Multiple Streetlight Issue,17
2021-01,WEST LOS ANGELES,Single Streetlight Issue,63
2021-01,WEST VALLEY,Bulky Items,3567
2021-01,WEST VALLEY,Dead Animal Removal,121
2021-01,WEST VALLEY,Electronic Waste,201
2021-01,WEST VALLEY,Graffiti Removal,937
2021-01,WEST VALLEY,Homeless Encampment,136
2021-01,WEST VALLEY,Illegal Dumping Pickup,583
2021-01,WEST VALLEY,Metal/Household Appliances,578
2021-01,WEST VALLEY,Multiple Streetlight Issue,13
2021-01,WEST VALLEY,Single Streetlight Issue,32
2021-01,WILSHIRE,Bulky Items,2993
2021-01,WILSHIRE,Dead Animal Removal,67
2021-01,WILSHIRE,Electronic Waste,190
2021-01,WILSHIRE,Graffiti Removal,799
2021-01,WILSHIRE,Homeless Encampment,267
2021-01,WILSHIRE,Illegal Dumping Pickup,382
2021-01,WILSHIRE,Metal/Household Appliances,390
2021-01,WILSHIRE,Multiple Streetlight Issue,37
2021-01,WILSHIRE,Single Streetlight Issue,50
2021-02,77TH STREET,Bulky Items,3357
2021-02,77TH STREET,Dead Animal Removal,96
2021-02,77TH STREET,Electronic Waste,187
2021-02,77TH STREET,Graffiti Removal,2816
2021-02,77TH STREET,Homeless Encampment,135
2021-02,77TH STREET,Illegal Dumping Pickup,948
2021-02,77TH STREET,Metal/Household Appliances,502
2021-02,77TH STREET,Multiple Streetlight Issue,82
2021-02,77TH STREET,Single Streetlight Issue,78
2021-02,CENTRAL,Bulky Items,294
2021-02,CENTRAL,Dead Animal Removal,7
2021-02,CENTRAL,Electronic Waste,17
2021-02,CENTRAL,Graffiti Removal,1097
2021-02,CENTRAL,Homeless Encampment,156
2021-02,CENTRAL,Illegal Dumping Pickup,140
2021-02,CENTRAL,Metal/Household Appliances,47
2021-02,CENTRAL,Multiple Streetlight Issue,46
2021-02,CENTRAL,Single Streetlight Issue,173
2021-02,DEVONSHIRE,Bulky Items,3417
2021-02,DEVONSHIRE,Dead Animal Removal,139
2021-02,DEVONSHIRE,Electronic Waste,251
2021-02,DEVONSHIRE,Graffiti Removal,732
2021-02,DEVONSHIRE,Homeless Encampment,167
2021-02,DEVONSHIRE,Illegal Dumping Pickup,310
2021-02,DEVONSHIRE,Metal/Household Appliances,753
2021-02,DEVONSHIRE,Multiple Streetlight Issue,74
2021-02,DEVONSHIRE,Single Streetlight Issue,107
2021-02,FOOTHILL,Bulky Items,3097
2021-02,FOOTHILL,Dead Animal Removal,118
2021-02,FOOTHILL,Electronic Waste,200
2021-02,FOOTHILL,Graffiti Removal,1100
2021-02,FOOTHILL,Homeless Encampment,177
2021-02,FOOTHILL,Illegal Dumping Pickup,747
2021-02,FOOTHILL,Metal/Household Appliances,557
2021-02,FOOTHILL,Multiple Streetlight Issue,24
2021-02,FOOTHILL,Single Streetlight Issue,40
2021-02,HARBOR,Bulky Items,2665
2021-02,HARBOR,Dead Animal Removal,83
2021-02,HARBOR,Electronic Waste,188
2021-02,HARBOR,Graffiti Removal,1507
2021-02,HARBOR,Homeless Encampment,88
2021-02,HARBOR,Illegal Dumping Pickup,293
2021-02,HARBOR,Metal/Household Appliances,639
2021-02,HARBOR,Multiple Streetlight Issue,18
2021-02,HARBOR,Single Streetlight Issue,29
2021-02,HOLLENBECK,Bulky Items,2481
2021-02,HOLLENBECK,Dead Animal Removal,82
2021-02,HOLLENBECK,Electronic Waste,153
2021-02,HOLLENBECK,Graffiti Removal,2331
2021-02,HOLLENBECK,Homeless Encampment,106
2021-02,HOLLENBECK,Illegal Dumping Pickup,359
2021-02,HOLLENBECK,Metal/Household Appliances,394
2021-02,HOLLENBECK,Multiple Streetlight Issue,36
2021-02,HOLLENBECK,Single Streetlight Issue,49
2021-02,HOLLYWOOD,Bulky Items,1901
2021-02,HOLLYWOOD,Dead Animal Removal,28
2021-02,HOLLYWOOD,Electronic Waste,89
2021-02,HOLLYWOOD,Graffiti Removal,750
2021-02,HOLLYWOOD,Homeless Encampment,186
2021-02,HOLLYWOOD,Illegal Dumping Pickup,224
2021-02,HOLLYWOOD,Metal/Household Appliances,271
2021-02,HOLLYWOOD,Multiple Streetlight Issue,43
2021-02,HOLLYWOOD,Single Streetlight Issue,76
2021-02,MISSION,Bulky Items,3531
2021-02,MISSION,Dead Animal Removal,98
2021-02,MISSION,Electronic Waste,282
2021-02,MISSION,Graffiti Removal,1566
2021-02,MISSION,Homeless Encampment,173
2021-02,MISSION,Illegal Dumping Pickup,530
2021-02,MISSION,Metal/Household Appliances,691
2021-02,MISSION,Multiple Streetlight Issue,46
2021-02,MISSION,Single Streetlight Issue,45
2021-02,NEWTON,Bulky Items,2035
2021-02,NEWTON,Dead Animal Removal,74
2021-02,NEWTON,Electronic Waste,101
2021-02,NEWTON,Graffiti Removal,5977
2021-02,NEWTON,Homeless Encampment,207
2021-02,NEWTON,Illegal Dumping Pickup,572
2021-02,NEWTON,Metal/Household Appliances,288
2021-02,NEWTON,Multiple Streetlight Issue,115
2021-02,NEWTON,Single Streetlight Issue,91
2021-02,NORTH HOLLYWOOD,Bulky Items,3201
2021-02,NORTH HOLLYWOOD,Dead Animal Removal,88
2021-02,NORTH HOLLYWOOD,Electronic Waste,163
2021-02,NORTH HOLLYWOOD,Graffiti Removal,1363
2021-02,NORTH HOLLYWOOD,Homeless Encampment,230
2021-02,NORTH HOLLYWOOD,Illegal Dumping Pickup,384
2021-02,NORTH HOLLYWOOD,Metal/Household Appliances,554
2021-02,NORTH HOLLYWOOD,Multiple Streetlight Issue,42
2021-02,NORTH HOLLYWOOD,Single Streetlight Issue,36
2021-02,NORTHEAST,Bulky Items,3885
2021-02,NORTHEAST,Dead Animal Removal,124
2021-02,NORTHEAST,Electronic Waste,264
2021-02,NORTHEAST,Graffiti Removal,1556
2021-02,NORTHEAST,Homeless Encampment,172
2021-02,NORTHEAST,Illegal Dumping Pickup,322
2021-02,NORTHEAST,Metal/Household Appliances,747
2021-02,NORTHEAST,Multiple Streetlight Issue,19
2021-02,NORTHEAST,Single Streetlight Issue,28
2021-02,OLYMPIC,Bulky Items,2184
2021-02,OLYMPIC,Dead Animal Removal,40
2021-02,OLYMPIC,Electronic Waste,78
2021-02,OLYMPIC,Graffiti Removal,1146
2021-02,OLYMPIC,Homeless Encampment,289
2021-02,OLYMPIC,Illegal Dumping Pickup,326
2021-02,OLYMPIC,Metal/Household Appliances,314
2021-02,OLYMPIC,Multiple Streetlight Issue,40
2021-02,OLYMPIC,Single Streetlight Issue,33
2021-02,PACIFIC,Bulky Items,2657
2021-02,PACIFIC,Dead Animal Removal,68
2021-02,PACIFIC,Electronic Waste,151
2021-02,PACIFIC,Graffiti Removal,887
2021-02,PACIFIC,Homeless Encampment,276
2021-02,PACIFIC,Illegal Dumping Pickup,240
2021-02,PACIFIC,Metal/Household Appliances,532
2021-02,PACIFIC,Multiple Streetlight Issue,15
2021-02,PACIFIC,Single Streetlight Issue,46
2021-02,RAMPART,Bulky Items,1803
2021-02,RAMPART,Dead Animal Removal,36
2021-02,RAMPART,Electronic Waste,98
2021-02,RAMPART,Graffiti Removal,2006
2021-02,RAMPART,Homeless Encampment,163
2021-02,RAMPART,Illegal Dumping Pickup,340
2021-02,RAMPART,Metal/Household Appliances,279
2021-02,RAMPART,Multiple Streetlight Issue,19
2021-02,RAMPART,Single Streetlight Issue,25
2021-02,SOUTHEAST,Bulky Items,2014
2021-02,SOUTHEAST,Dead Animal Removal,93
2021-02,SOUTHEAST,Electronic Waste,133
2021-02,SOUTHEAST,Graffiti Removal,1365
2021-02,SOUTHEAST,Homeless Encampment,59
2021-02,SOUTHEAST,Illegal Dumping Pickup,604
2021-02,SOUTHEAST,Metal/Household Appliances,382
2021-02,SOUTHEAST,Multiple Streetlight Issue,20
2021-02,SOUTHEAST,Single Streetlight Issue,41
2021-02,SOUTHWEST,Bulky Items,3079
2021-02,SOUTHWEST,Dead Animal Removal,78
2021-02,SOUTHWEST,Electronic Waste,207
2021-02,SOUTHWEST,Graffiti Removal,1161
2021-02,SOUTHWEST,Homeless Encampment,95
2021-02,SOUTHWEST,Illegal Dumping Pickup,748
2021-02,SOUTHWEST,Metal/Household Appliances,465
2021-02,SOUTHWEST,Multiple Streetlight Issue,39
2021-02,SOUTHWEST,Single Streetlight Issue,28
2021-02,TOPANGA,Bulky Items,2970
2021-02,TOPANGA,Dead Animal Removal,101
2021-02,TOPANGA,Electronic Waste,190
2021-02,TOPANGA,Graffiti Removal,438
2021-02,TOPANGA,Homeless Encampment,159
2021-02,TOPANGA,Illegal Dumping Pickup,255
2021-02,TOPANGA,Metal/Household Appliances,629
2021-02,TOPANGA,Multiple Streetlight Issue,36
2021-02,TOPANGA,Single Streetlight Issue,54
2021-02,VAN NUYS,Bulky Items,2651
2021-02,VAN NUYS,Dead Animal Removal,66
2021-02,VAN NUYS,Electronic Waste,147
2021-02,VAN NUYS,Graffiti Removal,727
2021-02,VAN NUYS,Homeless Encampment,166
2021-02,VAN NUYS,Illegal Dumping Pickup,354
2021-02,VAN NUYS,Metal/Household Appliances,346
2021-02,VAN NUYS,Multiple Streetlight Issue,26
2021-02,VAN NUYS,Single Streetlight Issue,23
2021-02,WEST LOS ANGELES,Bulky Items,2304
2021-02,WEST LOS ANGELES,Dead Animal Removal,56
2021-02,WEST LOS ANGELES,Electronic Waste,156
2021-02,WEST LOS ANGELES,Graffiti Removal,456
2021-02,WEST LOS ANGELES,Homeless Encampment,189
2021-02,WEST LOS ANGELES,Illegal Dumping Pickup,192
2021-02,WEST LOS ANGELES,Metal/Household Appliances,494
2021-02,WEST LOS ANGELES,Multiple Streetlight Issue,25
2021-02,WEST LOS ANGELES,Single Streetlight Issue,56
2021-02,WEST VALLEY,Bulky Items,2943
2021-02,WEST VALLEY,Dead Animal Removal,120
2021-02,WEST VALLEY,Electronic Waste,171
2021-02,WEST VALLEY,Graffiti Removal,959
2021-02,WEST VALLEY,Homeless Encampment,142
2021-02,WEST VALLEY,Illegal Dumping Pickup,501
2021-02,WEST VALLEY,Metal/Household Appliances,556
2021-02,WEST VALLEY,Multiple Streetlight Issue,18
2021-02,WEST VALLEY,Single Streetlight Issue,43
2021-02,WILSHIRE,Bulky Items,2477
2021-02,WILSHIRE,Dead Animal Removal,42
2021-02,WILSHIRE,Electronic Waste,150
2021-02,WILSHIRE,Graffiti Removal,723
2021-02,WILSHIRE,Homeless Encampment,273
2021-02,WILSHIRE,Illegal Dumping Pickup,301
2021-02,WILSHIRE,Metal/Household Appliances,433
2021-02,WILSHIRE,Multiple Streetlight Issue,22
2021-02,WILSHIRE,Single Streetlight Issue,38
2021-03,77TH STREET,Bulky Items,3991
2021-03,77TH STREET,Dead Animal Removal,104
2021-03,77TH STREET,Electronic Waste,232
2021-03,77TH STREET,Graffiti Removal,3199
2021-03,77TH STREET,Homeless Encampment,106
2021-03,77TH STREET,Illegal Dumping Pickup,923
2021-03,77TH STREET,Metal/Household Appliances,672
2021-03,77TH STREET,Multiple Streetlight Issue,57
2021-03,77TH STREET,Single Streetlight Issue,52
2021-03,CENTRAL,Bulky Items,340
2021-03,CENTRAL,Dead Animal Removal,12
2021-03,CENTRAL,Electronic Waste,15
2021-03,CENTRAL,Graffiti Removal,1305
2021-03,CENTRAL,Homeless Encampment,130
2021-03,CENTRAL,Illegal Dumping Pickup,148
2021-03,CENTRAL,Metal/Household Appliances,47
2021-03,CENTRAL,Multiple Streetlight Issue,50
2021-03,CENTRAL,Single Streetlight Issue,123
2021-03,DEVONSHIRE,Bulky Items,3860
2021-03,DEVONSHIRE,Dead Animal Removal,152
2021-03,DEVONSHIRE,Electronic Waste,247
2021-03,DEVONSHIRE,Graffiti Removal,833
2021-03,DEVONSHIRE,Homeless Encampment,199
2021-03,DEVONSHIRE,Illegal Dumping Pickup,398
2021-03,DEVONSHIRE,Metal/Household Appliances,905
2021-03,DEVONSHIRE,Multiple Streetlight Issue,33
2021-03,DEVONSHIRE,Single Streetlight Issue,83
2021-03,FOOTHILL,Bulky Items,3362
2021-03,FOOTHILL,Dead Animal Removal,109
2021-03,FOOTHILL,Electronic Waste,224
2021-03,FOOTHILL,Graffiti Removal,1242
2021-03,FOOTHILL,Homeless Encampment,198
2021-03,FOOTHILL,Illegal Dumping Pickup,754
2021-03,FOOTHILL,Metal/Household Appliances,585
2021-03,FOOTHILL,Multiple Streetlight Issue,30
2021-03,FOOTHILL,Single Streetlight Issue,36
2021-03,HARBOR,Bulky Items,3311
2021-03,HARBOR,Dead Animal Removal,91
2021-03,HARBOR,Electronic Waste,220
2021-03,HARBOR,Graffiti Removal,1641
2021-03,HARBOR,Homeless Encampment,97
2021-03,HARBOR,Illegal Dumping Pickup,367
2021-03,HARBOR,Metal/Household Appliances,782
2021-03,HARBOR,Multiple Streetlight Issue,21
2021-03,HARBOR,Single Streetlight Issue,29
2021-03,HOLLENBECK,Bulky Items,2594
2021-03,HOLLENBECK,Dead Animal Removal,84
2021-03,HOLLENBECK,Electronic Waste,145
2021-03,HOLLENBECK,Graffiti Removal,2819
2021-03,HOLLENBECK,Homeless Encampment,113
2021-03,HOLLENBECK,Illegal Dumping Pickup,414
2021-03,HOLLENBECK,Metal/Household Appliances,385
2021-03,HOLLENBECK,Multiple Streetlight Issue,54
2021-03,HOLLENBECK,Single Streetlight Issue,64
2021-03,HOLLYWOOD,Bulky Items,2106
2021-03,HOLLYWOOD,Dead Animal Removal,24
2021-03,HOLLYWOOD,Electronic Waste,92
2021-03,HOLLYWOOD,Graffiti Removal,1119
2021-03,HOLLYWOOD,Homeless Encampment,216
2021-03,HOLLYWOOD,Illegal Dumping Pickup,265
2021-03,HOLLYWOOD,Metal/Household Appliances,373
2021-03,HOLLYWOOD,Multiple Streetlight Issue,28
2021-03,HOLLYWOOD,Single Streetlight Issue,47
2021-03,MISSION,Bulky Items,4123
2021-03,MISSION,Dead Animal Removal,122
2021-03,MISSION,Electronic Waste,295
2021-03,MISSION,Graffiti Removal,1817
2021-03,MISSION,Homeless Encampment,243
2021-03,MISSION,Illegal Dumping Pickup,584
2021-03,MISSION,Metal/Household Appliances,765
2021-03,MISSION,Multiple Streetlight Issue,34
2021-03,MISSION,Single Streetlight Issue,66
2021-03,NEWTON,Bulky Items,2313
2021-03,NEWTON,Dead Animal Removal,64
2021-03,NEWTON,Electronic Waste,143
2021-03,NEWTON,Graffiti Removal,8322
2021-03,NEWTON,Homeless Encampment,189
2021-03,NEWTON,Illegal Dumping Pickup,736
2021-03,NEWTON,Metal/Household Appliances,368
2021-03,NEWTON,Multiple Streetlight Issue,83
2021-03,NEWTON,Single Streetlight Issue,71
2021-03,NORTH HOLLYWOOD,Bulky Items,3800
2021-03,NORTH HOLLYWOOD,Dead Animal Removal,81
2021-03,NORTH HOLLYWOOD,Electronic Waste,226
2021-03,NORTH HOLLYWOOD,Graffiti Removal,1355
2021-03,NORTH HOLLYWOOD,Homeless Encampment,268
2021-03,NORTH HOLLYWOOD,Illegal Dumping Pickup,448
2021-03,NORTH HOLLYWOOD,Metal/Household Appliances,613
2021-03,NORTH HOLLYWOOD,Multiple Streetlight Issue,32
2021-03,NORTH HOLLYWOOD,Single Streetlight Issue,30
2021-03,NORTHEAST,Bulky Items,4461
2021-03,NORTHEAST,Dead Animal Removal,98
2021-03,NORTHEAST,Electronic Waste,303
2021-03,NORTHEAST,Graffiti Removal,1843
2021-03,NORTHEAST,Homeless Encampment,144
2021-03,NORTHEAST,Illegal Dumping Pickup,344
2021-03,NORTHEAST,Metal/Household Appliances,905
2021-03,NORTHEAST,Multiple Streetlight Issue,28
2021-03,NORTHEAST,Single Streetlight Issue,42
2021-03,OLYMPIC,Bulky Items,2380
2021-03,OLYMPIC,Dead Animal Removal,42
2021-03,OLYMPIC,Electronic Waste,87
2021-03,OLYMPIC,Graffiti Removal,1453
2021-03,OLYMPIC,Homeless Encampment,262
2021-03,OLYMPIC,Illegal Dumping Pickup,374
2021-03,OLYMPIC,Metal/Household Appliances,344
2021-03,OLYMPIC,Multiple Streetlight Issue,28
2021-03,OLYMPIC,Single Streetlight Issue,40
2021-03,PACIFIC,Bulky Items,2879
2021-03,PACIFIC,Dead Animal Removal,81
2021-03,PACIFIC,Electronic Waste,174
2021-03,PACIFIC,Graffiti Removal,844
2021-03,PACIFIC,Homeless Encampment,330
2021-03,PACIFIC,Illegal Dumping Pickup,287
2021-03,PACIFIC,Metal/Household Appliances,619
2021-03,PACIFIC,Multiple Streetlight Issue,8
2021-03,PACIFIC,Single Streetlight Issue,26
2021-03,RAMPART,Bulky Items,1948
2021-03,RAMPART,Dead Animal Removal,30
2021-03,RAMPART,Electronic Waste,106
2021-03,RAMPART,Graffiti Removal,2165
2021-03,RAMPART,Homeless Encampment,163
2021-03,RAMPART,Illegal Dumping Pickup,381
2021-03,RAMPART,Metal/Household Appliances,342
2021-03,RAMPART,Multiple Streetlight Issue,23
2021-03,RAMPART,Single Streetlight Issue,40
2021-03,SOUTHEAST,Bulky Items,2317
2021-03,SOUTHEAST,Dead Animal Removal,91
2021-03,SOUTHEAST,Electronic Waste,133
2021-03,SOUTHEAST,Graffiti Removal,1936
2021-03,SOUTHEAST,Homeless Encampment,84
2021-03,SOUTHEAST,Illegal Dumping Pickup,674
2021-03,SOUTHEAST,Metal/Household Appliances,385
2021-03,SOUTHEAST,Multiple Streetlight Issue,31
2021-03,SOUTHEAST,Single Streetlight Issue,42
2021-03,SOUTHWEST,Bulky Items,3318
2021-03,SOUTHWEST,Dead Animal Removal,93
2021-03,SOUTHWEST,Electronic Waste,208
2021-03,SOUTHWEST,Graffiti Removal,1085
2021-03,SOUTHWEST,Homeless Encampment,97
2021-03,SOUTHWEST,Illegal Dumping Pickup,763
2021-03,SOUTHWEST,Metal/Household Appliances,547
2021-03,SOUTHWEST,Multiple Streetlight Issue,27
2021-03,SOUTHWEST,Single Streetlight Issue,24
2021-03,TOPANGA,Bulky Items,3038
2021-03,TOPANGA,Dead Animal Removal,132
2021-03,TOPANGA,Electronic Waste,202
2021-03,TOPANGA,Graffiti Removal,391
2021-03,TOPANGA,Homeless Encampment,171
2021-03,TOPANGA,Illegal Dumping Pickup,273
2021-03,TOPANGA,Metal/Household Appliances,727
2021-03,TOPANGA,Multiple Streetlight Issue,39
2021-03,TOPANGA,Single Streetlight Issue,58
2021-03,VAN NUYS,Bulky Items,3115
2021-03,VAN NUYS,Dead Animal Removal,73
2021-03,VAN NUYS,Electronic Waste,174
2021-03,VAN NUYS,Graffiti Removal,822
2021-03,VAN NUYS,Homeless Encampment,181
2021-03,VAN NUYS,Illegal Dumping Pickup,374
2021-03,VAN NUYS,Metal/Household Appliances,448
2021-03,VAN NUYS,Multiple Streetlight Issue,13
2021-03,VAN NUYS,Single Streetlight Issue,6
2021-03,WEST LOS ANGELES,Bulky Items,2735
2021-03,WEST LOS ANGELES,Dead Animal Removal,65
2021-03,WEST LOS ANGELES,Electronic Waste,166
2021-03,WEST LOS ANGELES,Graffiti Removal,387
2021-03,WEST LOS ANGELES,Homeless Encampment,187
2021-03,WEST LOS ANGELES,Illegal Dumping Pickup,242
2021-03,WEST LOS ANGELES,Metal/Household Appliances,628
2021-03,WEST LOS ANGELES,Multiple Streetlight Issue,19
2021-03,WEST LOS ANGELES,Single Streetlight Issue,72
2021-03,WEST VALLEY,Bulky Items,3467
2021-03,WEST VALLEY,Dead Animal Removal,106
2021-03,WEST VALLEY,Electronic Waste,233
2021-03,WEST VALLEY,Graffiti Removal,1165
2021-03,WEST VALLEY,Homeless Encampment,140
2021-03,WEST VALLEY,Illegal Dumping Pickup,628
2021-03,WEST VALLEY,Metal/Household Appliances,635
2021-03,WEST VALLEY,Multiple Streetlight Issue,26
2021-03,WEST VALLEY,Single Streetlight Issue,33
2021-03,WILSHIRE,Bulky Items,2612
2021-03,WILSHIRE,Dead Animal Removal,58
2021-03,WILSHIRE,Electronic Waste,158
2021-03,WILSHIRE,Graffiti Removal,759
2021-03,WILSHIRE,Homeless Encampment,241
2021-03,WILSHIRE,Illegal Dumping Pickup,311
2021-03,WILSHIRE,Metal/Household Appliances,493
2021-03,WILSHIRE,Multiple Streetlight Issue,32
2021-03,WILSHIRE,Single Streetlight Issue,30
2021-04,77TH STREET,Bulky Items,3807
2021-04,77TH STREET,Dead Animal Removal,155
2021-04,77TH STREET,Electronic Waste,220
2021-04,77TH STREET,Graffiti Removal,2355
2021-04,77TH STREET,Homeless Encampment,121
2021-04,77TH STREET,Illegal Dumping Pickup,996
2021-04,77TH STREET,Metal/Household Appliances,600
2021-04,77TH STREET,Multiple Streetlight Issue,97
2021-04,77TH STREET,Single Streetlight Issue,60
2021-04,CENTRAL,Bulky Items,323
2021-04,CENTRAL,Dead Animal Removal,19
2021-04,CENTRAL,Electronic Waste,18
2021-04,CENTRAL,Graffiti Removal,1054
2021-04,CENTRAL,Homeless Encampment,105
2021-04,CENTRAL,Illegal Dumping Pickup,179
2021-04,CENTRAL,Metal/Household Appliances,55
2021-04,CENTRAL,Multiple Streetlight Issue,38
2021-04,CENTRAL,Single Streetlight Issue,46
2021-04,DEVONSHIRE,Bulky Items,3830
2021-04,DEVONSHIRE,Dead Animal Removal,216
2021-04,DEVONSHIRE,Electronic Waste,242
2021-04,DEVONSHIRE,Graffiti Removal,715
2021-04,DEVONSHIRE,Homeless Encampment,221
2021-04,DEVONSHIRE,Illegal Dumping Pickup,330
2021-04,DEVONSHIRE,Metal/Household Appliances,958
2021-04,DEVONSHIRE,Multiple Streetlight Issue,45
2021-04,DEVONSHIRE,Single Streetlight Issue,113
2021-04,FOOTHILL,Bulky Items,3227
2021-04,FOOTHILL,Dead Animal Removal,115
2021-04,FOOTHILL,Electronic Waste,222
2021-04,FOOTHILL,Graffiti Removal,576
2021-04,FOOTHILL,Homeless Encampment,211
2021-04,FOOTHILL,Illegal Dumping Pickup,888
2021-04,FOOTHILL,Metal/Household Appliances,678
2021-04,FOOTHILL,Multiple Streetlight Issue,32
2021-04,FOOTHILL,Single Streetlight Issue,35
2021-04,HARBOR,Bulky Items,2936
2021-04,HARBOR,Dead Animal Removal,113
2021-04,HARBOR,Electronic Waste,182
2021-04,HARBOR,Graffiti Removal,1521
2021-04,HARBOR,Homeless Encampment,72
2021-04,HARBOR,Illegal Dumping Pickup,371
2021-04,HARBOR,Metal/Household Appliances,758
2021-04,HARBOR,Multiple Streetlight Issue,11
2021-04,HARBOR,Single Streetlight Issue,15
2021-04,HOLLENBECK,Bulky Items,2652
2021-04,HOLLENBECK,Dead Animal Removal,104
2021-04,HOLLENBECK,Electronic Waste,159
2021-04,HOLLENBECK,Graffiti Removal,2272
2021-04,HOLLENBECK,Homeless Encampment,140
2021-04,HOLLENBECK,Illegal Dumping Pickup,447
2021-04,HOLLENBECK,Metal/Household Appliances,411
2021-04,HOLLENBECK,Multiple Streetlight Issue,37
2021-04,HOLLENBECK,Single Streetlight Issue,39
2021-04,HOLLYWOOD,Bulky Items,1892
2021-04,HOLLYWOOD,Dead Animal Removal,50
2021-04,HOLLYWOOD,Electronic Waste,94
2021-04,HOLLYWOOD,Graffiti Removal,965
2021-04,HOLLYWOOD,Homeless Encampment,244
2021-04,HOLLYWOOD,Illegal Dumping Pickup,286
2021-04,HOLLYWOOD,Metal/Household Appliances,351
2021-04,HOLLYWOOD,Multiple Streetlight Issue,8
2021-04,HOLLYWOOD,Single Streetlight Issue,54
2021-04,MISSION,Bulky Items,4140
2021-04,MISSION,Dead Animal Removal,167
2021-04,MISSION,Electronic Waste,286
2021-04,MISSION,Graffiti Removal,1083
2021-04,MISSION,Homeless Encampment,195
2021-04,MISSION,Illegal Dumping Pickup,742
2021-04,MISSION,Metal/Household Appliances,842
2021-04,MISSION,Multiple Streetlight Issue,36
2021-04,MISSION,Single Streetlight Issue,54
2021-04,NEWTON,Bulky Items,2097
2021-04,NEWTON,Dead Animal Removal,90
2021-04,NEWTON,Electronic Waste,110
2021-04,NEWTON,Graffiti Removal,7088
2021-04,NEWTON,Homeless Encampment,253
2021-04,NEWTON,Illegal Dumping Pickup,668
2021-04,NEWTON,Metal/Household Appliances,388
2021-04,NEWTON,Multiple Streetlight Issue,86
2021-04,NEWTON,Single Streetlight Issue,52
2021-04,NORTH HOLLYWOOD,Bulky Items,3323
2021-04,NORTH HOLLYWOOD,Dead Animal Removal,132
2021-04,NORTH HOLLYWOOD,Electronic Waste,184
2021-04,NORTH HOLLYWOOD,Graffiti Removal,1141
2021-04,NORTH HOLLYWOOD,Homeless Encampment,208
2021-04,NORTH HOLLYWOOD,Illegal Dumping Pickup,360
2021-04,NORTH HOLLYWOOD,Metal/Household Appliances,625
2021-04,NORTH HOLLYWOOD,Multiple Streetlight Issue,26
2021-04,NORTH HOLLYWOOD,Single Streetlight Issue,35
2021-04,NORTHEAST,Bulky Items,3980
2021-04,NORTHEAST,Dead Animal Removal,164
2021-04,NORTHEAST,Electronic Waste,233
2021-04,NORTHEAST,Graffiti Removal,1450
2021-04,NORTHEAST,Homeless Encampment,232
2021-04,NORTHEAST,Illegal Dumping Pickup,348
2021-04,NORTHEAST,Metal/Household Appliances,865
2021-04,NORTHEAST,Multiple Streetlight Issue,13
2021-04,NORTHEAST,Single Streetlight Issue,33
2021-04,OLYMPIC,Bulky Items,2404
2021-04,OLYMPIC,Dead Animal Removal,57
2021-04,OLYMPIC,Electronic Waste,124
2021-04,OLYMPIC,Graffiti Removal,1465
2021-04,OLYMPIC,Homeless Encampment,313
2021-04,OLYMPIC,Illegal Dumping Pickup,381
2021-04,OLYMPIC,Metal/Household Appliances,359
2021-04,OLYMPIC,Multiple Streetlight Issue,17
2021-04,OLYMPIC,Single Streetlight Issue,56
2021-04,PACIFIC,Bulky Items,2792
2021-04,PACIFIC,Dead Animal Removal,106
2021-04,PACIFIC,Electronic Waste,150
2021-04,PACIFIC,Graffiti Removal,1163
2021-04,PACIFIC,Homeless Encampment,277
2021-04,PACIFIC,Illegal Dumping Pickup,233
2021-04,PACIFIC,Metal/Household Appliances,571
2021-04,PACIFIC,Multiple Streetlight Issue,8
2021-04,PACIFIC,Single Streetlight Issue,28
2021-04,RAMPART,Bulky Items,1757
2021-04,RAMPART,Dead Animal Removal,49
2021-04,RAMPART,Electronic Waste,82
2021-04,RAMPART,Graffiti Removal,2190
2021-04,RAMPART,Homeless Encampment,186
2021-04,RAMPART,Illegal Dumping Pickup,426
2021-04,RAMPART,Metal/Household Appliances,298
2021-04,RAMPART,Multiple Streetlight Issue,40
2021-04,RAMPART,Single Streetlight Issue,44
2021-04,SOUTHEAST,Bulky Items,2571
2021-04,SOUTHEAST,Dead Animal Removal,89
2021-04,SOUTHEAST,Electronic Waste,165
2021-04,SOUTHEAST,Graffiti Removal,1470
2021-04,SOUTHEAST,Homeless Encampment,86
2021-04,SOUTHEAST,Illegal Dumping Pickup,700
2021-04,SOUTHEAST,Metal/Household Appliances,454
2021-04,SOUTHEAST,Multiple Streetlight Issue,17
2021-04,SOUTHEAST,Single Streetlight Issue,43
2021-04,SOUTHWEST,Bulky Items,3303
2021-04,SOUTHWEST,Dead Animal Removal,121
2021-04,SOUTHWEST,Electronic Waste,200
2021-04,SOUTHWEST,Graffiti Removal,984
2021-04,SOUTHWEST,Homeless Encampment,125
2021-04,SOUTHWEST,Illegal Dumping Pickup,788
2021-04,SOUTHWEST,Metal/Household Appliances,536
2021-04,SOUTHWEST,Multiple Streetlight Issue,18
2021-04,SOUTHWEST,Single Streetlight Issue,27
2021-04,TOPANGA,Bulky Items,3308
2021-04,TOPANGA,Dead Animal Removal,147
2021-04,TOPANGA,Electronic Waste,208
2021-04,TOPANGA,Graffiti Removal,354
2021-04,TOPANGA,Homeless Encampment,203
2021-04,TOPANGA,Illegal Dumping Pickup,349
2021-04,TOPANGA,Metal/Household Appliances,783
2021-04,TOPANGA,Multiple Streetlight Issue,12
2021-04,TOPANGA,Single Streetlight Issue,47
2021-04,VAN NUYS,Bulky Items,2750
2021-04,VAN NUYS,Dead Animal Removal,89
2021-04,VAN NUYS,Electronic Waste,165
2021-04,VAN NUYS,Graffiti Removal,729
2021-04,VAN NUYS,Homeless Encampment,208
2021-04,VAN NUYS,Illegal Dumping Pickup,286
2021-04,VAN NUYS,Metal/Household Appliances,393
2021-04,VAN NUYS,Multiple Streetlight Issue,8
2021-04,VAN NUYS,Single Streetlight Issue,12
2021-04,WEST LOS ANGELES,Bulky Items,2414
2021-04,WEST LOS ANGELES,Dead Animal Removal,107
2021-04,WEST LOS ANGELES,Electronic Waste,154
2021-04,WEST LOS ANGELES,Graffiti Removal,431
2021-04,WEST LOS ANGELES,Homeless Encampment,249
2021-04,WEST LOS ANGELES,Illegal Dumping Pickup,199
2021-04,WEST LOS ANGELES,Metal/Household Appliances,550
2021-04,WEST LOS ANGELES,Multiple Streetlight Issue,17
2021-04,WEST LOS ANGELES,Single Streetlight Issue,43
2021-04,WEST VALLEY,Bulky Items,3241
2021-04,WEST VALLEY,Dead Animal Removal,175
2021-04,WEST VALLEY,Electronic Waste,195
2021-04,WEST VALLEY,Graffiti Removal,920
2021-04,WEST VALLEY,Homeless Encampment,119
2021-04,WEST VALLEY,Illegal Dumping Pickup,544
2021-04,WEST VALLEY,Metal/Household Appliances,647
2021-04,WEST VALLEY,Multiple Streetlight Issue,9
2021-04,WEST VALLEY,Single Streetlight Issue,25
2021-04,WILSHIRE,Bulky Items,2552
2021-04,WILSHIRE,Dead Animal Removal,71
2021-04,WILSHIRE,Electronic Waste,139
2021-04,WILSHIRE,Graffiti Removal,850
2021-04,WILSHIRE,Homeless Encampment,263
2021-04,WILSHIRE,Illegal Dumping Pickup,250
2021-04,WILSHIRE,Metal/Household Appliances,518
2021-04,WILSHIRE,Multiple Streetlight Issue,8
2021-04,WILSHIRE,Single Streetlight Issue,51
2021-05,77TH STREET,Bulky Items,3634
2021-05,77TH STREET,Dead Animal Removal,130
2021-05,77TH STREET,Electronic Waste,231
2021-05,77TH STREET,Graffiti Removal,2566
2021-05,77TH STREET,Homeless Encampment,129
2021-05,77TH STREET,Illegal Dumping Pickup,978
2021-05,77TH STREET,Metal/Household Appliances,580
2021-05,77TH STREET,Multiple Streetlight Issue,45
2021-05,77TH STREET,Single Streetlight Issue,41
2021-05,CENTRAL,Bulky Items,313
2021-05,CENTRAL,Dead Animal Removal,15
2021-05,CENTRAL,Electronic Waste,9
2021-05,CENTRAL,Graffiti Removal,1737
2021-05,CENTRAL,Homeless Encampment,100
2021-05,CENTRAL,Illegal Dumping Pickup,180
2021-05,CENTRAL,Metal/Household Appliances,43
2021-05,CENTRAL,Multiple Streetlight Issue,38
2021-05,CENTRAL,Single Streetlight Issue,75
2021-05,DEVONSHIRE,Bulky Items,3962
2021-05,DEVONSHIRE,Dead Animal Removal,215
2021-05,DEVONSHIRE,Electronic Waste,240
2021-05,DEVONSHIRE,Graffiti Removal,781
2021-05,DEVONSHIRE,Homeless Encampment,159
2021-05,DEVONSHIRE,Illegal Dumping Pickup,355
2021-05,DEVONSHIRE,Metal/Household Appliances,974
2021-05,DEVONSHIRE,Multiple Streetlight Issue,32
2021-05,DEVONSHIRE,Single Streetlight Issue,58
2021-05,FOOTHILL,Bulky Items,3237
2021-05,FOOTHILL,Dead Animal Removal,130
2021-05,FOOTHILL,Electronic Waste,221
2021-05,FOOTHILL,Graffiti Removal,712
2021-05,FOOTHILL,Homeless Encampment,279
2021-05,FOOTHILL,Illegal Dumping Pickup,843
2021-05,FOOTHILL,Metal/Household Appliances,665
2021-05,FOOTHILL,Multiple Streetlight Issue,28
2021-05,FOOTHILL,Single Streetlight Issue,30
2021-05,HARBOR,Bulky Items,2824
2021-05,HARBOR,Dead Animal Removal,94
2021-05,HARBOR,Electronic Waste,183
2021-05,HARBOR,Graffiti Removal,1693
2021-05,HARBOR,Homeless Encampment,78
2021-05,HARBOR,Illegal Dumping Pickup,319
2021-05,HARBOR,Metal/Household Appliances,736
2021-05,HARBOR,Multiple Streetlight Issue,15
2021-05,HARBOR,Single Streetlight Issue,22
2021-05,HOLLENBECK,Bulky Items,2747
2021-05,HOLLENBECK,Dead Animal Removal,100
2021-05,HOLLENBECK,Electronic Waste,149
2021-05,HOLLENBECK,Graffiti Removal,2535
2021-05,HOLLENBECK,Homeless Encampment,124
2021-05,HOLLENBECK,Illegal Dumping Pickup,509
2021-05,HOLLENBECK,Metal/Household Appliances,502
2021-05,HOLLENBECK,Multiple Streetlight Issue,25
2021-05,HOLLENBECK,Single Streetlight Issue,33
2021-05,HOLLYWOOD,Bulky Items,1911
2021-05,HOLLYWOOD,Dead Animal Removal,54
2021-05,HOLLYWOOD,Electronic Waste,96
2021-05,HOLLYWOOD,Graffiti Removal,1513
2021-05,HOLLYWOOD,Homeless Encampment,236
2021-05,HOLLYWOOD,Illegal Dumping Pickup,299
2021-05,HOLLYWOOD,Metal/Household Appliances,352
2021-05,HOLLYWOOD,Multiple Streetlight Issue,23
2021-05,HOLLYWOOD,Single Streetlight Issue,80
2021-05,MISSION,Bulky Items,4032
2021-05,MISSION,Dead Animal Removal,165
2021-05,MISSION,Electronic Waste,269
2021-05,MISSION,Graffiti Removal,1766
2021-05,MISSION,Homeless Encampment,195
2021-05,MISSION,Illegal Dumping Pickup,653
2021-05,MISSION,Metal/Household Appliances,825
2021-05,MISSION,Multiple Streetlight Issue,72
2021-05,MISSION,Single Streetlight Issue,61
2021-05,NEWTON,Bulky Items,1988
2021-05,NEWTON,Dead Animal Removal,99
2021-05,NEWTON,Electronic Waste,98
2021-05,NEWTON,Graffiti Removal,6867
2021-05,NEWTON,Homeless Encampment,204
2021-05,NEWTON,Illegal Dumping Pickup,654
2021-05,NEWTON,Metal/Household Appliances,314
2021-05,NEWTON,Multiple Streetlight Issue,125
2021-05,NEWTON,Single Streetlight Issue,67
2021-05,NORTH HOLLYWOOD,Bulky Items,3634
2021-05,NORTH HOLLYWOOD,Dead Animal Removal,142
2021-05,NORTH HOLLYWOOD,Electronic Waste,196
2021-05,NORTH HOLLYWOOD,Graffiti Removal,1147
2021-05,NORTH HOLLYWOOD,Homeless Encampment,300
2021-05,NORTH HOLLYWOOD,Illegal Dumping Pickup,413
2021-05,NORTH HOLLYWOOD,Metal/Household Appliances,629
2021-05,NORTH HOLLYWOOD,Multiple Streetlight Issue,26
2021-05,NORTH HOLLYWOOD,Single Streetlight Issue,32
2021-05,NORTHEAST,Bulky Items,4094
2021-05,NORTHEAST,Dead Animal Removal,171
2021-05,NORTHEAST,Electronic Waste,249
2021-05,NORTHEAST,Graffiti Removal,1509
2021-05,NORTHEAST,Homeless Encampment,143
2021-05,NORTHEAST,Illegal Dumping Pickup,326
2021-05,NORTHEAST,Metal/Household Appliances,831
2021-05,NORTHEAST,Multiple Streetlight Issue,13
2021-05,NORTHEAST,Single Streetlight Issue,59
2021-05,OLYMPIC,Bulky Items,2342
2021-05,OLYMPIC,Dead Animal Removal,64
2021-05,OLYMPIC,Electronic Waste,100
2021-05,OLYMPIC,Graffiti Removal,1465
2021-05,OLYMPIC,Homeless Encampment,251
2021-05,OLYMPIC,Illegal Dumping Pickup,352
2021-05,OLYMPIC,Metal/Household Appliances,399
2021-05,OLYMPIC,Multiple Streetlight Issue,12
2021-05,OLYMPIC,Single Streetlight Issue,31
2021-05,PACIFIC,Bulky Items,2998
2021-05,PACIFIC,Dead Animal Removal,99
2021-05,PACIFIC,Electronic Waste,168
2021-05,PACIFIC,Graffiti Removal,779
2021-05,PACIFIC,Homeless Encampment,371
2021-05,PACIFIC,Illegal Dumping Pickup,286
2021-05,PACIFIC,Metal/Household Appliances,649
2021-05,PACIFIC,Multiple Streetlight Issue,18
2021-05,PACIFIC,Single Streetlight Issue,25
2021-05,RAMPART,Bulky Items,1882
2021-05,RAMPART,Dead Animal Removal,45
2021-05,RAMPART,Electronic Waste,96
2021-05,RAMPART,Graffiti Removal,2230
2021-05,RAMPART,Homeless Encampment,180
2021-05,RAMPART,Illegal Dumping Pickup,386
2021-05,RAMPART,Metal/Household Appliances,360
2021-05,RAMPART,Multiple Streetlight Issue,73
2021-05,RAMPART,Single Streetlight Issue,38
2021-05,SOUTHEAST,Bulky Items,2346
2021-05,SOUTHEAST,Dead Animal Removal,103
2021-05,SOUTHEAST,Electronic Waste,121
2021-05,SOUTHEAST,Graffiti Removal,1273
2021-05,SOUTHEAST,Homeless Encampment,82
2021-05,SOUTHEAST,Illegal Dumping Pickup,587
2021-05,SOUTHEAST,Metal/Household Appliances,387
2021-05,SOUTHEAST,Multiple Streetlight Issue,12
2021-05,SOUTHEAST,Single Streetlight Issue,38
2021-05,SOUTHWEST,Bulky Items,3460
2021-05,SOUTHWEST,Dead Animal Removal,132
2021-05,SOUTHWEST,Electronic Waste,239
2021-05,SOUTHWEST,Graffiti Removal,781
2021-05,SOUTHWEST,Homeless Encampment,105
2021-05,SOUTHWEST,Illegal Dumping Pickup,758
2021-05,SOUTHWEST,Metal/Household Appliances,627
2021-05,SOUTHWEST,Multiple Streetlight Issue,19
2021-05,SOUTHWEST,Single Streetlight Issue,14
2021-05,TOPANGA,Bulky Items,3232
2021-05,TOPANGA,Dead Animal Removal,143
2021-05,TOPANGA,Electronic Waste,205
2021-05,TOPANGA,Graffiti Removal,419
2021-05,TOPANGA,Homeless Encampment,288
2021-05,TOPANGA,Illegal Dumping Pickup,348
2021-05,TOPANGA,Metal/Household Appliances,760
2021-05,TOPANGA,Multiple Streetlight Issue,26
2021-05,TOPANGA,Single Streetlight Issue,47
2021-05,VAN NUYS,Bulky Items,2870
2021-05,VAN NUYS,Dead Animal Removal,123
2021-05,VAN NUYS,Electronic Waste,144
2021-05,VAN NUYS,Graffiti Removal,695
2021-05,VAN NUYS,Homeless Encampment,158
2021-05,VAN NUYS,Illegal Dumping Pickup,350
2021-05,VAN NUYS,Metal/Household Appliances,485
2021-05,VAN NUYS,Multiple Streetlight Issue,9
2021-05,VAN NUYS,Single Streetlight Issue,14
2021-05,WEST LOS ANGELES,Bulky Items,2502
2021-05,WEST LOS ANGELES,Dead Animal Removal,114
2021-05,WEST LOS ANGELES,Electronic Waste,148
2021-05,WEST LOS ANGELES,Graffiti Removal,400
2021-05,WEST LOS ANGELES,Homeless Encampment,212
2021-05,WEST LOS ANGELES,Illegal Dumping Pickup,228
2021-05,WEST LOS ANGELES,Metal/Household Appliances,576
2021-05,WEST LOS ANGELES,Multiple Streetlight Issue,21
2021-05,WEST LOS ANGELES,Single Streetlight Issue,47
2021-05,WEST VALLEY,Bulky Items,3348
2021-05,WEST VALLEY,Dead Animal Removal,164
2021-05,WEST VALLEY,Electronic Waste,191
2021-05,WEST VALLEY,Graffiti Removal,905
2021-05,WEST VALLEY,Homeless Encampment,145
2021-05,WEST VALLEY,Illegal Dumping Pickup,581
2021-05,WEST VALLEY,Metal/Household Appliances,705
2021-05,WEST VALLEY,Multiple Streetlight Issue,9
2021-05,WEST VALLEY,Single Streetlight Issue,33
2021-05,WILSHIRE,Bulky Items,2517
2021-05,WILSHIRE,Dead Animal Removal,84
2021-05,WILSHIRE,Electronic Waste,135
2021-05,WILSHIRE,Graffiti Removal,714
2021-05,WILSHIRE,Homeless Encampment,226
2021-05,WILSHIRE,Illegal Dumping Pickup,272
2021-05,WILSHIRE,Metal/Household Appliances,498
2021-05,WILSHIRE,Multiple Streetlight Issue,16
2021-05,WILSHIRE,Single Streetlight Issue,56
2021-06,77TH STREET,Bulky Items,3759
2021-06,77TH STREET,Dead Animal Removal,174
2021-06,77TH STREET,Electronic Waste,231
2021-06,77TH STREET,Graffiti Removal,2050
2021-06,77TH STREET,Homeless Encampment,129
2021-06,77TH STREET,Illegal Dumping Pickup,901
2021-06,77TH STREET,Metal/Household Appliances,653
2021-06,77TH STREET,Multiple Streetlight Issue,33
2021-06,77TH STREET,Single Streetlight Issue,34
2021-06,CENTRAL,Bulky Items,319
2021-06,CENTRAL,Dead Animal Removal,16
2021-06,CENTRAL,Electronic Waste,21
2021-06,CENTRAL,Graffiti Removal,2108
2021-06,CENTRAL,Homeless Encampment,159
2021-06,CENTRAL,Illegal Dumping Pickup,143
2021-06,CENTRAL,Metal/Household Appliances,47
2021-06,CENTRAL,Multiple Streetlight Issue,35
2021-06,CENTRAL,Single Streetlight Issue,223
2021-06,DEVONSHIRE,Bulky Items,4103
2021-06,DEVONSHIRE,Dead Animal Removal,205
2021-06,DEVONSHIRE,Electronic Waste,236
2021-06,DEVONSHIRE,Graffiti Removal,735
2021-06,DEVONSHIRE,Homeless Encampment,145
2021-06,DEVONSHIRE,Illegal Dumping Pickup,395
2021-06,DEVONSHIRE,Metal/Household Appliances,1011
2021-06,DEVONSHIRE,Multiple Streetlight Issue,32
2021-06,DEVONSHIRE,Single Streetlight Issue,31
2021-06,FOOTHILL,Bulky Items,3340
2021-06,FOOTHILL,Dead Animal Removal,132
2021-06,FOOTHILL,Electronic Waste,240
2021-06,FOOTHILL,Graffiti Removal,728
2021-06,FOOTHILL,Homeless Encampment,221
2021-06,FOOTHILL,Illegal Dumping Pickup,863
2021-06,FOOTHILL,Metal/Household Appliances,682
2021-06,FOOTHILL,Multiple Streetlight Issue,32
2021-06,FOOTHILL,Single Streetlight Issue,31
2021-06,HARBOR,Bulky Items,3040
2021-06,HARBOR,Dead Animal Removal,132
2021-06,HARBOR,Electronic Waste,228
2021-06,HARBOR,Graffiti Removal,1651
2021-06,HARBOR,Homeless Encampment,58
2021-06,HARBOR,Illegal Dumping Pickup,365
2021-06,HARBOR,Metal/Household Appliances,827
2021-06,HARBOR,Multiple Streetlight Issue,8
2021-06,HARBOR,Single Streetlight Issue,16
2021-06,HOLLENBECK,Bulky Items,2578
2021-06,HOLLENBECK,Dead Animal Removal,92
2021-06,HOLLENBECK,Electronic Waste,164
2021-06,HOLLENBECK,Graffiti Removal,2364
2021-06,HOLLENBECK,Homeless Encampment,109
2021-06,HOLLENBECK,Illegal Dumping Pickup,443
2021-06,HOLLENBECK,Metal/Household Appliances,415
2021-06,HOLLENBECK,Multiple Streetlight Issue,42
2021-06,HOLLENBECK,Single Streetlight Issue,24
2021-06,HOLLYWOOD,Bulky Items,2091
2021-06,HOLLYWOOD,Dead Animal Removal,47
2021-06,HOLLYWOOD,Electronic Waste,106
2021-06,HOLLYWOOD,Graffiti Removal,1139
2021-06,HOLLYWOOD,Homeless Encampment,245
2021-06,HOLLYWOOD,Illegal Dumping Pickup,304
2021-06,HOLLYWOOD,Metal/Household Appliances,401
2021-06,HOLLYWOOD,Multiple Streetlight Issue,14
2021-06,HOLLYWOOD,Single Streetlight Issue,84
2021-06,MISSION,Bulky Items,3992
2021-06,MISSION,Dead Animal Removal,180
2021-06,MISSION,Electronic Waste,272
2021-06,MISSION,Graffiti Removal,1824
2021-06,MISSION,Homeless Encampment,193
2021-06,MISSION,Illegal Dumping Pickup,1036
2021-06,MISSION,Metal/Household Appliances,788
2021-06,MISSION,Multiple Streetlight Issue,78
2021-06,MISSION,Single Streetlight Issue,60
2021-06,NEWTON,Bulky Items,1997
2021-06,NEWTON,Dead Animal Removal,89
2021-06,NEWTON,Electronic Waste,114
2021-06,NEWTON,Graffiti Removal,6577
2021-06,NEWTON,Homeless Encampment,257
2021-06,NEWTON,Illegal Dumping Pickup,706
2021-06,NEWTON,Metal/Household Appliances,305
2021-06,NEWTON,Multiple Streetlight Issue,181
2021-06,NEWTON,Single Streetlight Issue,95
2021-06,NORTH HOLLYWOOD,Bulky Items,3613
2021-06,NORTH HOLLYWOOD,Dead Animal Removal,128
2021-06,NORTH HOLLYWOOD,Electronic Waste,205
2021-06,NORTH HOLLYWOOD,Graffiti Removal,1050
2021-06,NORTH HOLLYWOOD,Homeless Encampment,211
2021-06,NORTH HOLLYWOOD,Illegal Dumping Pickup,423
2021-06,NORTH HOLLYWOOD,Metal/Household Appliances,665
2021-06,NORTH HOLLYWOOD,Multiple Streetlight Issue,35
2021-06,NORTH HOLLYWOOD,Single Streetlight Issue,47
2021-06,NORTHEAST,Bulky Items,4294
2021-06,NORTHEAST,Dead Animal Removal,160
2021-06,NORTHEAST,Electronic Waste,289
2021-06,NORTHEAST,Graffiti Removal,1507
2021-06,NORTHEAST,Homeless Encampment,167
2021-06,NORTHEAST,Illegal Dumping Pickup,340
2021-06,NORTHEAST,Metal/Household Appliances,908
2021-06,NORTHEAST,Multiple Streetlight Issue,15
2021-06,NORTHEAST,Single Streetlight Issue,43
2021-06,OLYMPIC,Bulky Items,2510
2021-06,OLYMPIC,Dead Animal Removal,72
2021-06,OLYMPIC,Electronic Waste,105
2021-06,OLYMPIC,Graffiti Removal,1426
2021-06,OLYMPIC,Homeless Encampment,240
2021-06,OLYMPIC,Illegal Dumping Pickup,416
2021-06,OLYMPIC,Metal/Household Appliances,366
2021-06,OLYMPIC,Multiple Streetlight Issue,19
2021-06,OLYMPIC,Single Streetlight Issue,27
2021-06,PACIFIC,Bulky Items,3121
2021-06,PACIFIC,Dead Animal Removal,106
2021-06,PACIFIC,Electronic Waste,137
2021-06,PACIFIC,Graffiti Removal,1091
2021-06,PACIFIC,Homeless Encampment,327
2021-06,PACIFIC,Illegal Dumping Pickup,280
2021-06,PACIFIC,Metal/Household Appliances,681
2021-06,PACIFIC,Multiple Streetlight Issue,11
2021-06,PACIFIC,Single Streetlight Issue,48
2021-06,RAMPART,Bulky Items,2060
2021-06,RAMPART,Dead Animal Removal,57
2021-06,RAMPART,Electronic Waste,89
2021-06,RAMPART,Graffiti Removal,1883
2021-06,RAMPART,Homeless Encampment,193
2021-06,RAMPART,Illegal Dumping Pickup,407
2021-06,RAMPART,Metal/Household Appliances,371
2021-06,RAMPART,Multiple Streetlight Issue,22
2021-06,RAMPART,Single Streetlight Issue,31
2021-06,SOUTHEAST,Bulky Items,2389
2021-06,SOUTHEAST,Dead Animal Removal,95
2021-06,SOUTHEAST,Electronic Waste,142
2021-06,SOUTHEAST,Graffiti Removal,1729
2021-06,SOUTHEAST,Homeless Encampment,63
2021-06,SOUTHEAST,Illegal Dumping Pickup,677
2021-06,SOUTHEAST,Metal/Household Appliances,390
2021-06,SOUTHEAST,Multiple Streetlight Issue,16
2021-06,SOUTHEAST,Single Streetlight Issue,33
2021-06,SOUTHWEST,Bulky Items,3320
2021-06,SOUTHWEST,Dead Animal Removal,128
2021-06,SOUTHWEST,Electronic Waste,212
2021-06,SOUTHWEST,Graffiti Removal,559
2021-06,SOUTHWEST,Homeless Encampment,104
2021-06,SOUTHWEST,Illegal Dumping Pickup,637
2021-06,SOUTHWEST,Metal/Household Appliances,581
2021-06,SOUTHWEST,Multiple Streetlight Issue,31
2021-06,SOUTHWEST,Single Streetlight Issue,12
2021-06,TOPANGA,Bulky Items,3424
2021-06,TOPANGA,Dead Animal Removal,125
2021-06,TOPANGA,Electronic Waste,235
2021-06,TOPANGA,Graffiti Removal,421
2021-06,TOPANGA,Homeless Encampment,246
2021-06,TOPANGA,Illegal Dumping Pickup,311
2021-06,TOPANGA,Metal/Household Appliances,801
2021-06,TOPANGA,Multiple Streetlight Issue,35
2021-06,TOPANGA,Single Streetlight Issue,58
2021-06,VAN NUYS,Bulky Items,3300
2021-06,VAN NUYS,Dead Animal Removal,86
2021-06,VAN NUYS,Electronic Waste,160
2021-06,VAN NUYS,Graffiti Removal,745
2021-06,VAN NUYS,Homeless Encampment,147
2021-06,VAN NUYS,Illegal Dumping Pickup,312
2021-06,VAN NUYS,Metal/Household Appliances,462
2021-06,VAN NUYS,Multiple Streetlight Issue,11
2021-06,VAN NUYS,Single Streetlight Issue,23
2021-06,WEST LOS ANGELES,Bulky Items,3069
2021-06,WEST LOS ANGELES,Dead Animal Removal,119
2021-06,WEST LOS ANGELES,Electronic Waste,186
2021-06,WEST LOS ANGELES,Graffiti Removal,414
2021-06,WEST LOS ANGELES,Homeless Encampment,196
2021-06,WEST LOS ANGELES,Illegal Dumping Pickup,239
2021-06,WEST LOS ANGELES,Metal/Household Appliances,709
2021-06,WEST LOS ANGELES,Multiple Streetlight Issue,22
2021-06,WEST LOS ANGELES,Single Streetlight Issue,63
2021-06,WEST VALLEY,Bulky Items,3667
2021-06,WEST VALLEY,Dead Animal Removal,153
2021-06,WEST VALLEY,Electronic Waste,237
2021-06,WEST VALLEY,Graffiti Removal,952
2021-06,WEST VALLEY,Homeless Encampment,144
2021-06,WEST VALLEY,Illegal Dumping Pickup,639
2021-06,WEST VALLEY,Metal/Household Appliances,714
2021-06,WEST VALLEY,Multiple Streetlight Issue,18
2021-06,WEST VALLEY,Single Streetlight Issue,25
2021-06,WILSHIRE,Bulky Items,2745
2021-06,WILSHIRE,Dead Animal Removal,93
2021-06,WILSHIRE,Electronic Waste,151
2021-06,WILSHIRE,Graffiti Removal,797
2021-06,WILSHIRE,Homeless Encampment,283
2021-06,WILSHIRE,Illegal Dumping Pickup,339
2021-06,WILSHIRE,Metal/Household Appliances,569
2021-06,WILSHIRE,Multiple Streetlight Issue,27
2021-06,WILSHIRE,Single Streetlight Issue,36
2021-07,77TH STREET,Bulky Items,3637
2021-07,77TH STREET,Dead Animal Removal,192
2021-07,77TH STREET,Electronic Waste,208
2021-07,77TH STREET,Graffiti Removal,1642
2021-07,77TH STREET,Homeless Encampment,112
2021-07,77TH STREET,Illegal Dumping Pickup,857
2021-07,77TH STREET,Metal/Household Appliances,569
2021-07,77TH STREET,Multiple Streetlight Issue,51
2021-07,77TH STREET,Single Streetlight Issue,45
2021-07,CENTRAL,Bulky Items,330
2021-07,CENTRAL,Dead Animal Removal,10
2021-07,CENTRAL,Electronic Waste,18
2021-07,CENTRAL,Graffiti Removal,1098
2021-07,CENTRAL,Homeless Encampment,98
2021-07,CENTRAL,Illegal Dumping Pickup,113
2021-07,CENTRAL,Metal/Household Appliances,56
2021-07,CENTRAL,Multiple Streetlight Issue,24
2021-07,CENTRAL,Single Streetlight Issue,68
2021-07,DEVONSHIRE,Bulky Items,3994
2021-07,DEVONSHIRE,Dead Animal Removal,203
2021-07,DEVONSHIRE,Electronic Waste,249
2021-07,DEVONSHIRE,Graffiti Removal,614
2021-07,DEVONSHIRE,Homeless Encampment,210
2021-07,DEVONSHIRE,Illegal Dumping Pickup,432
2021-07,DEVONSHIRE,Metal/Household Appliances,938
2021-07,DEVONSHIRE,Multiple Streetlight Issue,52
2021-07,DEVONSHIRE,Single Streetlight Issue,67
2021-07,FOOTHILL,Bulky Items,3361
2021-07,FOOTHILL,Dead Animal Removal,119
2021-07,FOOTHILL,Electronic Waste,262
2021-07,FOOTHILL,Graffiti Removal,728
2021-07,FOOTHILL,Homeless Encampment,198
2021-07,FOOTHILL,Illegal Dumping Pickup,967
2021-07,FOOTHILL,Metal/Household Appliances,640
2021-07,FOOTHILL,Multiple Streetlight Issue,27
2021-07,FOOTHILL,Single Streetlight Issue,40
2021-07,HARBOR,Bulky Items,2934
2021-07,HARBOR,Dead Animal Removal,121
2021-07,HARBOR,Electronic Waste,198
2021-07,HARBOR,Graffiti Removal,1771
2021-07,HARBOR,Homeless Encampment,70
2021-07,HARBOR,Illegal Dumping Pickup,313
2021-07,HARBOR,Metal/Household Appliances,654
2021-07,HARBOR,Multiple Streetlight Issue,14
2021-07,HARBOR,Single Streetlight Issue,13
2021-07,HOLLENBECK,Bulky Items,2775
2021-07,HOLLENBECK,Dead Animal Removal,91
2021-07,HOLLENBECK,Electronic Waste,155
2021-07,HOLLENBECK,Graffiti Removal,1995
2021-07,HOLLENBECK,Homeless Encampment,135
2021-07,HOLLENBECK,Illegal Dumping Pickup,459
2021-07,HOLLENBECK,Metal/Household Appliances,429
2021-07,HOLLENBECK,Multiple Streetlight Issue,24
2021-07,HOLLENBECK,Single Streetlight Issue,39
2021-07,HOLLYWOOD,Bulky Items,1967
2021-07,HOLLYWOOD,Dead Animal Removal,44
2021-07,HOLLYWOOD,Electronic Waste,101
2021-07,HOLLYWOOD,Graffiti Removal,1517
2021-07,HOLLYWOOD,Homeless Encampment,287
2021-07,HOLLYWOOD,Illegal Dumping Pickup,291
2021-07,HOLLYWOOD,Metal/Household Appliances,353
2021-07,HOLLYWOOD,Multiple Streetlight Issue,8
2021-07,HOLLYWOOD,Single Streetlight Issue,55
2021-07,MISSION,Bulky Items,4010
2021-07,MISSION,Dead Animal Removal,181
2021-07,MISSION,Electronic Waste,257
2021-07,MISSION,Graffiti Removal,1188
2021-07,MISSION,Homeless Encampment,173
2021-07,MISSION,Illegal Dumping Pickup,858
2021-07,MISSION,Metal/Household Appliances,707
2021-07,MISSION,Multiple Streetlight Issue,93
2021-07,MISSION,Single Streetlight Issue,51
2021-07,NEWTON,Bulky Items,1984
2021-07,NEWTON,Dead Animal Removal,96
2021-07,NEWTON,Electronic Waste,128
2021-07,NEWTON,Graffiti Removal,4007
2021-07,NEWTON,Homeless Encampment,259
2021-07,NEWTON,Illegal Dumping Pickup,633
2021-07,NEWTON,Metal/Household Appliances,302
2021-07,NEWTON,Multiple Streetlight Issue,175
2021-07,NEWTON,Single Streetlight Issue,103
2021-07,NORTH HOLLYWOOD,Bulky Items,3620
2021-07,NORTH HOLLYWOOD,Dead Animal Removal,107
2021-07,NORTH HOLLYWOOD,Electronic Waste,201
2021-07,NORTH HOLLYWOOD,Graffiti Removal,1236
2021-07,NORTH HOLLYWOOD,Homeless Encampment,257
2021-07,NORTH HOLLYWOOD,Illegal Dumping Pickup,390
2021-07,NORTH HOLLYWOOD,Metal/Household Appliances,648
2021-07,NORTH HOLLYWOOD,Multiple Streetlight Issue,45
2021-07,NORTH HOLLYWOOD,Single Streetlight Issue,48
2021-07,NORTHEAST,Bulky Items,3997
2021-07,NORTHEAST,Dead Animal Removal,155
2021-07,NORTHEAST,Electronic Waste,287
2021-07,NORTHEAST,Graffiti Removal,1454
2021-07,NORTHEAST,Homeless Encampment,148
2021-07,NORTHEAST,Illegal Dumping Pickup,385
2021-07,NORTHEAST,Metal/Household Appliances,778
2021-07,NORTHEAST,Multiple Streetlight Issue,8
2021-07,NORTHEAST,Single Streetlight Issue,32
2021-07,OLYMPIC,Bulky Items,2464
2021-07,OLYMPIC,Dead Animal Removal,64
2021-07,OLYMPIC,Electronic Waste,129
2021-07,OLYMPIC,Graffiti Removal,1513
2021-07,OLYMPIC,Homeless Encampment,257
2021-07,OLYMPIC,Illegal Dumping Pickup,410
2021-07,OLYMPIC,Metal/Household Appliances,362
2021-07,OLYMPIC,Multiple Streetlight Issue,21
2021-07,OLYMPIC,Single Streetlight Issue,28
2021-07,PACIFIC,Bulky Items,3121
2021-07,PACIFIC,Dead Animal Removal,118
2021-07,PACIFIC,Electronic Waste,179
2021-07,PACIFIC,Graffiti Removal,960
2021-07,PACIFIC,Homeless Encampment,292
2021-07,PACIFIC,Illegal Dumping Pickup,260
2021-07,PACIFIC,Metal/Household Appliances,639
2021-07,PACIFIC,Multiple Streetlight Issue,5
2021-07,PACIFIC,Single Streetlight Issue,22
2021-07,RAMPART,Bulky Items,1876
2021-07,RAMPART,Dead Animal Removal,54
2021-07,RAMPART,Electronic Waste,83
2021-07,RAMPART,Graffiti Removal,2327
2021-07,RAMPART,Homeless Encampment,215
2021-07,RAMPART,Illegal Dumping Pickup,415
2021-07,RAMPART,Metal/Household Appliances,368
2021-07,RAMPART,Multiple Streetlight Issue,34
2021-07,RAMPART,Single Streetlight Issue,39
2021-07,SOUTHEAST,Bulky Items,2415
2021-07,SOUTHEAST,Dead Animal Removal,145
2021-07,SOUTHEAST,Electronic Waste,140
2021-07,SOUTHEAST,Graffiti Removal,1389
2021-07,SOUTHEAST,Homeless Encampment,97
2021-07,SOUTHEAST,Illegal Dumping Pickup,832
2021-07,SOUTHEAST,Metal/Household Appliances,396
2021-07,SOUTHEAST,Multiple Streetlight Issue,46
2021-07,SOUTHEAST,Single Streetlight Issue,43
2021-07,SOUTHWEST,Bulky Items,3616
2021-07,SOUTHWEST,Dead Animal Removal,122
2021-07,SOUTHWEST,Electronic Waste,206
2021-07,SOUTHWEST,Graffiti Removal,804
2021-07,SOUTHWEST,Homeless Encampment,141
2021-07,SOUTHWEST,Illegal Dumping Pickup,729
2021-07,SOUTHWEST,Metal/Household Appliances,519
2021-07,SOUTHWEST,Multiple Streetlight Issue,32
2021-07,SOUTHWEST,Single Streetlight Issue,26
2021-07,TOPANGA,Bulky Items,3474
2021-07,TOPANGA,Dead Animal Removal,119
2021-07,TOPANGA,Electronic Waste,221
2021-07,TOPANGA,Graffiti Removal,424
2021-07,TOPANGA,Homeless Encampment,190
2021-07,TOPANGA,Illegal Dumping Pickup,334
2021-07,TOPANGA,Metal/Household Appliances,759
2021-07,TOPANGA,Multiple Streetlight Issue,35
2021-07,TOPANGA,Single Streetlight Issue,35
2021-07,VAN NUYS,Bulky Items,3062
2021-07,VAN NUYS,Dead Animal Removal,108
2021-07,VAN NUYS,Electronic Waste,132
2021-07,VAN NUYS,Graffiti Removal,756
2021-07,VAN NUYS,Homeless Encampment,196
2021-07,VAN NUYS,Illegal Dumping Pickup,350
2021-07,VAN NUYS,Metal/Household Appliances,438
2021-07,VAN NUYS,Multiple Streetlight Issue,6
2021-07,VAN NUYS,Single Streetlight Issue,21
2021-07,WEST LOS ANGELES,Bulky Items,2873
2021-07,WEST LOS ANGELES,Dead Animal Removal,95
2021-07,WEST LOS ANGELES,Electronic Waste,163
2021-07,WEST LOS ANGELES,Graffiti Removal,479
2021-07,WEST LOS ANGELES,Homeless Encampment,181
2021-07,WEST LOS ANGELES,Illegal Dumping Pickup,258
2021-07,WEST LOS ANGELES,Metal/Household Appliances,636
2021-07,WEST LOS ANGELES,Multiple Streetlight Issue,20
2021-07,WEST LOS ANGELES,Single Streetlight Issue,68
2021-07,WEST VALLEY,Bulky Items,3346
2021-07,WEST VALLEY,Dead Animal Removal,138
2021-07,WEST VALLEY,Electronic Waste,200
2021-07,WEST VALLEY,Graffiti Removal,874
2021-07,WEST VALLEY,Homeless Encampment,150
2021-07,WEST VALLEY,Illegal Dumping Pickup,540
2021-07,WEST VALLEY,Metal/Household Appliances,658
2021-07,WEST VALLEY,Multiple Streetlight Issue,32
2021-07,WEST VALLEY,Single Streetlight Issue,16
2021-07,WILSHIRE,Bulky Items,2644
2021-07,WILSHIRE,Dead Animal Removal,84
2021-07,WILSHIRE,Electronic Waste,128
2021-07,WILSHIRE,Graffiti Removal,728
2021-07,WILSHIRE,Homeless Encampment,243
2021-07,WILSHIRE,Illegal Dumping Pickup,388
2021-07,WILSHIRE,Metal/Household Appliances,497
2021-07,WILSHIRE,Multiple Streetlight Issue,19
2021-07,WILSHIRE,Single Streetlight Issue,34
2021-08,77TH STREET,Bulky Items,3676
2021-08,77TH STREET,Dead Animal Removal,180
2021-08,77TH STREET,Electronic Waste,249
2021-08,77TH STREET,Graffiti Removal,1533
2021-08,77TH STREET,Homeless Encampment,123
2021-08,77TH STREET,Illegal Dumping Pickup,971
2021-08,77TH STREET,Metal/Household Appliances,537
2021-08,77TH STREET,Multiple Streetlight Issue,31
2021-08,77TH STREET,Single Streetlight Issue,35
2021-08,CENTRAL,Bulky Items,383
2021-08,CENTRAL,Dead Animal Removal,22
2021-08,CENTRAL,Electronic Waste,36
2021-08,CENTRAL,Graffiti Removal,1091
2021-08,CENTRAL,Homeless Encampment,77
2021-08,CENTRAL,Illegal Dumping Pickup,129
2021-08,CENTRAL,Metal/Household Appliances,62
2021-08,CENTRAL,Multiple Streetlight Issue,40
2021-08,CENTRAL,Single Streetlight Issue,50
2021-08,DEVONSHIRE,Bulky Items,4201
2021-08,DEVONSHIRE,Dead Animal Removal,214
2021-08,DEVONSHIRE,Electronic Waste,272
2021-08,DEVONSHIRE,Graffiti Removal,856
2021-08,DEVONSHIRE,Homeless Encampment,224
2021-08,DEVONSHIRE,Illegal Dumping Pickup,399
2021-08,DEVONSHIRE,Metal/Household Appliances,930
2021-08,DEVONSHIRE,Multiple Streetlight Issue,59
2021-08,DEVONSHIRE,Single Streetlight Issue,65
2021-08,FOOTHILL,Bulky Items,3296
2021-08,FOOTHILL,Dead Animal Removal,112
2021-08,FOOTHILL,Electronic Waste,203
2021-08,FOOTHILL,Graffiti Removal,720
2021-08,FOOTHILL,Homeless Encampment,260
2021-08,FOOTHILL,Illegal Dumping Pickup,1095
2021-08,FOOTHILL,Metal/Household Appliances,530
2021-08,FOOTHILL,Multiple Streetlight Issue,45
2021-08,FOOTHILL,Single Streetlight Issue,25
2021-08,HARBOR,Bulky Items,3229
2021-08,HARBOR,Dead Animal Removal,129
2021-08,HARBOR,Electronic Waste,196
2021-08,HARBOR,Graffiti Removal,1602
2021-08,HARBOR,Homeless Encampment,70
2021-08,HARBOR,Illegal Dumping Pickup,388
2021-08,HARBOR,Metal/Household Appliances,701
2021-08,HARBOR,Multiple Streetlight Issue,7
2021-08,HARBOR,Single Streetlight Issue,33
2021-08,HOLLENBECK,Bulky Items,2736
2021-08,HOLLENBECK,Dead Animal Removal,96
2021-08,HOLLENBECK,Electronic Waste,175
2021-08,HOLLENBECK,Graffiti Removal,2071
2021-08,HOLLENBECK,Homeless Encampment,159
2021-08,HOLLENBECK,Illegal Dumping Pickup,580
2021-08,HOLLENBECK,Metal/Household Appliances,366
2021-08,HOLLENBECK,Multiple Streetlight Issue,26
2021-08,HOLLENBECK,Single Streetlight Issue,39
2021-08,HOLLYWOOD,Bulky Items,1874
2021-08,HOLLYWOOD,Dead Animal Removal,44
2021-08,HOLLYWOOD,Electronic Waste,104
2021-08,HOLLYWOOD,Graffiti Removal,1118
2021-08,HOLLYWOOD,Homeless Encampment,320
2021-08,HOLLYWOOD,Illegal Dumping Pickup,300
2021-08,HOLLYWOOD,Metal/Household Appliances,333
2021-08,HOLLYWOOD,Multiple Streetlight Issue,27
2021-08,HOLLYWOOD,Single Streetlight Issue,110
2021-08,MISSION,Bulky Items,3886
2021-08,MISSION,Dead Animal Removal,123
2021-08,MISSION,Electronic Waste,242
2021-08,MISSION,Graffiti Removal,2106
2021-08,MISSION,Homeless Encampment,228
2021-08,MISSION,Illegal Dumping Pickup,1037
2021-08,MISSION,Metal/Household Appliances,693
2021-08,MISSION,Multiple Streetlight Issue,86
2021-08,MISSION,Single Streetlight Issue,66
2021-08,NEWTON,Bulky Items,2304
2021-08,NEWTON,Dead Animal Removal,130
2021-08,NEWTON,Electronic Waste,125
2021-08,NEWTON,Graffiti Removal,4031
2021-08,NEWTON,Homeless Encampment,294
2021-08,NEWTON,Illegal Dumping Pickup,816
2021-08,NEWTON,Metal/Household Appliances,341
2021-08,NEWTON,Multiple Streetlight Issue,130
2021-08,NEWTON,Single Streetlight Issue,89
2021-08,NORTH HOLLYWOOD,Bulky Items,3688
2021-08,NORTH HOLLYWOOD,Dead Animal Removal,127
2021-08,NORTH HOLLYWOOD,Electronic Waste,206
2021-08,NORTH HOLLYWOOD,Graffiti Removal,1002
2021-08,NORTH HOLLYWOOD,Homeless Encampment,301
2021-08,NORTH HOLLYWOOD,Illegal Dumping Pickup,508
2021-08,NORTH HOLLYWOOD,Metal/Household Appliances,568
2021-08,NORTH HOLLYWOOD,Multiple Streetlight Issue,56
2021-08,NORTH HOLLYWOOD,Single Streetlight Issue,47
2021-08,NORTHEAST,Bulky Items,4399
2021-08,NORTHEAST,Dead Animal Removal,163
2021-08,NORTHEAST,Electronic Waste,281
2021-08,NORTHEAST,Graffiti Removal,1445
2021-08,NORTHEAST,Homeless Encampment,182
2021-08,NORTHEAST,Illegal Dumping Pickup,429
2021-08,NORTHEAST,Metal/Household Appliances,814
2021-08,NORTHEAST,Multiple Streetlight Issue,24
2021-08,NORTHEAST,Single Streetlight Issue,40
2021-08,OLYMPIC,Bulky Items,2491
2021-08,OLYMPIC,Dead Animal Removal,68
2021-08,OLYMPIC,Electronic Waste,110
2021-08,OLYMPIC,Graffiti Removal,1420
2021-08,OLYMPIC,Homeless Encampment,327
2021-08,OLYMPIC,Illegal Dumping Pickup,390
2021-08,OLYMPIC,Metal/Household Appliances,347
2021-08,OLYMPIC,Multiple Streetlight Issue,21
2021-08,OLYMPIC,Single Streetlight Issue,48
2021-08,PACIFIC,Bulky Items,3203
2021-08,PACIFIC,Dead Animal Removal,128
2021-08,PACIFIC,Electronic Waste,173
2021-08,PACIFIC,Graffiti Removal,910
2021-08,PACIFIC,Homeless Encampment,380
2021-08,PACIFIC,Illegal Dumping Pickup,294
2021-08,PACIFIC,Metal/Household Appliances,620
2021-08,PACIFIC,Multiple Streetlight Issue,13
2021-08,PACIFIC,Single Streetlight Issue,25
2021-08,RAMPART,Bulky Items,2021
2021-08,RAMPART,Dead Animal Removal,61
2021-08,RAMPART,Electronic Waste,95
2021-08,RAMPART,Graffiti Removal,1876
2021-08,RAMPART,Homeless Encampment,213
2021-08,RAMPART,Illegal Dumping Pickup,371
2021-08,RAMPART,Metal/Household Appliances,326
2021-08,RAMPART,Multiple Streetlight Issue,56
2021-08,RAMPART,Single Streetlight Issue,36
2021-08,SOUTHEAST,Bulky Items,2162
2021-08,SOUTHEAST,Dead Animal Removal,131
2021-08,SOUTHEAST,Electronic Waste,118
2021-08,SOUTHEAST,Graffiti Removal,1104
2021-08,SOUTHEAST,Homeless Encampment,117
2021-08,SOUTHEAST,Illegal Dumping Pickup,755
2021-08,SOUTHEAST,Metal/Household Appliances,327
2021-08,SOUTHEAST,Multiple Streetlight Issue,47
2021-08,SOUTHEAST,Single Streetlight Issue,46
2021-08,SOUTHWEST,Bulky Items,3650
2021-08,SOUTHWEST,Dead Animal Removal,133
2021-08,SOUTHWEST,Electronic Waste,227
2021-08,SOUTHWEST,Graffiti Removal,571
2021-08,SOUTHWEST,Homeless Encampment,160
2021-08,SOUTHWEST,Illegal Dumping Pickup,966
2021-08,SOUTHWEST,Metal/Household Appliances,508
2021-08,SOUTHWEST,Multiple Streetlight Issue,26
2021-08,SOUTHWEST,Single Streetlight Issue,29
2021-08,TOPANGA,Bulky Items,3421
2021-08,TOPANGA,Dead Animal Removal,131
2021-08,TOPANGA,Electronic Waste,197
2021-08,TOPANGA,Graffiti Removal,469
2021-08,TOPANGA,Homeless Encampment,208
2021-08,TOPANGA,Illegal Dumping Pickup,418
2021-08,TOPANGA,Metal/Household Appliances,687
2021-08,TOPANGA,Multiple Streetlight Issue,26
2021-08,TOPANGA,Single Streetlight Issue,36
2021-08,VAN NUYS,Bulky Items,3129
2021-08,VAN NUYS,Dead Animal Removal,92
2021-08,VAN NUYS,Electronic Waste,157
2021-08,VAN NUYS,Graffiti Removal,681
2021-08,VAN NUYS,Homeless Encampment,181
2021-08,VAN NUYS,Illegal Dumping Pickup,441
2021-08,VAN NUYS,Metal/Household Appliances,417
2021-08,VAN NUYS,Multiple Streetlight Issue,27
2021-08,VAN NUYS,Single Streetlight Issue,26
2021-08,WEST LOS ANGELES,Bulky Items,3268
2021-08,WEST LOS ANGELES,Dead Animal Removal,87
2021-08,WEST LOS ANGELES,Electronic Waste,214
2021-08,WEST LOS ANGELES,Graffiti Removal,541
2021-08,WEST LOS ANGELES,Homeless Encampment,258
2021-08,WEST LOS ANGELES,Illegal Dumping Pickup,285
2021-08,WEST LOS ANGELES,Metal/Household Appliances,681
2021-08,WEST LOS ANGELES,Multiple Streetlight Issue,18
2021-08,WEST LOS ANGELES,Single Streetlight Issue,50
2021-08,WEST VALLEY,Bulky Items,3503
2021-08,WEST VALLEY,Dead Animal Removal,161
2021-08,WEST VALLEY,Electronic Waste,208
2021-08,WEST VALLEY,Graffiti Removal,961
2021-08,WEST VALLEY,Homeless Encampment,193
2021-08,WEST VALLEY,Illegal Dumping Pickup,625
2021-08,WEST VALLEY,Metal/Household Appliances,613
2021-08,WEST VALLEY,Multiple Streetlight Issue,37
2021-08,WEST VALLEY,Single Streetlight Issue,20
2021-08,WILSHIRE,Bulky Items,2565
2021-08,WILSHIRE,Dead Animal Removal,69
2021-08,WILSHIRE,Electronic Waste,132
2021-08,WILSHIRE,Graffiti Removal,812
2021-08,WILSHIRE,Homeless Encampment,259
2021-08,WILSHIRE,Illegal Dumping Pickup,372
2021-08,WILSHIRE,Metal/Household Appliances,441
2021-08,WILSHIRE,Multiple Streetlight Issue,19
2021-08,WILSHIRE,Single Streetlight Issue,38
2021-09,77TH STREET,Bulky Items,3854
2021-09,77TH STREET,Dead Animal Removal,174
2021-09,77TH STREET,Electronic Waste,205
2021-09,77TH STREET,Graffiti Removal,1832
2021-09,77TH STREET,Homeless Encampment,137
2021-09,77TH STREET,Illegal Dumping Pickup,900
2021-09,77TH STREET,Metal/Household Appliances,493
2021-09,77TH STREET,Multiple Streetlight Issue,37
2021-09,77TH STREET,Single Streetlight Issue,41
2021-09,CENTRAL,Bulky Items,309
2021-09,CENTRAL,Dead Animal Removal,13
2021-09,CENTRAL,Electronic Waste,19
2021-09,CENTRAL,Graffiti Removal,1245
2021-09,CENTRAL,Homeless Encampment,98
2021-09,CENTRAL,Illegal Dumping Pickup,100
2021-09,CENTRAL,Metal/Household Appliances,38
2021-09,CENTRAL,Multiple Streetlight Issue,38
2021-09,CENTRAL,Single Streetlight Issue,82
2021-09,DEVONSHIRE,Bulky Items,3585
2021-09,DEVONSHIRE,Dead Animal Removal,216
2021-09,DEVONSHIRE,Electronic Waste,211
2021-09,DEVONSHIRE,Graffiti Removal,744
2021-09,DEVONSHIRE,Homeless Encampment,233
2021-09,DEVONSHIRE,Illegal Dumping Pickup,424
2021-09,DEVONSHIRE,Metal/Household Appliances,775
2021-09,DEVONSHIRE,Multiple Streetlight Issue,111
2021-09,DEVONSHIRE,Single Streetlight Issue,52
2021-09,FOOTHILL,Bulky Items,2966
2021-09,FOOTHILL,Dead Animal Removal,121
2021-09,FOOTHILL,Electronic Waste,186
2021-09,FOOTHILL,Graffiti Removal,679
2021-09,FOOTHILL,Homeless Encampment,318
2021-09,FOOTHILL,Illegal Dumping Pickup,972
2021-09,FOOTHILL,Metal/Household Appliances,539
2021-09,FOOTHILL,Multiple Streetlight Issue,59
2021-09,FOOTHILL,Single Streetlight Issue,63
2021-09,HARBOR,Bulky Items,2753
2021-09,HARBOR,Dead Animal Removal,137
2021-09,HARBOR,Electronic Waste,185
2021-09,HARBOR,Graffiti Removal,1925
2021-09,HARBOR,Homeless Encampment,76
2021-09,HARBOR,Illegal Dumping Pickup,406
2021-09,HARBOR,Metal/Household Appliances,616
2021-09,HARBOR,Multiple Streetlight Issue,5
2021-09,HARBOR,Single Streetlight Issue,6
2021-09,HOLLENBECK,Bulky Items,2316
2021-09,HOLLENBECK,Dead Animal Removal,110
2021-09,HOLLENBECK,Electronic Waste,133
2021-09,HOLLENBECK,Graffiti Removal,2422
2021-09,HOLLENBECK,Homeless Encampment,187
2021-09,HOLLENBECK,Illegal Dumping Pickup,433
2021-09,HOLLENBECK,Metal/Household Appliances,312
2021-09,HOLLENBECK,Multiple Streetlight Issue,20
2021-09,HOLLENBECK,Single Streetlight Issue,49
2021-09,HOLLYWOOD,Bulky Items,1861
2021-09,HOLLYWOOD,Dead Animal Removal,44
2021-09,HOLLYWOOD,Electronic Waste,101
2021-09,HOLLYWOOD,Graffiti Removal,1461
2021-09,HOLLYWOOD,Homeless Encampment,294
2021-09,HOLLYWOOD,Illegal Dumping Pickup,290
2021-09,HOLLYWOOD,Metal/Household Appliances,349
2021-09,HOLLYWOOD,Multiple Streetlight Issue,27
2021-09,HOLLYWOOD,Single Streetlight Issue,72
2021-09,MISSION,Bulky Items,3845
2021-09,MISSION,Dead Animal Removal,121
2021-09,MISSION,Electronic Waste,282
2021-09,MISSION,Graffiti Removal,1144
2021-09,MISSION,Homeless Encampment,254
2021-09,MISSION,Illegal Dumping Pickup,1004
2021-09,MISSION,Metal/Household Appliances,633
2021-09,MISSION,Multiple Streetlight Issue,96
2021-09,MISSION,Single Streetlight Issue,47
2021-09,NEWTON,Bulky Items,1972
2021-09,NEWTON,Dead Animal Removal,127
2021-09,NEWTON,Electronic Waste,95
2021-09,NEWTON,Graffiti Removal,4923
2021-09,NEWTON,Homeless Encampment,301
2021-09,NEWTON,Illegal Dumping Pickup,714
2021-09,NEWTON,Metal/Household Appliances,256
2021-09,NEWTON,Multiple Streetlight Issue,101
2021-09,NEWTON,Single Streetlight Issue,79
2021-09,NORTH HOLLYWOOD,Bulky Items,3239
2021-09,NORTH HOLLYWOOD,Dead Animal Removal,117
2021-09,NORTH HOLLYWOOD,Electronic Waste,163
2021-09,NORTH HOLLYWOOD,Graffiti Removal,1240
2021-09,NORTH HOLLYWOOD,Homeless Encampment,291
2021-09,NORTH HOLLYWOOD,Illegal Dumping Pickup,437
2021-09,NORTH HOLLYWOOD,Metal/Household Appliances,579
2021-09,NORTH HOLLYWOOD,Multiple Streetlight Issue,57
2021-09,NORTH HOLLYWOOD,Single Streetlight Issue,36
2021-09,NORTHEAST,Bulky Items,3775
2021-09,NORTHEAST,Dead Animal Removal,124
2021-09,NORTHEAST,Electronic Waste,231
2021-09,NORTHEAST,Graffiti Removal,1172
2021-09,NORTHEAST,Homeless Encampment,190
2021-09,NORTHEAST,Illegal Dumping Pickup,352
2021-09,NORTHEAST,Metal/Household Appliances,734
2021-09,NORTHEAST,Multiple Streetlight Issue,27
2021-09,NORTHEAST,Single Streetlight Issue,41
2021-09,OLYMPIC,Bulky Items,2295
2021-09,OLYMPIC,Dead Animal Removal,53
2021-09,OLYMPIC,Electronic Waste,105
2021-09,OLYMPIC,Graffiti Removal,1228
2021-09,OLYMPIC,Homeless Encampment,371
2021-09,OLYMPIC,Illegal Dumping Pickup,382
2021-09,OLYMPIC,Metal/Household Appliances,313
2021-09,OLYMPIC,Multiple Streetlight Issue,16
2021-09,OLYMPIC,Single Streetlight Issue,26
2021-09,PACIFIC,Bulky Items,2921
2021-09,PACIFIC,Dead Animal Removal,93
2021-09,PACIFIC,Electronic Waste,157
2021-09,PACIFIC,Graffiti Removal,843
2021-09,PACIFIC,Homeless Encampment,510
2021-09,PACIFIC,Illegal Dumping Pickup,305
2021-09,PACIFIC,Metal/Household Appliances,547
2021-09,PACIFIC,Multiple Streetlight Issue,17
2021-09,PACIFIC,Single Streetlight Issue,28
2021-09,RAMPART,Bulky Items,1697
2021-09,RAMPART,Dead Animal Removal,47
2021-09,RAMPART,Electronic Waste,99
2021-09,RAMPART,Graffiti Removal,2185
2021-09,RAMPART,Homeless Encampment,246
2021-09,RAMPART,Illegal Dumping Pickup,400
2021-09,RAMPART,Metal/Household Appliances,287
2021-09,RAMPART,Multiple Streetlight Issue,28
2021-09,RAMPART,Single Streetlight Issue,25
2021-09,SOUTHEAST,Bulky Items,2227
2021-09,SOUTHEAST,Dead Animal Removal,130
2021-09,SOUTHEAST,Electronic Waste,136
2021-09,SOUTHEAST,Graffiti Removal,1246
2021-09,SOUTHEAST,Homeless Encampment,123
2021-09,SOUTHEAST,Illegal Dumping Pickup,760
2021-09,SOUTHEAST,Metal/Household Appliances,338
2021-09,SOUTHEAST,Multiple Streetlight Issue,33
2021-09,SOUTHEAST,Single Streetlight Issue,31
2021-09,SOUTHWEST,Bulky Items,2880
2021-09,SOUTHWEST,Dead Animal Removal,107
2021-09,SOUTHWEST,Electronic Waste,177
2021-09,SOUTHWEST,Graffiti Removal,617
2021-09,SOUTHWEST,Homeless Encampment,116
2021-09,SOUTHWEST,Illegal Dumping Pickup,722
2021-09,SOUTHWEST,Metal/Household Appliances,405
2021-09,SOUTHWEST,Multiple Streetlight Issue,29
2021-09,SOUTHWEST,Single Streetlight Issue,30
2021-09,TOPANGA,Bulky Items,3148
2021-09,TOPANGA,Dead Animal Removal,184
2021-09,TOPANGA,Electronic Waste,180
2021-09,TOPANGA,Graffiti Removal,403
2021-09,TOPANGA,Homeless Encampment,298
2021-09,TOPANGA,Illegal Dumping Pickup,411
2021-09,TOPANGA,Metal/Household Appliances,681
2021-09,TOPANGA,Multiple Streetlight Issue,23
2021-09,TOPANGA,Single Streetlight Issue,35
2021-09,VAN NUYS,Bulky Items,2737
2021-09,VAN NUYS,Dead Animal Removal,100
2021-09,VAN NUYS,Electronic Waste,118
2021-09,VAN NUYS,Graffiti Removal,790
2021-09,VAN NUYS,Homeless Encampment,176
2021-09,VAN NUYS,Illegal Dumping Pickup,447
2021-09,VAN NUYS,Metal/Household Appliances,324
2021-09,VAN NUYS,Multiple Streetlight Issue,29
2021-09,VAN NUYS,Single Streetlight Issue,36
2021-09,WEST LOS ANGELES,Bulky Items,2851
2021-09,WEST LOS ANGELES,Dead Animal Removal,86
2021-09,WEST LOS ANGELES,Electronic Waste,182
2021-09,WEST LOS ANGELES,Graffiti Removal,289
2021-09,WEST LOS ANGELES,Homeless Encampment,218
2021-09,WEST LOS ANGELES,Illegal Dumping Pickup,348
2021-09,WEST LOS ANGELES,Metal/Household Appliances,519
2021-09,WEST LOS ANGELES,Multiple Streetlight Issue,15
2021-09,WEST LOS ANGELES,Single Streetlight Issue,33
2021-09,WEST VALLEY,Bulky Items,3115
2021-09,WEST VALLEY,Dead Animal Removal,179
2021-09,WEST VALLEY,Electronic Waste,165
2021-09,WEST VALLEY,Graffiti Removal,774
2021-09,WEST VALLEY,Homeless Encampment,192
2021-09,WEST VALLEY,Illegal Dumping Pickup,564
2021-09,WEST VALLEY,Metal/Household Appliances,536
2021-09,WEST VALLEY,Multiple Streetlight Issue,48
2021-09,WEST VALLEY,Single Streetlight Issue,34
2021-09,WILSHIRE,Bulky Items,2464
2021-09,WILSHIRE,Dead Animal Removal,101
2021-09,WILSHIRE,Electronic Waste,152
2021-09,WILSHIRE,Graffiti Removal,625
2021-09,WILSHIRE,Homeless Encampment,241
2021-09,WILSHIRE,Illegal Dumping Pickup,386
2021-09,WILSHIRE,Metal/Household Appliances,435
2021-09,WILSHIRE,Multiple Streetlight Issue,34
2021-09,WILSHIRE,Single Streetlight Issue,35
2021-10,77TH STREET,Bulky Items,2842
2021-10,77TH STREET,Dead Animal Removal,184
2021-10,77TH STREET,Electronic Waste,197
2021-10,77TH STREET,Graffiti Removal,1651
2021-10,77TH STREET,Homeless Encampment,115
2021-10,77TH STREET,Illegal Dumping Pickup,761
2021-10,77TH STREET,Metal/Household Appliances,411
2021-10,77TH STREET,Multiple Streetlight Issue,33
2021-10,77TH STREET,Single Streetlight Issue,47
2021-10,CENTRAL,Bulky Items,263
2021-10,CENTRAL,Dead Animal Removal,19
2021-10,CENTRAL,Electronic Waste,12
2021-10,CENTRAL,Graffiti Removal,1471
2021-10,CENTRAL,Homeless Encampment,82
2021-10,CENTRAL,Illegal Dumping Pickup,92
2021-10,CENTRAL,Metal/Household Appliances,27
2021-10,CENTRAL,Multiple Streetlight Issue,23
2021-10,CENTRAL,Single Streetlight Issue,43
2021-10,DEVONSHIRE,Bulky Items,3342
2021-10,DEVONSHIRE,Dead Animal Removal,211
2021-10,DEVONSHIRE,Electronic Waste,203
2021-10,DEVONSHIRE,Graffiti Removal,791
2021-10,DEVONSHIRE,Homeless Encampment,225
2021-10,DEVONSHIRE,Illegal Dumping Pickup,378
2021-10,DEVONSHIRE,Metal/Household Appliances,708
2021-10,DEVONSHIRE,Multiple Streetlight Issue,116
2021-10,DEVONSHIRE,Single Streetlight Issue,82
2021-10,FOOTHILL,Bulky Items,2935
2021-10,FOOTHILL,Dead Animal Removal,123
2021-10,FOOTHILL,Electronic Waste,177
2021-10,FOOTHILL,Graffiti Removal,1140
2021-10,FOOTHILL,Homeless Encampment,391
2021-10,FOOTHILL,Illegal Dumping Pickup,934
2021-10,FOOTHILL,Metal/Household Appliances,459
2021-10,FOOTHILL,Multiple Streetlight Issue,103
2021-10,FOOTHILL,Single Streetlight Issue,65
2021-10,HARBOR,Bulky Items,2368
2021-10,HARBOR,Dead Animal Removal,90
2021-10,HARBOR,Electronic Waste,158
2021-10,HARBOR,Graffiti Removal,1148
2021-10,HARBOR,Homeless Encampment,63
2021-10,HARBOR,Illegal Dumping Pickup,281
2021-10,HARBOR,Metal/Household Appliances,549
2021-10,HARBOR,Multiple Streetlight Issue,21
2021-10,HARBOR,Single Streetlight Issue,23
2021-10,HOLLENBECK,Bulky Items,2226
2021-10,HOLLENBECK,Dead Animal Removal,97
2021-10,HOLLENBECK,Electronic Waste,134
2021-10,HOLLENBECK,Graffiti Removal,2165
2021-10,HOLLENBECK,Homeless Encampment,181
2021-10,HOLLENBECK,Illegal Dumping Pickup,419
2021-10,HOLLENBECK,Metal/Household Appliances,289
2021-10,HOLLENBECK,Multiple Streetlight Issue,38
2021-10,HOLLENBECK,Single Streetlight Issue,30
2021-10,HOLLYWOOD,Bulky Items,1708
2021-10,HOLLYWOOD,Dead Animal Removal,61
2021-10,HOLLYWOOD,Electronic Waste,101
2021-10,HOLLYWOOD,Graffiti Removal,1093
2021-10,HOLLYWOOD,Homeless Encampment,298
2021-10,HOLLYWOOD,Illegal Dumping Pickup,278
2021-10,HOLLYWOOD,Metal/Household Appliances,300
2021-10,HOLLYWOOD,Multiple Streetlight Issue,34
2021-10,HOLLYWOOD,Single Streetlight Issue,81
2021-10,MISSION,Bulky Items,3243
2021-10,MISSION,Dead Animal Removal,171
2021-10,MISSION,Electronic Waste,226
2021-10,MISSION,Graffiti Removal,1886
2021-10,MISSION,Homeless Encampment,226
2021-10,MISSION,Illegal Dumping Pickup,1063
2021-10,MISSION,Metal/Household Appliances,470
2021-10,MISSION,Multiple Streetlight Issue,98
2021-10,MISSION,Single Streetlight Issue,72
2021-10,NEWTON,Bulky Items,1646
2021-10,NEWTON,Dead Animal Removal,136
2021-10,NEWTON,Electronic Waste,73
2021-10,NEWTON,Graffiti Removal,3189
2021-10,NEWTON,Homeless Encampment,250
2021-10,NEWTON,Illegal Dumping Pickup,561
2021-10,NEWTON,Metal/Household Appliances,221
2021-10,NEWTON,Multiple Streetlight Issue,99
2021-10,NEWTON,Single Streetlight Issue,84
2021-10,NORTH HOLLYWOOD,Bulky Items,3018
2021-10,NORTH HOLLYWOOD,Dead Animal Removal,102
2021-10,NORTH HOLLYWOOD,Electronic Waste,164
2021-10,NORTH HOLLYWOOD,Graffiti Removal,1151
2021-10,NORTH HOLLYWOOD,Homeless Encampment,231
2021-10,NORTH HOLLYWOOD,Illegal Dumping Pickup,464
2021-10,NORTH HOLLYWOOD,Metal/Household Appliances,492
2021-10,NORTH HOLLYWOOD,Multiple Streetlight Issue,92
2021-10,NORTH HOLLYWOOD,Single Streetlight Issue,61
2021-10,NORTHEAST,Bulky Items,3369
2021-10,NORTHEAST,Dead Animal Removal,145
2021-10,NORTHEAST,Electronic Waste,233
2021-10,NORTHEAST,Graffiti Removal,1201
2021-10,NORTHEAST,Homeless Encampment,156
2021-10,NORTHEAST,Illegal Dumping Pickup,385
2021-10,NORTHEAST,Metal/Household Appliances,641
2021-10,NORTHEAST,Multiple Streetlight Issue,20
2021-10,NORTHEAST,Single Streetlight Issue,43
2021-10,OLYMPIC,Bulky Items,1982
2021-10,OLYMPIC,Dead Animal Removal,71
2021-10,OLYMPIC,Electronic Waste,103
2021-10,OLYMPIC,Graffiti Removal,902
2021-10,OLYMPIC,Homeless Encampment,274
2021-10,OLYMPIC,Illegal Dumping Pickup,425
2021-10,OLYMPIC,Metal/Household Appliances,279
2021-10,OLYMPIC,Multiple Streetlight Issue,15
2021-10,OLYMPIC,Single Streetlight Issue,39
2021-10,PACIFIC,Bulky Items,2527
2021-10,PACIFIC,Dead Animal Removal,97
2021-10,PACIFIC,Electronic Waste,134
2021-10,PACIFIC,Graffiti Removal,679
2021-10,PACIFIC,Homeless Encampment,353
2021-10,PACIFIC,Illegal Dumping Pickup,282
2021-10,PACIFIC,Metal/Household Appliances,455
2021-10,PACIFIC,Multiple Streetlight Issue,12
2021-10,PACIFIC,Single Streetlight Issue,41
2021-10,RAMPART,Bulky Items,1579
2021-10,RAMPART,Dead Animal Removal,34
2021-10,RAMPART,Electronic Waste,83
2021-10,RAMPART,Graffiti Removal,2570
2021-10,RAMPART,Homeless Encampment,202
2021-10,RAMPART,Illegal Dumping Pickup,370
2021-10,RAMPART,Metal/Household Appliances,249
2021-10,RAMPART,Multiple Streetlight Issue,33
2021-10,RAMPART,Single Streetlight Issue,44
2021-10,SOUTHEAST,Bulky Items,1773
2021-10,SOUTHEAST,Dead Animal Removal,146
2021-10,SOUTHEAST,Electronic Waste,87
2021-10,SOUTHEAST,Graffiti Removal,779
2021-10,SOUTHEAST,Homeless Encampment,110
2021-10,SOUTHEAST,Illegal Dumping Pickup,601
2021-10,SOUTHEAST,Metal/Household Appliances,226
2021-10,SOUTHEAST,Multiple Streetlight Issue,32
2021-10,SOUTHEAST,Single Streetlight Issue,49
2021-10,SOUTHWEST,Bulky Items,2696
2021-10,SOUTHWEST,Dead Animal Removal,98
2021-10,SOUTHWEST,Electronic Waste,175
2021-10,SOUTHWEST,Graffiti Removal,729
2021-10,SOUTHWEST,Homeless Encampment,99
2021-10,SOUTHWEST,Illegal Dumping Pickup,579
2021-10,SOUTHWEST,Metal/Household Appliances,387
2021-10,SOUTHWEST,Multiple Streetlight Issue,34
2021-10,SOUTHWEST,Single Streetlight Issue,42
2021-10,TOPANGA,Bulky Items,2874
2021-10,TOPANGA,Dead Animal Removal,173
2021-10,TOPANGA,Electronic Waste,151
2021-10,TOPANGA,Graffiti Removal,434
2021-10,TOPANGA,Homeless Encampment,335
2021-10,TOPANGA,Illegal Dumping Pickup,361
2021-10,TOPANGA,Metal/Household Appliances,587
2021-10,TOPANGA,Multiple Streetlight Issue,32
2021-10,TOPANGA,Single Streetlight Issue,47
2021-10,VAN NUYS,Bulky Items,2615
2021-10,VAN NUYS,Dead Animal Removal,104
2021-10,VAN NUYS,Electronic Waste,138
2021-10,VAN NUYS,Graffiti Removal,773
2021-10,VAN NUYS,Homeless Encampment,130
2021-10,VAN NUYS,Illegal Dumping Pickup,391
2021-10,VAN NUYS,Metal/Household Appliances,346
2021-10,VAN NUYS,Multiple Streetlight Issue,51
2021-10,VAN NUYS,Single Streetlight Issue,32
2021-10,WEST LOS ANGELES,Bulky Items,2348
2021-10,WEST LOS ANGELES,Dead Animal Removal,93
2021-10,WEST LOS ANGELES,Electronic Waste,149
2021-10,WEST LOS ANGELES,Graffiti Removal,414
2021-10,WEST LOS ANGELES,Homeless Encampment,176
2021-10,WEST LOS ANGELES,Illegal Dumping Pickup,285
2021-10,WEST LOS ANGELES,Metal/Household Appliances,500
2021-10,WEST LOS ANGELES,Multiple Streetlight Issue,32
2021-10,WEST LOS ANGELES,Single Streetlight Issue,71
2021-10,WEST VALLEY,Bulky Items,2927
2021-10,WEST VALLEY,Dead Animal Removal,178
2021-10,WEST VALLEY,Electronic Waste,150
2021-10,WEST VALLEY,Graffiti Removal,877
2021-10,WEST VALLEY,Homeless Encampment,179
2021-10,WEST VALLEY,Illegal Dumping Pickup,435
2021-10,WEST VALLEY,Metal/Household Appliances,498
2021-10,WEST VALLEY,Multiple Streetlight Issue,70
2021-10,WEST VALLEY,Single Streetlight Issue,30
2021-10,WILSHIRE,Bulky Items,2178
2021-10,WILSHIRE,Dead Animal Removal,82
2021-10,WILSHIRE,Electronic Waste,121
2021-10,WILSHIRE,Graffiti Removal,630
2021-10,WILSHIRE,Homeless Encampment,220
2021-10,WILSHIRE,Illegal Dumping Pickup,324
2021-10,WILSHIRE,Metal/Household Appliances,368
2021-10,WILSHIRE,Multiple Streetlight Issue,23
2021-10,WILSHIRE,Single Streetlight Issue,56
2021-11,77TH STREET,Bulky Items,2680
2021-11,77TH STREET,Dead Animal Removal,179
2021-11,77TH STREET,Electronic Waste,159
2021-11,77TH STREET,Graffiti Removal,1283
2021-11,77TH STREET,Homeless Encampment,120
2021-11,77TH STREET,Illegal Dumping Pickup,727
2021-11,77TH STREET,Metal/Household Appliances,402
2021-11,77TH STREET,Multiple Streetlight Issue,60
2021-11,77TH STREET,Single Streetlight Issue,44
2021-11,CENTRAL,Bulky Items,267
2021-11,CENTRAL,Dead Animal Removal,28
2021-11,CENTRAL,Electronic Waste,21
2021-11,CENTRAL,Graffiti Removal,1263
2021-11,CENTRAL,Homeless Encampment,79
2021-11,CENTRAL,Illegal Dumping Pickup,82
2021-11,CENTRAL,Metal/Household Appliances,29
2021-11,CENTRAL,Multiple Streetlight Issue,18
2021-11,CENTRAL,Single Streetlight Issue,33
2021-11,DEVONSHIRE,Bulky Items,3390
2021-11,DEVONSHIRE,Dead Animal Removal,159
2021-11,DEVONSHIRE,Electronic Waste,233
2021-11,DEVONSHIRE,Graffiti Removal,665
2021-11,DEVONSHIRE,Homeless Encampment,190
2021-11,DEVONSHIRE,Illegal Dumping Pickup,352
2021-11,DEVONSHIRE,Metal/Household Appliances,742
2021-11,DEVONSHIRE,Multiple Streetlight Issue,143
2021-11,DEVONSHIRE,Single Streetlight Issue,70
2021-11,FOOTHILL,Bulky Items,2659
2021-11,FOOTHILL,Dead Animal Removal,103
2021-11,FOOTHILL,Electronic Waste,189
2021-11,FOOTHILL,Graffiti Removal,814
2021-11,FOOTHILL,Homeless Encampment,249
2021-11,FOOTHILL,Illegal Dumping Pickup,729
2021-11,FOOTHILL,Metal/Household Appliances,461
2021-11,FOOTHILL,Multiple Streetlight Issue,94
2021-11,FOOTHILL,Single Streetlight Issue,63
2021-11,HARBOR,Bulky Items,2444
2021-11,HARBOR,Dead Animal Removal,81
2021-11,HARBOR,Electronic Waste,187
2021-11,HARBOR,Graffiti Removal,1929
2021-11,HARBOR,Homeless Encampment,73
2021-11,HARBOR,Illegal Dumping Pickup,286
2021-11,HARBOR,Metal/Household Appliances,545
2021-11,HARBOR,Multiple Streetlight Issue,36
2021-11,HARBOR,Single Streetlight Issue,21
2021-11,HOLLENBECK,Bulky Items,2107
2021-11,HOLLENBECK,Dead Animal Removal,86
2021-11,HOLLENBECK,Electronic Waste,137
2021-11,HOLLENBECK,Graffiti Removal,2455
2021-11,HOLLENBECK,Homeless Encampment,141
2021-11,HOLLENBECK,Illegal Dumping Pickup,423
2021-11,HOLLENBECK,Metal/Household Appliances,296
2021-11,HOLLENBECK,Multiple Streetlight Issue,51
2021-11,HOLLENBECK,Single Streetlight Issue,54
2021-11,HOLLYWOOD,Bulky Items,1525
2021-11,HOLLYWOOD,Dead Animal Removal,31
2021-11,HOLLYWOOD,Electronic Waste,113
2021-11,HOLLYWOOD,Graffiti Removal,1388
2021-11,HOLLYWOOD,Homeless Encampment,249
2021-11,HOLLYWOOD,Illegal Dumping Pickup,303
2021-11,HOLLYWOOD,Metal/Household Appliances,265
2021-11,HOLLYWOOD,Multiple Streetlight Issue,36
2021-11,HOLLYWOOD,Single Streetlight Issue,82
2021-11,MISSION,Bulky Items,3230
2021-11,MISSION,Dead Animal Removal,119
2021-11,MISSION,Electronic Waste,237
2021-11,MISSION,Graffiti Removal,1254
2021-11,MISSION,Homeless Encampment,245
2021-11,MISSION,Illegal Dumping Pickup,780
2021-11,MISSION,Metal/Household Appliances,492
2021-11,MISSION,Multiple Streetlight Issue,135
2021-11,MISSION,Single Streetlight Issue,96
2021-11,NEWTON,Bulky Items,1995
2021-11,NEWTON,Dead Animal Removal,98
2021-11,NEWTON,Electronic Waste,118
2021-11,NEWTON,Graffiti Removal,3298
2021-11,NEWTON,Homeless Encampment,242
2021-11,NEWTON,Illegal Dumping Pickup,612
2021-11,NEWTON,Metal/Household Appliances,270
2021-11,NEWTON,Multiple Streetlight Issue,114
2021-11,NEWTON,Single Streetlight Issue,74
2021-11,NORTH HOLLYWOOD,Bulky Items,3186
2021-11,NORTH HOLLYWOOD,Dead Animal Removal,86
2021-11,NORTH HOLLYWOOD,Electronic Waste,189
2021-11,NORTH HOLLYWOOD,Graffiti Removal,1327
2021-11,NORTH HOLLYWOOD,Homeless Encampment,283
2021-11,NORTH HOLLYWOOD,Illegal Dumping Pickup,398
2021-11,NORTH HOLLYWOOD,Metal/Household Appliances,504
2021-11,NORTH HOLLYWOOD,Multiple Streetlight Issue,167
2021-11,NORTH HOLLYWOOD,Single Streetlight Issue,94
2021-11,NORTHEAST,Bulky Items,3534
2021-11,NORTHEAST,Dead Animal Removal,125
2021-11,NORTHEAST,Electronic Waste,229
2021-11,NORTHEAST,Graffiti Removal,1457
2021-11,NORTHEAST,Homeless Encampment,166
2021-11,NORTHEAST,Illegal Dumping Pickup,345
2021-11,NORTHEAST,Metal/Household Appliances,643
2021-11,NORTHEAST,Multiple Streetlight Issue,11
2021-11,NORTHEAST,Single Streetlight Issue,41
2021-11,OLYMPIC,Bulky Items,1766
2021-11,OLYMPIC,Dead Animal Removal,55
2021-11,OLYMPIC,Electronic Waste,85
2021-11,OLYMPIC,Graffiti Removal,1215
2021-11,OLYMPIC,Homeless Encampment,279
2021-11,OLYMPIC,Illegal Dumping Pickup,462
2021-11,OLYMPIC,Metal/Household Appliances,198
2021-11,OLYMPIC,Multiple Streetlight Issue,14
2021-11,OLYMPIC,Single Streetlight Issue,32
2021-11,PACIFIC,Bulky Items,2452
2021-11,PACIFIC,Dead Animal Removal,90
2021-11,PACIFIC,Electronic Waste,162
2021-11,PACIFIC,Graffiti Removal,558
2021-11,PACIFIC,Homeless Encampment,386
2021-11,PACIFIC,Illegal Dumping Pickup,228
2021-11,PACIFIC,Metal/Household Appliances,389
2021-11,PACIFIC,Multiple Streetlight Issue,20
2021-11,PACIFIC,Single Streetlight Issue,48
2021-11,RAMPART,Bulky Items,1614
2021-11,RAMPART,Dead Animal Removal,32
2021-11,RAMPART,Electronic Waste,93
2021-11,RAMPART,Graffiti Removal,2828
2021-11,RAMPART,Homeless Encampment,218
2021-11,RAMPART,Illegal Dumping Pickup,478
2021-11,RAMPART,Metal/Household Appliances,225
2021-11,RAMPART,Multiple Streetlight Issue,50
2021-11,RAMPART,Single Streetlight Issue,40
2021-11,SOUTHEAST,Bulky Items,1572
2021-11,SOUTHEAST,Dead Animal Removal,103
2021-11,SOUTHEAST,Electronic Waste,90
2021-11,SOUTHEAST,Graffiti Removal,973
2021-11,SOUTHEAST,Homeless Encampment,95
2021-11,SOUTHEAST,Illegal Dumping Pickup,575
2021-11,SOUTHEAST,Metal/Household Appliances,208
2021-11,SOUTHEAST,Multiple Streetlight Issue,32
2021-11,SOUTHEAST,Single Streetlight Issue,49
2021-11,SOUTHWEST,Bulky Items,2607
2021-11,SOUTHWEST,Dead Animal Removal,93
2021-11,SOUTHWEST,Electronic Waste,160
2021-11,SOUTHWEST,Graffiti Removal,677
2021-11,SOUTHWEST,Homeless Encampment,99
2021-11,SOUTHWEST,Illegal Dumping Pickup,597
2021-11,SOUTHWEST,Metal/Household Appliances,410
2021-11,SOUTHWEST,Multiple Streetlight Issue,52
2021-11,SOUTHWEST,Single Streetlight Issue,64
2021-11,TOPANGA,Bulky Items,2824
2021-11,TOPANGA,Dead Animal Removal,112
2021-11,TOPANGA,Electronic Waste,193
2021-11,TOPANGA,Graffiti Removal,402
2021-11,TOPANGA,Homeless Encampment,208
2021-11,TOPANGA,Illegal Dumping Pickup,286
2021-11,TOPANGA,Metal/Household Appliances,610
2021-11,TOPANGA,Multiple Streetlight Issue,45
2021-11,TOPANGA,Single Streetlight Issue,48
2021-11,VAN NUYS,Bulky Items,2735
2021-11,VAN NUYS,Dead Animal Removal,108
2021-11,VAN NUYS,Electronic Waste,134
2021-11,VAN NUYS,Graffiti Removal,716
2021-11,VAN NUYS,Homeless Encampment,159
2021-11,VAN NUYS,Illegal Dumping Pickup,342
2021-11,VAN NUYS,Metal/Household Appliances,357
2021-11,VAN NUYS,Multiple Streetlight Issue,75
2021-11,VAN NUYS,Single Streetlight Issue,40
2021-11,WEST LOS ANGELES,Bulky Items,2269
2021-11,WEST LOS ANGELES,Dead Animal Removal,91
2021-11,WEST LOS ANGELES,Electronic Waste,182
2021-11,WEST LOS ANGELES,Graffiti Removal,319
2021-11,WEST LOS ANGELES,Homeless Encampment,203
2021-11,WEST LOS ANGELES,Illegal Dumping Pickup,228
2021-11,WEST LOS ANGELES,Metal/Household Appliances,516
2021-11,WEST LOS ANGELES,Multiple Streetlight Issue,24
2021-11,WEST LOS ANGELES,Single Streetlight Issue,70
2021-11,WEST VALLEY,Bulky Items,3219
2021-11,WEST VALLEY,Dead Animal Removal,133
2021-11,WEST VALLEY,Electronic Waste,203
2021-11,WEST VALLEY,Graffiti Removal,795
2021-11,WEST VALLEY,Homeless Encampment,166
2021-11,WEST VALLEY,Illegal Dumping Pickup,398
2021-11,WEST VALLEY,Metal/Household Appliances,534
2021-11,WEST VALLEY,Multiple Streetlight Issue,139
2021-11,WEST VALLEY,Single Streetlight Issue,74
2021-11,WILSHIRE,Bulky Items,2055
2021-11,WILSHIRE,Dead Animal Removal,74
2021-11,WILSHIRE,Electronic Waste,132
2021-11,WILSHIRE,Graffiti Removal,548
2021-11,WILSHIRE,Homeless Encampment,251
2021-11,WILSHIRE,Illegal Dumping Pickup,336
2021-11,WILSHIRE,Metal/Household Appliances,348
2021-11,WILSHIRE,Multiple Streetlight Issue,35
2021-11,WILSHIRE,Single Streetlight Issue,64
2021-12,77TH STREET,Bulky Items,2681
2021-12,77TH STREET,Dead Animal Removal,128
2021-12,77TH STREET,Electronic Waste,191
2021-12,77TH STREET,Graffiti Removal,1009
2021-12,77TH STREET,Homeless Encampment,89
2021-12,77TH STREET,Illegal Dumping Pickup,737
2021-12,77TH STREET,Metal/Household Appliances,395
2021-12,77TH STREET,Multiple Streetlight Issue,39
2021-12,77TH STREET,Single Streetlight Issue,56
2021-12,CENTRAL,Bulky Items,231
2021-12,CENTRAL,Dead Animal Removal,13
2021-12,CENTRAL,Electronic Waste,12
2021-12,CENTRAL,Graffiti Removal,1025
2021-12,CENTRAL,Homeless Encampment,59
2021-12,CENTRAL,Illegal Dumping Pickup,76
2021-12,CENTRAL,Metal/Household Appliances,34
2021-12,CENTRAL,Multiple Streetlight Issue,38
2021-12,CENTRAL,Single Streetlight Issue,69
2021-12,DEVONSHIRE,Bulky Items,3144
2021-12,DEVONSHIRE,Dead Animal Removal,139
2021-12,DEVONSHIRE,Electronic Waste,215
2021-12,DEVONSHIRE,Graffiti Removal,661
2021-12,DEVONSHIRE,Homeless Encampment,179
2021-12,DEVONSHIRE,Illegal Dumping Pickup,337
2021-12,DEVONSHIRE,Metal/Household Appliances,701
2021-12,DEVONSHIRE,Multiple Streetlight Issue,201
2021-12,DEVONSHIRE,Single Streetlight Issue,101
2021-12,FOOTHILL,Bulky Items,2549
2021-12,FOOTHILL,Dead Animal Removal,121
2021-12,FOOTHILL,Electronic Waste,177
2021-12,FOOTHILL,Graffiti Removal,757
2021-12,FOOTHILL,Homeless Encampment,265
2021-12,FOOTHILL,Illegal Dumping Pickup,746
2021-12,FOOTHILL,Metal/Household Appliances,397
2021-12,FOOTHILL,Multiple Streetlight Issue,111
2021-12,FOOTHILL,Single Streetlight Issue,52
2021-12,HARBOR,Bulky Items,2321
2021-12,HARBOR,Dead Animal Removal,82
2021-12,HARBOR,Electronic Waste,171
2021-12,HARBOR,Graffiti Removal,1189
2021-12,HARBOR,Homeless Encampment,52
2021-12,HARBOR,Illegal Dumping Pickup,285
2021-12,HARBOR,Metal/Household Appliances,529
2021-12,HARBOR,Multiple Streetlight Issue,19
2021-12,HARBOR,Single Streetlight Issue,26
2021-12,HOLLENBECK,Bulky Items,1939
2021-12,HOLLENBECK,Dead Animal Removal,72
2021-12,HOLLENBECK,Electronic Waste,151
2021-12,HOLLENBECK,Graffiti Removal,2581
2021-12,HOLLENBECK,Homeless Encampment,101
2021-12,HOLLENBECK,Illegal Dumping Pickup,355
2021-12,HOLLENBECK,Metal/Household Appliances,264
2021-12,HOLLENBECK,Multiple Streetlight Issue,35
2021-12,HOLLENBECK,Single Streetlight Issue,34
2021-12,HOLLYWOOD,Bulky Items,1534
2021-12,HOLLYWOOD,Dead Animal Removal,33
2021-12,HOLLYWOOD,Electronic Waste,105
2021-12,HOLLYWOOD,Graffiti Removal,1120
2021-12,HOLLYWOOD,Homeless Encampment,201
2021-12,HOLLYWOOD,Illegal Dumping Pickup,319
2021-12,HOLLYWOOD,Metal/Household Appliances,257
2021-12,HOLLYWOOD,Multiple Streetlight Issue,30
2021-12,HOLLYWOOD,Single Streetlight Issue,60
2021-12,MISSION,Bulky Items,3014
2021-12,MISSION,Dead Animal Removal,133
2021-12,MISSION,Electronic Waste,241
2021-12,MISSION,Graffiti Removal,1101
2021-12,MISSION,Homeless Encampment,183
2021-12,MISSION,Illegal Dumping Pickup,616
2021-12,MISSION,Metal/Household Appliances,497
2021-12,MISSION,Multiple Streetlight Issue,159
2021-12,MISSION,Single Streetlight Issue,84
2021-12,NEWTON,Bulky Items,1596
2021-12,NEWTON,Dead Animal Removal,95
2021-12,NEWTON,Electronic Waste,84
2021-12,NEWTON,Graffiti Removal,3318
2021-12,NEWTON,Homeless Encampment,246
2021-12,NEWTON,Illegal Dumping Pickup,733
2021-12,NEWTON,Metal/Household Appliances,189
2021-12,NEWTON,Multiple Streetlight Issue,108
2021-12,NEWTON,Single Streetlight Issue,58
2021-12,NORTH HOLLYWOOD,Bulky Items,2952
2021-12,NORTH HOLLYWOOD,Dead Animal Removal,80
2021-12,NORTH HOLLYWOOD,Electronic Waste,194
2021-12,NORTH HOLLYWOOD,Graffiti Removal,1257
2021-12,NORTH HOLLYWOOD,Homeless Encampment,289
2021-12,NORTH HOLLYWOOD,Illegal Dumping Pickup,348
2021-12,NORTH HOLLYWOOD,Metal/Household Appliances,455
2021-12,NORTH HOLLYWOOD,Multiple Streetlight Issue,125
2021-12,NORTH HOLLYWOOD,Single Streetlight Issue,88
2021-12,NORTHEAST,Bulky Items,3091
2021-12,NORTHEAST,Dead Animal Removal,131
2021-12,NORTHEAST,Electronic Waste,247
2021-12,NORTHEAST,Graffiti Removal,1346
2021-12,NORTHEAST,Homeless Encampment,145
2021-12,NORTHEAST,Illegal Dumping Pickup,311
2021-12,NORTHEAST,Metal/Household Appliances,601
2021-12,NORTHEAST,Multiple Streetlight Issue,25
2021-12,NORTHEAST,Single Streetlight Issue,60
2021-12,OLYMPIC,Bulky Items,1720
2021-12,OLYMPIC,Dead Animal Removal,56
2021-12,OLYMPIC,Electronic Waste,98
2021-12,OLYMPIC,Graffiti Removal,822
2021-12,OLYMPIC,Homeless Encampment,239
2021-12,OLYMPIC,Illegal Dumping Pickup,322
2021-12,OLYMPIC,Metal/Household Appliances,217
2021-12,OLYMPIC,Multiple Streetlight Issue,21
2021-12,OLYMPIC,Single Streetlight Issue,23
2021-12,PACIFIC,Bulky Items,2378
2021-12,PACIFIC,Dead Animal Removal,80
2021-12,PACIFIC,Electronic Waste,139
2021-12,PACIFIC,Graffiti Removal,392
2021-12,PACIFIC,Homeless Encampment,341
2021-12,PACIFIC,Illegal Dumping Pickup,200
2021-12,PACIFIC,Metal/Household Appliances,416
2021-12,PACIFIC,Multiple Streetlight Issue,21
2021-12,PACIFIC,Single Streetlight Issue,37
2021-12,RAMPART,Bulky Items,1427
2021-12,RAMPART,Dead Animal Removal,55
2021-12,RAMPART,Electronic Waste,92
2021-12,RAMPART,Graffiti Removal,2467
2021-12,RAMPART,Homeless Encampment,174
2021-12,RAMPART,Illegal Dumping Pickup,350
2021-12,RAMPART,Metal/Household Appliances,207
2021-12,RAMPART,Multiple Streetlight Issue,45
2021-12,RAMPART,Single Streetlight Issue,31
2021-12,SOUTHEAST,Bulky Items,1661
2021-12,SOUTHEAST,Dead Animal Removal,88
2021-12,SOUTHEAST,Electronic Waste,86
2021-12,SOUTHEAST,Graffiti Removal,655
2021-12,SOUTHEAST,Homeless Encampment,100
2021-12,SOUTHEAST,Illegal Dumping Pickup,595
2021-12,SOUTHEAST,Metal/Household Appliances,222
2021-12,SOUTHEAST,Multiple Streetlight Issue,32
2021-12,SOUTHEAST,Single Streetlight Issue,38
2021-12,SOUTHWEST,Bulky Items,2234
2021-12,SOUTHWEST,Dead Animal Removal,93
2021-12,SOUTHWEST,Electronic Waste,159
2021-12,SOUTHWEST,Graffiti Removal,466
2021-12,SOUTHWEST,Homeless Encampment,116
2021-12,SOUTHWEST,Illegal Dumping Pickup,565
2021-12,SOUTHWEST,Metal/Household Appliances,311
2021-12,SOUTHWEST,Multiple Streetlight Issue,51
2021-12,SOUTHWEST,Single Streetlight Issue,53
2021-12,TOPANGA,Bulky Items,2717
2021-12,TOPANGA,Dead Animal Removal,96
2021-12,TOPANGA,Electronic Waste,168
2021-12,TOPANGA,Graffiti Removal,446
2021-12,TOPANGA,Homeless Encampment,215
2021-12,TOPANGA,Illegal Dumping Pickup,335
2021-12,TOPANGA,Metal/Household Appliances,537
2021-12,TOPANGA,Multiple Streetlight Issue,64
2021-12,TOPANGA,Single Streetlight Issue,77
2021-12,VAN NUYS,Bulky Items,2553
2021-12,VAN NUYS,Dead Animal Removal,64
2021-12,VAN NUYS,Electronic Waste,121
2021-12,VAN NUYS,Graffiti Removal,831
2021-12,VAN NUYS,Homeless Encampment,218
2021-12,VAN NUYS,Illegal Dumping Pickup,281
2021-12,VAN NUYS,Metal/Household Appliances,306
2021-12,VAN NUYS,Multiple Streetlight Issue,60
2021-12,VAN NUYS,Single Streetlight Issue,30
2021-12,WEST LOS ANGELES,Bulky Items,2072
2021-12,WEST LOS ANGELES,Dead Animal Removal,71
2021-12,WEST LOS ANGELES,Electronic Waste,157
2021-12,WEST LOS ANGELES,Graffiti Removal,250
2021-12,WEST LOS ANGELES,Homeless Encampment,144
2021-12,WEST LOS ANGELES,Illegal Dumping Pickup,157
2021-12,WEST LOS ANGELES,Metal/Household Appliances,411
2021-12,WEST LOS ANGELES,Multiple Streetlight Issue,48
2021-12,WEST LOS ANGELES,Single Streetlight Issue,56
2021-12,WEST VALLEY,Bulky Items,2687
2021-12,WEST VALLEY,Dead Animal Removal,99
2021-12,WEST VALLEY,Electronic Waste,203
2021-12,WEST VALLEY,Graffiti Removal,920
2021-12,WEST VALLEY,Homeless Encampment,163
2021-12,WEST VALLEY,Illegal Dumping Pickup,418
2021-12,WEST VALLEY,Metal/Household Appliances,435
2021-12,WEST VALLEY,Multiple Streetlight Issue,116
2021-12,WEST VALLEY,Single Streetlight Issue,67
2021-12,WILSHIRE,Bulky Items,2074
2021-12,WILSHIRE,Dead Animal Removal,72
2021-12,WILSHIRE,Electronic Waste,124
2021-12,WILSHIRE,Graffiti Removal,541
2021-12,WILSHIRE,Homeless Encampment,267
2021-12,WILSHIRE,Illegal Dumping Pickup,293
2021-12,WILSHIRE,Metal/Household Appliances,317
2021-12,WILSHIRE,Multiple Streetlight Issue,66
2021-12,WILSHIRE,Single Streetlight Issue,73
2022-01,77TH STREET,Bulky Items,3324
2022-01,77TH STREET,Dead Animal Removal,139
2022-01,77TH STREET,Electronic Waste,192
2022-01,77TH STREET,Graffiti Removal,1218
2022-01,77TH STREET,Homeless Encampment,121
2022-01,77TH STREET,Illegal Dumping Pickup,978
2022-01,77TH STREET,Metal/Household Appliances,415
2022-01,77TH STREET,Multiple Streetlight Issue,100
2022-01,77TH STREET,Single Streetlight Issue,53
2022-01,CENTRAL,Bulky Items,367
2022-01,CENTRAL,Dead Animal Removal,15
2022-01,CENTRAL,Electronic Waste,21
2022-01,CENTRAL,Graffiti Removal,1098
2022-01,CENTRAL,Homeless Encampment,72
2022-01,CENTRAL,Illegal Dumping Pickup,60
2022-01,CENTRAL,Metal/Household Appliances,41
2022-01,CENTRAL,Multiple Streetlight Issue,113
2022-01,CENTRAL,Single Streetlight Issue,146
2022-01,DEVONSHIRE,Bulky Items,4141
2022-01,DEVONSHIRE,Dead Animal Removal,166
2022-01,DEVONSHIRE,Electronic Waste,300
2022-01,DEVONSHIRE,Graffiti Removal,668
2022-01,DEVONSHIRE,Homeless Encampment,293
2022-01,DEVONSHIRE,Illegal Dumping Pickup,371
2022-01,DEVONSHIRE,Metal/Household Appliances,804
2022-01,DEVONSHIRE,Multiple Streetlight Issue,245
2022-01,DEVONSHIRE,Single Streetlight Issue,91
2022-01,FOOTHILL,Bulky Items,2902
2022-01,FOOTHILL,Dead Animal Removal,112
2022-01,FOOTHILL,Electronic Waste,193
2022-01,FOOTHILL,Graffiti Removal,665
2022-01,FOOTHILL,Homeless Encampment,315
2022-01,FOOTHILL,Illegal Dumping Pickup,565
2022-01,FOOTHILL,Metal/Household Appliances,489
2022-01,FOOTHILL,Multiple Streetlight Issue,154
2022-01,FOOTHILL,Single Streetlight Issue,61
2022-01,HARBOR,Bulky Items,2847
2022-01,HARBOR,Dead Animal Removal,94
2022-01,HARBOR,Electronic Waste,213
2022-01,HARBOR,Graffiti Removal,1828
2022-01,HARBOR,Homeless Encampment,77
2022-01,HARBOR,Illegal Dumping Pickup,376
2022-01,HARBOR,Metal/Household Appliances,561
2022-01,HARBOR,Multiple Streetlight Issue,40
2022-01,HARBOR,Single Streetlight Issue,36
2022-01,HOLLENBECK,Bulky Items,2640
2022-01,HOLLENBECK,Dead Animal Removal,93
2022-01,HOLLENBECK,Electronic Waste,225
2022-01,HOLLENBECK,Graffiti Removal,2801
2022-01,HOLLENBECK,Homeless Encampment,148
2022-01,HOLLENBECK,Illegal Dumping Pickup,488
2022-01,HOLLENBECK,Metal/Household Appliances,320
2022-01,HOLLENBECK,Multiple Streetlight Issue,45
2022-01,HOLLENBECK,Single Streetlight Issue,68
2022-01,HOLLYWOOD,Bulky Items,2327
2022-01,HOLLYWOOD,Dead Animal Removal,40
2022-01,HOLLYWOOD,Electronic Waste,125
2022-01,HOLLYWOOD,Graffiti Removal,1294
2022-01,HOLLYWOOD,Homeless Encampment,259
2022-01,HOLLYWOOD,Illegal Dumping Pickup,355
2022-01,HOLLYWOOD,Metal/Household Appliances,333
2022-01,HOLLYWOOD,Multiple Streetlight Issue,42
2022-01,HOLLYWOOD,Single Streetlight Issue,116
2022-01,MISSION,Bulky Items,3322
2022-01,MISSION,Dead Animal Removal,148
2022-01,MISSION,Electronic Waste,207
2022-01,MISSION,Graffiti Removal,1152
2022-01,MISSION,Homeless Encampment,262
2022-01,MISSION,Illegal Dumping Pickup,563
2022-01,MISSION,Metal/Household Appliances,492
2022-01,MISSION,Multiple Streetlight Issue,184
2022-01,MISSION,Single Streetlight Issue,151
2022-01,NEWTON,Bulky Items,1795
2022-01,NEWTON,Dead Animal Removal,88
2022-01,NEWTON,Electronic Waste,115
2022-01,NEWTON,Graffiti Removal,3892
2022-01,NEWTON,Homeless Encampment,275
2022-01,NEWTON,Illegal Dumping Pickup,579
2022-01,NEWTON,Metal/Household Appliances,209
2022-01,NEWTON,Multiple Streetlight Issue,144
2022-01,NEWTON,Single Streetlight Issue,100
2022-01,NORTH HOLLYWOOD,Bulky Items,3970
2022-01,NORTH HOLLYWOOD,Dead Animal Removal,124
2022-01,NORTH HOLLYWOOD,Electronic Waste,208
2022-01,NORTH HOLLYWOOD,Graffiti Removal,1062
2022-01,NORTH HOLLYWOOD,Homeless Encampment,361
2022-01,NORTH HOLLYWOOD,Illegal Dumping Pickup,399
2022-01,NORTH HOLLYWOOD,Metal/Household Appliances,497
2022-01,NORTH HOLLYWOOD,Multiple Streetlight Issue,141
2022-01,NORTH HOLLYWOOD,Single Streetlight Issue,73
2022-01,NORTHEAST,Bulky Items,4887
2022-01,NORTHEAST,Dead Animal Removal,154
2022-01,NORTHEAST,Electronic Waste,309
2022-01,NORTHEAST,Graffiti Removal,1808
2022-01,NORTHEAST,Homeless Encampment,268
2022-01,NORTHEAST,Illegal Dumping Pickup,397
2022-01,NORTHEAST,Metal/Household Appliances,701
2022-01,NORTHEAST,Multiple Streetlight Issue,30
2022-01,NORTHEAST,Single Streetlight Issue,81
2022-01,OLYMPIC,Bulky Items,2242
2022-01,OLYMPIC,Dead Animal Removal,54
2022-01,OLYMPIC,Electronic Waste,93
2022-01,OLYMPIC,Graffiti Removal,1238
2022-01,OLYMPIC,Homeless Encampment,273
2022-01,OLYMPIC,Illegal Dumping Pickup,491
2022-01,OLYMPIC,Metal/Household Appliances,270
2022-01,OLYMPIC,Multiple Streetlight Issue,48
2022-01,OLYMPIC,Single Streetlight Issue,37
2022-01,PACIFIC,Bulky Items,3617
2022-01,PACIFIC,Dead Animal Removal,89
2022-01,PACIFIC,Electronic Waste,186
2022-01,PACIFIC,Graffiti Removal,621
2022-01,PACIFIC,Homeless Encampment,466
2022-01,PACIFIC,Illegal Dumping Pickup,253
2022-01,PACIFIC,Metal/Household Appliances,499
2022-01,PACIFIC,Multiple Streetlight Issue,17
2022-01,PACIFIC,Single Streetlight Issue,73
2022-01,RAMPART,Bulky Items,1912
2022-01,RAMPART,Dead Animal Removal,52
2022-01,RAMPART,Electronic Waste,95
2022-01,RAMPART,Graffiti Removal,2804
2022-01,RAMPART,Homeless Encampment,262
2022-01,RAMPART,Illegal Dumping Pickup,399
2022-01,RAMPART,Metal/Household Appliances,209
2022-01,RAMPART,Multiple Streetlight Issue,75
2022-01,RAMPART,Single Streetlight Issue,55
2022-01,SOUTHEAST,Bulky Items,1936
2022-01,SOUTHEAST,Dead Animal Removal,98
2022-01,SOUTHEAST,Electronic Waste,119
2022-01,SOUTHEAST,Graffiti Removal,1025
2022-01,SOUTHEAST,Homeless Encampment,109
2022-01,SOUTHEAST,Illegal Dumping Pickup,701
2022-01,SOUTHEAST,Metal/Household Appliances,259
2022-01,SOUTHEAST,Multiple Streetlight Issue,59
2022-01,SOUTHEAST,Single Streetlight Issue,37
2022-01,SOUTHWEST,Bulky Items,3219
2022-01,SOUTHWEST,Dead Animal Removal,98
2022-01,SOUTHWEST,Electronic Waste,168
2022-01,SOUTHWEST,Graffiti Removal,730
2022-01,SOUTHWEST,Homeless Encampment,134
2022-01,SOUTHWEST,Illegal Dumping Pickup,670
2022-01,SOUTHWEST,Metal/Household Appliances,430
2022-01,SOUTHWEST,Multiple Streetlight Issue,80
2022-01,SOUTHWEST,Single Streetlight Issue,61
2022-01,TOPANGA,Bulky Items,3401
2022-01,TOPANGA,Dead Animal Removal,101
2022-01,TOPANGA,Electronic Waste,234
2022-01,TOPANGA,Graffiti Removal,428
2022-01,TOPANGA,Homeless Encampment,227
2022-01,TOPANGA,Illegal Dumping Pickup,387
2022-01,TOPANGA,Metal/Household Appliances,617
2022-01,TOPANGA,Multiple Streetlight Issue,71
2022-01,TOPANGA,Single Streetlight Issue,96
2022-01,VAN NUYS,Bulky Items,3419
2022-01,VAN NUYS,Dead Animal Removal,61
2022-01,VAN NUYS,Electronic Waste,145
2022-01,VAN NUYS,Graffiti Removal,912
2022-01,VAN NUYS,Homeless Encampment,229
2022-01,VAN NUYS,Illegal Dumping Pickup,376
2022-01,VAN NUYS,Metal/Household Appliances,354
2022-01,VAN NUYS,Multiple Streetlight Issue,61
2022-01,VAN NUYS,Single Streetlight Issue,42
2022-01,WEST LOS ANGELES,Bulky Items,3184
2022-01,WEST LOS ANGELES,Dead Animal Removal,70
2022-01,WEST LOS ANGELES,Electronic Waste,205
2022-01,WEST LOS ANGELES,Graffiti Removal,429
2022-01,WEST LOS ANGELES,Homeless Encampment,198
2022-01,WEST LOS ANGELES,Illegal Dumping Pickup,202
2022-01,WEST LOS ANGELES,Metal/Household Appliances,521
2022-01,WEST LOS ANGELES,Multiple Streetlight Issue,36
2022-01,WEST LOS ANGELES,Single Streetlight Issue,57
2022-01,WEST VALLEY,Bulky Items,3520
2022-01,WEST VALLEY,Dead Animal Removal,192
2022-01,WEST VALLEY,Electronic Waste,225
2022-01,WEST VALLEY,Graffiti Removal,838
2022-01,WEST VALLEY,Homeless Encampment,153
2022-01,WEST VALLEY,Illegal Dumping Pickup,492
2022-01,WEST VALLEY,Metal/Household Appliances,565
2022-01,WEST VALLEY,Multiple Streetlight Issue,71
2022-01,WEST VALLEY,Single Streetlight Issue,86
2022-01,WILSHIRE,Bulky Items,2991
2022-01,WILSHIRE,Dead Animal Removal,87
2022-01,WILSHIRE,Electronic Waste,147
2022-01,WILSHIRE,Graffiti Removal,729
2022-01,WILSHIRE,Homeless Encampment,354
2022-01,WILSHIRE,Illegal Dumping Pickup,359
2022-01,WILSHIRE,Metal/Household Appliances,369
2022-01,WILSHIRE,Multiple Streetlight Issue,43
2022-01,WILSHIRE,Single Streetlight Issue,68
2022-02,77TH STREET,Bulky Items,2568
2022-02,77TH STREET,Dead Animal Removal,142
2022-02,77TH STREET,Electronic Waste,169
2022-02,77TH STREET,Graffiti Removal,1508
2022-02,77TH STREET,Homeless Encampment,106
2022-02,77TH STREET,Illegal Dumping Pickup,700
2022-02,77TH STREET,Metal/Household Appliances,369
2022-02,77TH STREET,Multiple Streetlight Issue,74
2022-02,77TH STREET,Single Streetlight Issue,53
2022-02,CENTRAL,Bulky Items,276
2022-02,CENTRAL,Dead Animal Removal,9
2022-02,CENTRAL,Electronic Waste,14
2022-02,CENTRAL,Graffiti Removal,1327
2022-02,CENTRAL,Homeless Encampment,78
2022-02,CENTRAL,Illegal Dumping Pickup,106
2022-02,CENTRAL,Metal/Household Appliances,24
2022-02,CENTRAL,Multiple Streetlight Issue,179
2022-02,CENTRAL,Single Streetlight Issue,152
2022-02,DEVONSHIRE,Bulky Items,3000
2022-02,DEVONSHIRE,Dead Animal Removal,180
2022-02,DEVONSHIRE,Electronic Waste,221
2022-02,DEVONSHIRE,Graffiti Removal,720
2022-02,DEVONSHIRE,Homeless Encampment,264
2022-02,DEVONSHIRE,Illegal Dumping Pickup,393
2022-02,DEVONSHIRE,Metal/Household Appliances,632
2022-02,DEVONSHIRE,Multiple Streetlight Issue,236
2022-02,DEVONSHIRE,Single Streetlight Issue,102
2022-02,FOOTHILL,Bulky Items,2418
2022-02,FOOTHILL,Dead Animal Removal,104
2022-02,FOOTHILL,Electronic Waste,170
2022-02,FOOTHILL,Graffiti Removal,637
2022-02,FOOTHILL,Homeless Encampment,226
2022-02,FOOTHILL,Illegal Dumping Pickup,666
2022-02,FOOTHILL,Metal/Household Appliances,400
2022-02,FOOTHILL,Multiple Streetlight Issue,189
2022-02,FOOTHILL,Single Streetlight Issue,100
2022-02,HARBOR,Bulky Items,2077
2022-02,HARBOR,Dead Animal Removal,59
2022-02,HARBOR,Electronic Waste,180
2022-02,HARBOR,Graffiti Removal,1431
2022-02,HARBOR,Homeless Encampment,80
2022-02,HARBOR,Illegal Dumping Pickup,324
2022-02,HARBOR,Metal/Household Appliances,480
2022-02,HARBOR,Multiple Streetlight Issue,28
2022-02,HARBOR,Single Streetlight Issue,23
2022-02,HOLLENBECK,Bulky Items,1990
2022-02,HOLLENBECK,Dead Animal Removal,64
2022-02,HOLLENBECK,Electronic Waste,154
2022-02,HOLLENBECK,Graffiti Removal,1866
2022-02,HOLLENBECK,Homeless Encampment,128
2022-02,HOLLENBECK,Illegal Dumping Pickup,334
2022-02,HOLLENBECK,Metal/Household Appliances,309
2022-02,HOLLENBECK,Multiple Streetlight Issue,32
2022-02,HOLLENBECK,Single Streetlight Issue,46
2022-02,HOLLYWOOD,Bulky Items,1484
2022-02,HOLLYWOOD,Dead Animal Removal,32
2022-02,HOLLYWOOD,Electronic Waste,84
2022-02,HOLLYWOOD,Graffiti Removal,1271
2022-02,HOLLYWOOD,Homeless Encampment,272
2022-02,HOLLYWOOD,Illegal Dumping Pickup,307
2022-02,HOLLYWOOD,Metal/Household Appliances,247
2022-02,HOLLYWOOD,Multiple Streetlight Issue,21
2022-02,HOLLYWOOD,Single Streetlight Issue,87
2022-02,MISSION,Bulky Items,2764
2022-02,MISSION,Dead Animal Removal,141
2022-02,MISSION,Electronic Waste,200
2022-02,MISSION,Graffiti Removal,1150
2022-02,MISSION,Homeless Encampment,233
2022-02,MISSION,Illegal Dumping Pickup,571
2022-02,MISSION,Metal/Household Appliances,417
2022-02,MISSION,Multiple Streetlight Issue,104
2022-02,MISSION,Single Streetlight Issue,67
2022-02,NEWTON,Bulky Items,1523
2022-02,NEWTON,Dead Animal Removal,95
2022-02,NEWTON,Electronic Waste,76
2022-02,NEWTON,Graffiti Removal,3711
2022-02,NEWTON,Homeless Encampment,316
2022-02,NEWTON,Illegal Dumping Pickup,503
2022-02,NEWTON,Metal/Household Appliances,168
2022-02,NEWTON,Multiple Streetlight Issue,117
2022-02,NEWTON,Single Streetlight Issue,74
2022-02,NORTH HOLLYWOOD,Bulky Items,2693
2022-02,NORTH HOLLYWOOD,Dead Animal Removal,81
2022-02,NORTH HOLLYWOOD,Electronic Waste,154
2022-02,NORTH HOLLYWOOD,Graffiti Removal,1119
2022-02,NORTH HOLLYWOOD,Homeless Encampment,357
2022-02,NORTH HOLLYWOOD,Illegal Dumping Pickup,331
2022-02,NORTH HOLLYWOOD,Metal/Household Appliances,419
2022-02,NORTH HOLLYWOOD,Multiple Streetlight Issue,105
2022-02,NORTH HOLLYWOOD,Single Streetlight Issue,55
2022-02,NORTHEAST,Bulky Items,3292
2022-02,NORTHEAST,Dead Animal Removal,89
2022-02,NORTHEAST,Electronic Waste,213
2022-02,NORTHEAST,Graffiti Removal,1351
2022-02,NORTHEAST,Homeless Encampment,160
2022-02,NORTHEAST,Illegal Dumping Pickup,354
2022-02,NORTHEAST,Metal/Household Appliances,576
2022-02,NORTHEAST,Multiple Streetlight Issue,27
2022-02,NORTHEAST,Single Streetlight Issue,96
2022-02,OLYMPIC,Bulky Items,1562
2022-02,OLYMPIC,Dead Animal Removal,40
2022-02,OLYMPIC,Electronic Waste,81
2022-02,OLYMPIC,Graffiti Removal,1012
2022-02,OLYMPIC,Homeless Encampment,299
2022-02,OLYMPIC,Illegal Dumping Pickup,368
2022-02,OLYMPIC,Metal/Household Appliances,176
2022-02,OLYMPIC,Multiple Streetlight Issue,49
2022-02,OLYMPIC,Single Streetlight Issue,58
2022-02,PACIFIC,Bulky Items,2395
2022-02,PACIFIC,Dead Animal Removal,60
2022-02,PACIFIC,Electronic Waste,159
2022-02,PACIFIC,Graffiti Removal,767
2022-02,PACIFIC,Homeless Encampment,359
2022-02,PACIFIC,Illegal Dumping Pickup,264
2022-02,PACIFIC,Metal/Household Appliances,429
2022-02,PACIFIC,Multiple Streetlight Issue,19
2022-02,PACIFIC,Single Streetlight Issue,28
2022-02,RAMPART,Bulky Items,1333
2022-02,RAMPART,Dead Animal Removal,35
2022-02,RAMPART,Electronic Waste,74
2022-02,RAMPART,Graffiti Removal,2804
2022-02,RAMPART,Homeless Encampment,259
2022-02,RAMPART,Illegal Dumping Pickup,298
2022-02,RAMPART,Metal/Household Appliances,167
2022-02,RAMPART,Multiple Streetlight Issue,43
2022-02,RAMPART,Single Streetlight Issue,47
2022-02,SOUTHEAST,Bulky Items,1492
2022-02,SOUTHEAST,Dead Animal Removal,122
2022-02,SOUTHEAST,Electronic Waste,88
2022-02,SOUTHEAST,Graffiti Removal,898
2022-02,SOUTHEAST,Homeless Encampment,95
2022-02,SOUTHEAST,Illegal Dumping Pickup,521
2022-02,SOUTHEAST,Metal/Household Appliances,248
2022-02,SOUTHEAST,Multiple Streetlight Issue,57
2022-02,SOUTHEAST,Single Streetlight Issue,49
2022-02,SOUTHWEST,Bulky Items,2191
2022-02,SOUTHWEST,Dead Animal Removal,90
2022-02,SOUTHWEST,Electronic Waste,131
2022-02,SOUTHWEST,Graffiti Removal,593
2022-02,SOUTHWEST,Homeless Encampment,130
2022-02,SOUTHWEST,Illegal Dumping Pickup,507
2022-02,SOUTHWEST,Metal/Household Appliances,312
2022-02,SOUTHWEST,Multiple Streetlight Issue,58
2022-02,SOUTHWEST,Single Streetlight Issue,55
2022-02,TOPANGA,Bulky Items,2526
2022-02,TOPANGA,Dead Animal Removal,137
2022-02,TOPANGA,Electronic Waste,149
2022-02,TOPANGA,Graffiti Removal,425
2022-02,TOPANGA,Homeless Encampment,207
2022-02,TOPANGA,Illegal Dumping Pickup,325
2022-02,TOPANGA,Metal/Household Appliances,521
2022-02,TOPANGA,Multiple Streetlight Issue,69
2022-02,TOPANGA,Single Streetlight Issue,95
2022-02,VAN NUYS,Bulky Items,2642
2022-02,VAN NUYS,Dead Animal Removal,79
2022-02,VAN NUYS,Electronic Waste,121
2022-02,VAN NUYS,Graffiti Removal,814
2022-02,VAN NUYS,Homeless Encampment,168
2022-02,VAN NUYS,Illegal Dumping Pickup,370
2022-02,VAN NUYS,Metal/Household Appliances,327
2022-02,VAN NUYS,Multiple Streetlight Issue,33
2022-02,VAN NUYS,Single Streetlight Issue,30
2022-02,WEST LOS ANGELES,Bulky Items,2133
2022-02,WEST LOS ANGELES,Dead Animal Removal,59
2022-02,WEST LOS ANGELES,Electronic Waste,137
2022-02,WEST LOS ANGELES,Graffiti Removal,509
2022-02,WEST LOS ANGELES,Homeless Encampment,238
2022-02,WEST LOS ANGELES,Illegal Dumping Pickup,206
2022-02,WEST LOS ANGELES,Metal/Household Appliances,409
2022-02,WEST LOS ANGELES,Multiple Streetlight Issue,27
2022-02,WEST LOS ANGELES,Single Streetlight Issue,57
2022-02,WEST VALLEY,Bulky Items,2446
2022-02,WEST VALLEY,Dead Animal Removal,175
2022-02,WEST VALLEY,Electronic Waste,183
2022-02,WEST VALLEY,Graffiti Removal,871
2022-02,WEST VALLEY,Homeless Encampment,160
2022-02,WEST VALLEY,Illegal Dumping Pickup,437
2022-02,WEST VALLEY,Metal/Household Appliances,438
2022-02,WEST VALLEY,Multiple Streetlight Issue,148
2022-02,WEST VALLEY,Single Streetlight Issue,48
2022-02,WILSHIRE,Bulky Items,1980
2022-02,WILSHIRE,Dead Animal Removal,41
2022-02,WILSHIRE,Electronic Waste,143
2022-02,WILSHIRE,Graffiti Removal,717
2022-02,WILSHIRE,Homeless Encampment,266
2022-02,WILSHIRE,Illegal Dumping Pickup,291
2022-02,WILSHIRE,Metal/Household Appliances,313
2022-02,WILSHIRE,Multiple Streetlight Issue,21
2022-02,WILSHIRE,Single Streetlight Issue,47
2022-03,77TH STREET,Bulky Items,3116
2022-03,77TH STREET,Dead Animal Removal,151
2022-03,77TH STREET,Electronic Waste,234
2022-03,77TH STREET,Graffiti Removal,1350
2022-03,77TH STREET,Homeless Encampment,129
2022-03,77TH STREET,Illegal Dumping Pickup,773
2022-03,77TH STREET,Metal/Household Appliances,473
2022-03,77TH STREET,Multiple Streetlight Issue,67
2022-03,77TH STREET,Single Streetlight Issue,52
2022-03,CENTRAL,Bulky Items,310
2022-03,CENTRAL,Dead Animal Removal,16
2022-03,CENTRAL,Electronic Waste,19
2022-03,CENTRAL,Graffiti Removal,1385
2022-03,CENTRAL,Homeless Encampment,84
2022-03,CENTRAL,Illegal Dumping Pickup,84
2022-03,CENTRAL,Metal/Household Appliances,43
2022-03,CENTRAL,Multiple Streetlight Issue,141
2022-03,CENTRAL,Single Streetlight Issue,109
2022-03,DEVONSHIRE,Bulky Items,3391
2022-03,DEVONSHIRE,Dead Animal Removal,149
2022-03,DEVONSHIRE,Electronic Waste,221
2022-03,DEVONSHIRE,Graffiti Removal,668
2022-03,DEVONSHIRE,Homeless Encampment,278
2022-03,DEVONSHIRE,Illegal Dumping Pickup,388
2022-03,DEVONSHIRE,Metal/Household Appliances,681
2022-03,DEVONSHIRE,Multiple Streetlight Issue,153
2022-03,DEVONSHIRE,Single Streetlight Issue,101
2022-03,FOOTHILL,Bulky Items,3367
2022-03,FOOTHILL,Dead Animal Removal,136
2022-03,FOOTHILL,Electronic Waste,236
2022-03,FOOTHILL,Graffiti Removal,957
2022-03,FOOTHILL,Homeless Encampment,340
2022-03,FOOTHILL,Illegal Dumping Pickup,880
2022-03,FOOTHILL,Metal/Household Appliances,452
2022-03,FOOTHILL,Multiple Streetlight Issue,182
2022-03,FOOTHILL,Single Streetlight Issue,61
2022-03,HARBOR,Bulky Items,2485
2022-03,HARBOR,Dead Animal Removal,81
2022-03,HARBOR,Electronic Waste,183
2022-03,HARBOR,Graffiti Removal,2224
2022-03,HARBOR,Homeless Encampment,86
2022-03,HARBOR,Illegal Dumping Pickup,367
2022-03,HARBOR,Metal/Household Appliances,578
2022-03,HARBOR,Multiple Streetlight Issue,30
2022-03,HARBOR,Single Streetlight Issue,26
2022-03,HOLLENBECK,Bulky Items,2115
2022-03,HOLLENBECK,Dead Animal Removal,97
2022-03,HOLLENBECK,Electronic Waste,151
2022-03,HOLLENBECK,Graffiti Removal,2087
2022-03,HOLLENBECK,Homeless Encampment,148
2022-03,HOLLENBECK,Illegal Dumping Pickup,355
2022-03,HOLLENBECK,Metal/Household Appliances,282
2022-03,HOLLENBECK,Multiple Streetlight Issue,84
2022-03,HOLLENBECK,Single Streetlight Issue,81
2022-03,HOLLYWOOD,Bulky Items,1698
2022-03,HOLLYWOOD,Dead Animal Removal,31
2022-03,HOLLYWOOD,Electronic Waste,114
2022-03,HOLLYWOOD,Graffiti Removal,1671
2022-03,HOLLYWOOD,Homeless Encampment,264
2022-03,HOLLYWOOD,Illegal Dumping Pickup,259
2022-03,HOLLYWOOD,Metal/Household Appliances,341
2022-03,HOLLYWOOD,Multiple Streetlight Issue,30
2022-03,HOLLYWOOD,Single Streetlight Issue,103
2022-03,MISSION,Bulky Items,3804
2022-03,MISSION,Dead Animal Removal,148
2022-03,MISSION,Electronic Waste,299
2022-03,MISSION,Graffiti Removal,1731
2022-03,MISSION,Homeless Encampment,231
2022-03,MISSION,Illegal Dumping Pickup,908
2022-03,MISSION,Metal/Household Appliances,557
2022-03,MISSION,Multiple Streetlight Issue,118
2022-03,MISSION,Single Streetlight Issue,75
2022-03,NEWTON,Bulky Items,1900
2022-03,NEWTON,Dead Animal Removal,88
2022-03,NEWTON,Electronic Waste,120
2022-03,NEWTON,Graffiti Removal,4315
2022-03,NEWTON,Homeless Encampment,326
2022-03,NEWTON,Illegal Dumping Pickup,603
2022-03,NEWTON,Metal/Household Appliances,246
2022-03,NEWTON,Multiple Streetlight Issue,125
2022-03,NEWTON,Single Streetlight Issue,89
2022-03,NORTH HOLLYWOOD,Bulky Items,3153
2022-03,NORTH HOLLYWOOD,Dead Animal Removal,106
2022-03,NORTH HOLLYWOOD,Electronic Waste,154
2022-03,NORTH HOLLYWOOD,Graffiti Removal,1535
2022-03,NORTH HOLLYWOOD,Homeless Encampment,419
2022-03,NORTH HOLLYWOOD,Illegal Dumping Pickup,459
2022-03,NORTH HOLLYWOOD,Metal/Household Appliances,477
2022-03,NORTH HOLLYWOOD,Multiple Streetlight Issue,71
2022-03,NORTH HOLLYWOOD,Single Streetlight Issue,42
2022-03,NORTHEAST,Bulky Items,3438
2022-03,NORTHEAST,Dead Animal Removal,134
2022-03,NORTHEAST,Electronic Waste,244
2022-03,NORTHEAST,Graffiti Removal,1500
2022-03,NORTHEAST,Homeless Encampment,191
2022-03,NORTHEAST,Illegal Dumping Pickup,383
2022-03,NORTHEAST,Metal/Household Appliances,613
2022-03,NORTHEAST,Multiple Streetlight Issue,20
2022-03,NORTHEAST,Single Streetlight Issue,46
2022-03,OLYMPIC,Bulky Items,1866
2022-03,OLYMPIC,Dead Animal Removal,55
2022-03,OLYMPIC,Electronic Waste,100
2022-03,OLYMPIC,Graffiti Removal,1295
2022-03,OLYMPIC,Homeless Encampment,273
2022-03,OLYMPIC,Illegal Dumping Pickup,377
2022-03,OLYMPIC,Metal/Household Appliances,248
2022-03,OLYMPIC,Multiple Streetlight Issue,40
2022-03,OLYMPIC,Single Streetlight Issue,47
2022-03,PACIFIC,Bulky Items,2497
2022-03,PACIFIC,Dead Animal Removal,73
2022-03,PACIFIC,Electronic Waste,148
2022-03,PACIFIC,Graffiti Removal,992
2022-03,PACIFIC,Homeless Encampment,396
2022-03,PACIFIC,Illegal Dumping Pickup,217
2022-03,PACIFIC,Metal/Household Appliances,461
2022-03,PACIFIC,Multiple Streetlight Issue,18
2022-03,PACIFIC,Single Streetlight Issue,21
2022-03,RAMPART,Bulky Items,1409
2022-03,RAMPART,Dead Animal Removal,54
2022-03,RAMPART,Electronic Waste,62
2022-03,RAMPART,Graffiti Removal,3608
2022-03,RAMPART,Homeless Encampment,280
2022-03,RAMPART,Illegal Dumping Pickup,312
2022-03,RAMPART,Metal/Household Appliances,178
2022-03,RAMPART,Multiple Streetlight Issue,40
2022-03,RAMPART,Single Streetlight Issue,58
2022-03,SOUTHEAST,Bulky Items,1958
2022-03,SOUTHEAST,Dead Animal Removal,125
2022-03,SOUTHEAST,Electronic Waste,121
2022-03,SOUTHEAST,Graffiti Removal,842
2022-03,SOUTHEAST,Homeless Encampment,123
2022-03,SOUTHEAST,Illegal Dumping Pickup,649
2022-03,SOUTHEAST,Metal/Household Appliances,271
2022-03,SOUTHEAST,Multiple Streetlight Issue,72
2022-03,SOUTHEAST,Single Streetlight Issue,46
2022-03,SOUTHWEST,Bulky Items,2469
2022-03,SOUTHWEST,Dead Animal Removal,96
2022-03,SOUTHWEST,Electronic Waste,184
2022-03,SOUTHWEST,Graffiti Removal,1049
2022-03,SOUTHWEST,Homeless Encampment,135
2022-03,SOUTHWEST,Illegal Dumping Pickup,545
2022-03,SOUTHWEST,Metal/Household Appliances,366
2022-03,SOUTHWEST,Multiple Streetlight Issue,62
2022-03,SOUTHWEST,Single Streetlight Issue,178
2022-03,TOPANGA,Bulky Items,2925
2022-03,TOPANGA,Dead Animal Removal,127
2022-03,TOPANGA,Electronic Waste,218
2022-03,TOPANGA,Graffiti Removal,406
2022-03,TOPANGA,Homeless Encampment,230
2022-03,TOPANGA,Illegal Dumping Pickup,329
2022-03,TOPANGA,Metal/Household Appliances,608
2022-03,TOPANGA,Multiple Streetlight Issue,79
2022-03,TOPANGA,Single Streetlight Issue,88
2022-03,VAN NUYS,Bulky Items,2718
2022-03,VAN NUYS,Dead Animal Removal,69
2022-03,VAN NUYS,Electronic Waste,162
2022-03,VAN NUYS,Graffiti Removal,896
2022-03,VAN NUYS,Homeless Encampment,156
2022-03,VAN NUYS,Illegal Dumping Pickup,314
2022-03,VAN NUYS,Metal/Household Appliances,341
2022-03,VAN NUYS,Multiple Streetlight Issue,36
2022-03,VAN NUYS,Single Streetlight Issue,24
2022-03,WEST LOS ANGELES,Bulky Items,2194
2022-03,WEST LOS ANGELES,Dead Animal Removal,53
2022-03,WEST LOS ANGELES,Electronic Waste,160
2022-03,WEST LOS ANGELES,Graffiti Removal,557
2022-03,WEST LOS ANGELES,Homeless Encampment,230
2022-03,WEST LOS ANGELES,Illegal Dumping Pickup,188
2022-03,WEST LOS ANGELES,Metal/Household Appliances,483
2022-03,WEST LOS ANGELES,Multiple Streetlight Issue,33
2022-03,WEST LOS ANGELES,Single Streetlight Issue,52
2022-03,WEST VALLEY,Bulky Items,2817
2022-03,WEST VALLEY,Dead Animal Removal,190
2022-03,WEST VALLEY,Electronic Waste,203
2022-03,WEST VALLEY,Graffiti Removal,1057
2022-03,WEST VALLEY,Homeless Encampment,217
2022-03,WEST VALLEY,Illegal Dumping Pickup,449
2022-03,WEST VALLEY,Metal/Household Appliances,473
2022-03,WEST VALLEY,Multiple Streetlight Issue,148
2022-03,WEST VALLEY,Single Streetlight Issue,86
2022-03,WILSHIRE,Bulky Items,2260
2022-03,WILSHIRE,Dead Animal Removal,73
2022-03,WILSHIRE,Electronic Waste,145
2022-03,WILSHIRE,Graffiti Removal,1272
2022-03,WILSHIRE,Homeless Encampment,344
2022-03,WILSHIRE,Illegal Dumping Pickup,335
2022-03,WILSHIRE,Metal/Household Appliances,386
2022-03,WILSHIRE,Multiple Streetlight Issue,26
2022-03,WILSHIRE,Single Streetlight Issue,55
2022-04,77TH STREET,Bulky Items,2914
2022-04,77TH STREET,Dead Animal Removal,130
2022-04,77TH STREET,Electronic Waste,186
2022-04,77TH STREET,Graffiti Removal,998
2022-04,77TH STREET,Homeless Encampment,127
2022-04,77TH STREET,Illegal Dumping Pickup,678
2022-04,77TH STREET,Metal/Household Appliances,388
2022-04,77TH STREET,Multiple Streetlight Issue,69
2022-04,77TH STREET,Single Streetlight Issue,45
2022-04,CENTRAL,Bulky Items,262
2022-04,CENTRAL,Dead Animal Removal,17
2022-04,CENTRAL,Electronic Waste,15
2022-04,CENTRAL,Graffiti Removal,803
2022-04,CENTRAL,Homeless Encampment,101
2022-04,CENTRAL,Illegal Dumping Pickup,74
2022-04,CENTRAL,Metal/Household Appliances,41
2022-04,CENTRAL,Multiple Streetlight Issue,51
2022-04,CENTRAL,Single Streetlight Issue,130
2022-04,DEVONSHIRE,Bulky Items,3204
2022-04,DEVONSHIRE,Dead Animal Removal,218
2022-04,DEVONSHIRE,Electronic Waste,216
2022-04,DEVONSHIRE,Graffiti Removal,645
2022-04,DEVONSHIRE,Homeless Encampment,196
2022-04,DEVONSHIRE,Illegal Dumping Pickup,369
2022-04,DEVONSHIRE,Metal/Household Appliances,688
2022-04,DEVONSHIRE,Multiple Streetlight Issue,165
2022-04,DEVONSHIRE,Single Streetlight Issue,81
2022-04,FOOTHILL,Bulky Items,2766
2022-04,FOOTHILL,Dead Animal Removal,118
2022-04,FOOTHILL,Electronic Waste,177
2022-04,FOOTHILL,Graffiti Removal,634
2022-04,FOOTHILL,Homeless Encampment,253
2022-04,FOOTHILL,Illegal Dumping Pickup,676
2022-04,FOOTHILL,Metal/Household Appliances,444
2022-04,FOOTHILL,Multiple Streetlight Issue,172
2022-04,FOOTHILL,Single Streetlight Issue,68
2022-04,HARBOR,Bulky Items,2312
2022-04,HARBOR,Dead Animal Removal,86
2022-04,HARBOR,Electronic Waste,188
2022-04,HARBOR,Graffiti Removal,1735
2022-04,HARBOR,Homeless Encampment,113
2022-04,HARBOR,Illegal Dumping Pickup,353
2022-04,HARBOR,Metal/Household Appliances,517
2022-04,HARBOR,Multiple Streetlight Issue,16
2022-04,HARBOR,Single Streetlight Issue,20
2022-04,HOLLENBECK,Bulky Items,1984
2022-04,HOLLENBECK,Dead Animal Removal,102
2022-04,HOLLENBECK,Electronic Waste,140
2022-04,HOLLENBECK,Graffiti Removal,1200
2022-04,HOLLENBECK,Homeless Encampment,122
2022-04,HOLLENBECK,Illegal Dumping Pickup,406
2022-04,HOLLENBECK,Metal/Household Appliances,299
2022-04,HOLLENBECK,Multiple Streetlight Issue,79
2022-04,HOLLENBECK,Single Streetlight Issue,61
2022-04,HOLLYWOOD,Bulky Items,1609
2022-04,HOLLYWOOD,Dead Animal Removal,43
2022-04,HOLLYWOOD,Electronic Waste,98
2022-04,HOLLYWOOD,Graffiti Removal,1285
2022-04,HOLLYWOOD,Homeless Encampment,348
2022-04,HOLLYWOOD,Illegal Dumping Pickup,245
2022-04,HOLLYWOOD,Metal/Household Appliances,293
2022-04,HOLLYWOOD,Multiple Streetlight Issue,25
2022-04,HOLLYWOOD,Single Streetlight Issue,66
2022-04,MISSION,Bulky Items,3144
2022-04,MISSION,Dead Animal Removal,160
2022-04,MISSION,Electronic Waste,207
2022-04,MISSION,Graffiti Removal,1235
2022-04,MISSION,Homeless Encampment,239
2022-04,MISSION,Illegal Dumping Pickup,621
2022-04,MISSION,Metal/Household Appliances,499
2022-04,MISSION,Multiple Streetlight Issue,87
2022-04,MISSION,Single Streetlight Issue,72
2022-04,NEWTON,Bulky Items,1670
2022-04,NEWTON,Dead Animal Removal,96
2022-04,NEWTON,Electronic Waste,112
2022-04,NEWTON,Graffiti Removal,3392
2022-04,NEWTON,Homeless Encampment,262
2022-04,NEWTON,Illegal Dumping Pickup,469
2022-04,NEWTON,Metal/Household Appliances,238
2022-04,NEWTON,Multiple Streetlight Issue,100
2022-04,NEWTON,Single Streetlight Issue,57
2022-04,NORTH HOLLYWOOD,Bulky Items,2972
2022-04,NORTH HOLLYWOOD,Dead Animal Removal,119
2022-04,NORTH HOLLYWOOD,Electronic Waste,171
2022-04,NORTH HOLLYWOOD,Graffiti Removal,1313
2022-04,NORTH HOLLYWOOD,Homeless Encampment,369
2022-04,NORTH HOLLYWOOD,Illegal Dumping Pickup,436
2022-04,NORTH HOLLYWOOD,Metal/Household Appliances,454
2022-04,NORTH HOLLYWOOD,Multiple Streetlight Issue,95
2022-04,NORTH HOLLYWOOD,Single Streetlight Issue,72
2022-04,NORTHEAST,Bulky Items,3275
2022-04,NORTHEAST,Dead Animal Removal,124
2022-04,NORTHEAST,Electronic Waste,259
2022-04,NORTHEAST,Graffiti Removal,1373
2022-04,NORTHEAST,Homeless Encampment,188
2022-04,NORTHEAST,Illegal Dumping Pickup,345
2022-04,NORTHEAST,Metal/Household Appliances,613
2022-04,NORTHEAST,Multiple Streetlight Issue,9
2022-04,NORTHEAST,Single Streetlight Issue,40
2022-04,OLYMPIC,Bulky Items,1531
2022-04,OLYMPIC,Dead Animal Removal,60
2022-04,OLYMPIC,Electronic Waste,83
2022-04,OLYMPIC,Graffiti Removal,1113
2022-04,OLYMPIC,Homeless Encampment,202
2022-04,OLYMPIC,Illegal Dumping Pickup,320
2022-04,OLYMPIC,Metal/Household Appliances,178
2022-04,OLYMPIC,Multiple Streetlight Issue,30
2022-04,OLYMPIC,Single Streetlight Issue,33
2022-04,PACIFIC,Bulky Items,2475
2022-04,PACIFIC,Dead Animal Removal,110
2022-04,PACIFIC,Electronic Waste,139
2022-04,PACIFIC,Graffiti Removal,918
2022-04,PACIFIC,Homeless Encampment,361
2022-04,PACIFIC,Illegal Dumping Pickup,256
2022-04,PACIFIC,Metal/Household Appliances,471
2022-04,PACIFIC,Multiple Streetlight Issue,14
2022-04,PACIFIC,Single Streetlight Issue,34
2022-04,RAMPART,Bulky Items,1367
2022-04,RAMPART,Dead Animal Removal,52
2022-04,RAMPART,Electronic Waste,74
2022-04,RAMPART,Graffiti Removal,3035
2022-04,RAMPART,Homeless Encampment,296
2022-04,RAMPART,Illegal Dumping Pickup,305
2022-04,RAMPART,Metal/Household Appliances,172
2022-04,RAMPART,Multiple Streetlight Issue,34
2022-04,RAMPART,Single Streetlight Issue,53
2022-04,SOUTHEAST,Bulky Items,1694
2022-04,SOUTHEAST,Dead Animal Removal,125
2022-04,SOUTHEAST,Electronic Waste,113
2022-04,SOUTHEAST,Graffiti Removal,846
2022-04,SOUTHEAST,Homeless Encampment,117
2022-04,SOUTHEAST,Illegal Dumping Pickup,630
2022-04,SOUTHEAST,Metal/Household Appliances,259
2022-04,SOUTHEAST,Multiple Streetlight Issue,86
2022-04,SOUTHEAST,Single Streetlight Issue,43
2022-04,SOUTHWEST,Bulky Items,2450
2022-04,SOUTHWEST,Dead Animal Removal,98
2022-04,SOUTHWEST,Electronic Waste,182
2022-04,SOUTHWEST,Graffiti Removal,567
2022-04,SOUTHWEST,Homeless Encampment,102
2022-04,SOUTHWEST,Illegal Dumping Pickup,532
2022-04,SOUTHWEST,Metal/Household Appliances,362
2022-04,SOUTHWEST,Multiple Streetlight Issue,39
2022-04,SOUTHWEST,Single Streetlight Issue,38
2022-04,TOPANGA,Bulky Items,2718
2022-04,TOPANGA,Dead Animal Removal,141
2022-04,TOPANGA,Electronic Waste,195
2022-04,TOPANGA,Graffiti Removal,381
2022-04,TOPANGA,Homeless Encampment,262
2022-04,TOPANGA,Illegal Dumping Pickup,346
2022-04,TOPANGA,Metal/Household Appliances,543
2022-04,TOPANGA,Multiple Streetlight Issue,75
2022-04,TOPANGA,Single Streetlight Issue,97
2022-04,VAN NUYS,Bulky Items,2465
2022-04,VAN NUYS,Dead Animal Removal,116
2022-04,VAN NUYS,Electronic Waste,118
2022-04,VAN NUYS,Graffiti Removal,723
2022-04,VAN NUYS,Homeless Encampment,145
2022-04,VAN NUYS,Illegal Dumping Pickup,312
2022-04,VAN NUYS,Metal/Household Appliances,331
2022-04,VAN NUYS,Multiple Streetlight Issue,31
2022-04,VAN NUYS,Single Streetlight Issue,30
2022-04,WEST LOS ANGELES,Bulky Items,2095
2022-04,WEST LOS ANGELES,Dead Animal Removal,110
2022-04,WEST LOS ANGELES,Electronic Waste,117
2022-04,WEST LOS ANGELES,Graffiti Removal,548
2022-04,WEST LOS ANGELES,Homeless Encampment,201
2022-04,WEST LOS ANGELES,Illegal Dumping Pickup,180
2022-04,WEST LOS ANGELES,Metal/Household Appliances,426
2022-04,WEST LOS ANGELES,Multiple Streetlight Issue,24
2022-04,WEST LOS ANGELES,Single Streetlight Issue,64
2022-04,WEST VALLEY,Bulky Items,2803
2022-04,WEST VALLEY,Dead Animal Removal,205
2022-04,WEST VALLEY,Electronic Waste,178
2022-04,WEST VALLEY,Graffiti Removal,986
2022-04,WEST VALLEY,Homeless Encampment,198
2022-04,WEST VALLEY,Illegal Dumping Pickup,441
2022-04,WEST VALLEY,Metal/Household Appliances,458
2022-04,WEST VALLEY,Multiple Streetlight Issue,834
2022-04,WEST VALLEY,Single Streetlight Issue,501
2022-04,WILSHIRE,Bulky Items,2278
2022-04,WILSHIRE,Dead Animal Removal,105
2022-04,WILSHIRE,Electronic Waste,148
2022-04,WILSHIRE,Graffiti Removal,1110
2022-04,WILSHIRE,Homeless Encampment,342
2022-04,WILSHIRE,Illegal Dumping Pickup,301
2022-04,WILSHIRE,Metal/Household Appliances,368
2022-04,WILSHIRE,Multiple Streetlight Issue,14
2022-04,WILSHIRE,Single Streetlight Issue,62
2022-05,77TH STREET,Bulky Items,3051
2022-05,77TH STREET,Dead Animal Removal,182
2022-05,77TH STREET,Electronic Waste,188
2022-05,77TH STREET,Graffiti Removal,1014
2022-05,77TH STREET,Homeless Encampment,160
2022-05,77TH STREET,Illegal Dumping Pickup,702
2022-05,77TH STREET,Metal/Household Appliances,419
2022-05,77TH STREET,Multiple Streetlight Issue,57
2022-05,77TH STREET,Single Streetlight Issue,47
2022-05,CENTRAL,Bulky Items,298
2022-05,CENTRAL,Dead Animal Removal,16
2022-05,CENTRAL,Electronic Waste,19
2022-05,CENTRAL,Graffiti Removal,906
2022-05,CENTRAL,Homeless Encampment,113
2022-05,CENTRAL,Illegal Dumping Pickup,139
2022-05,CENTRAL,Metal/Household Appliances,41
2022-05,CENTRAL,Multiple Streetlight Issue,46
2022-05,CENTRAL,Single Streetlight Issue,127
2022-05,DEVONSHIRE,Bulky Items,3609
2022-05,DEVONSHIRE,Dead Animal Removal,192
2022-05,DEVONSHIRE,Electronic Waste,263
2022-05,DEVONSHIRE,Graffiti Removal,721
2022-05,DEVONSHIRE,Homeless Encampment,300
2022-05,DEVONSHIRE,Illegal Dumping Pickup,526
2022-05,DEVONSHIRE,Metal/Household Appliances,792
2022-05,DEVONSHIRE,Multiple Streetlight Issue,114
2022-05,DEVONSHIRE,Single Streetlight Issue,99
2022-05,FOOTHILL,Bulky Items,2905
2022-05,FOOTHILL,Dead Animal Removal,130
2022-05,FOOTHILL,Electronic Waste,184
2022-05,FOOTHILL,Graffiti Removal,658
2022-05,FOOTHILL,Homeless Encampment,281
2022-05,FOOTHILL,Illegal Dumping Pickup,645
2022-05,FOOTHILL,Metal/Household Appliances,418
2022-05,FOOTHILL,Multiple Streetlight Issue,107
2022-05,FOOTHILL,Single Streetlight Issue,63
2022-05,HARBOR,Bulky Items,2540
2022-05,HARBOR,Dead Animal Removal,106
2022-05,HARBOR,Electronic Waste,174
2022-05,HARBOR,Graffiti Removal,1699
2022-05,HARBOR,Homeless Encampment,117
2022-05,HARBOR,Illegal Dumping Pickup,357
2022-05,HARBOR,Metal/Household Appliances,576
2022-05,HARBOR,Multiple Streetlight Issue,24
2022-05,HARBOR,Single Streetlight Issue,17
2022-05,HOLLENBECK,Bulky Items,2010
2022-05,HOLLENBECK,Dead Animal Removal,105
2022-05,HOLLENBECK,Electronic Waste,157
2022-05,HOLLENBECK,Graffiti Removal,1299
2022-05,HOLLENBECK,Homeless Encampment,154
2022-05,HOLLENBECK,Illegal Dumping Pickup,389
2022-05,HOLLENBECK,Metal/Household Appliances,279
2022-05,HOLLENBECK,Multiple Streetlight Issue,70
2022-05,HOLLENBECK,Single Streetlight Issue,85
2022-05,HOLLYWOOD,Bulky Items,1640
2022-05,HOLLYWOOD,Dead Animal Removal,45
2022-05,HOLLYWOOD,Electronic Waste,95
2022-05,HOLLYWOOD,Graffiti Removal,1458
2022-05,HOLLYWOOD,Homeless Encampment,298
2022-05,HOLLYWOOD,Illegal Dumping Pickup,332
2022-05,HOLLYWOOD,Metal/Household Appliances,282
2022-05,HOLLYWOOD,Multiple Streetlight Issue,32
2022-05,HOLLYWOOD,Single Streetlight Issue,78
2022-05,MISSION,Bulky Items,3286
2022-05,MISSION,Dead Animal Removal,172
2022-05,MISSION,Electronic Waste,225
2022-05,MISSION,Graffiti Removal,1494
2022-05,MISSION,Homeless Encampment,174
2022-05,MISSION,Illegal Dumping Pickup,696
2022-05,MISSION,Metal/Household Appliances,486
2022-05,MISSION,Multiple Streetlight Issue,70
2022-05,MISSION,Single Streetlight Issue,77
2022-05,NEWTON,Bulky Items,1655
2022-05,NEWTON,Dead Animal Removal,118
2022-05,NEWTON,Electronic Waste,105
2022-05,NEWTON,Graffiti Removal,2784
2022-05,NEWTON,Homeless Encampment,310
2022-05,NEWTON,Illegal Dumping Pickup,568
2022-05,NEWTON,Metal/Household Appliances,245
2022-05,NEWTON,Multiple Streetlight Issue,128
2022-05,NEWTON,Single Streetlight Issue,71
2022-05,NORTH HOLLYWOOD,Bulky Items,3308
2022-05,NORTH HOLLYWOOD,Dead Animal Removal,118
2022-05,NORTH HOLLYWOOD,Electronic Waste,178
2022-05,NORTH HOLLYWOOD,Graffiti Removal,1545
2022-05,NORTH HOLLYWOOD,Homeless Encampment,427
2022-05,NORTH HOLLYWOOD,Illegal Dumping Pickup,417
2022-05,NORTH HOLLYWOOD,Metal/Household Appliances,489
2022-05,NORTH HOLLYWOOD,Multiple Streetlight Issue,92
2022-05,NORTH HOLLYWOOD,Single Streetlight Issue,64
2022-05,NORTHEAST,Bulky Items,3576
2022-05,NORTHEAST,Dead Animal Removal,151
2022-05,NORTHEAST,Electronic Waste,247
2022-05,NORTHEAST,Graffiti Removal,1508
2022-05,NORTHEAST,Homeless Encampment,213
2022-05,NORTHEAST,Illegal Dumping Pickup,375
2022-05,NORTHEAST,Metal/Household Appliances,642
2022-05,NORTHEAST,Multiple Streetlight Issue,13
2022-05,NORTHEAST,Single Streetlight Issue,31
2022-05,OLYMPIC,Bulky Items,1657
2022-05,OLYMPIC,Dead Animal Removal,68
2022-05,OLYMPIC,Electronic Waste,100
2022-05,OLYMPIC,Graffiti Removal,1201
2022-05,OLYMPIC,Homeless Encampment,269
2022-05,OLYMPIC,Illegal Dumping Pickup,378
2022-05,OLYMPIC,Metal/Household Appliances,220
2022-05,OLYMPIC,Multiple Streetlight Issue,38
2022-05,OLYMPIC,Single Streetlight Issue,40
2022-05,PACIFIC,Bulky Items,2617
2022-05,PACIFIC,Dead Animal Removal,140
2022-05,PACIFIC,Electronic Waste,166
2022-05,PACIFIC,Graffiti Removal,1325
2022-05,PACIFIC,Homeless Encampment,415
2022-05,PACIFIC,Illegal Dumping Pickup,269
2022-05,PACIFIC,Metal/Household Appliances,488
2022-05,PACIFIC,Multiple Streetlight Issue,19
2022-05,PACIFIC,Single Streetlight Issue,16
2022-05,RAMPART,Bulky Items,1495
2022-05,RAMPART,Dead Animal Removal,69
2022-05,RAMPART,Electronic Waste,85
2022-05,RAMPART,Graffiti Removal,2532
2022-05,RAMPART,Homeless Encampment,322
2022-05,RAMPART,Illegal Dumping Pickup,362
2022-05,RAMPART,Metal/Household Appliances,188
2022-05,RAMPART,Multiple Streetlight Issue,57
2022-05,RAMPART,Single Streetlight Issue,52
2022-05,SOUTHEAST,Bulky Items,1727
2022-05,SOUTHEAST,Dead Animal Removal,120
2022-05,SOUTHEAST,Electronic Waste,114
2022-05,SOUTHEAST,Graffiti Removal,875
2022-05,SOUTHEAST,Homeless Encampment,150
2022-05,SOUTHEAST,Illegal Dumping Pickup,642
2022-05,SOUTHEAST,Metal/Household Appliances,262
2022-05,SOUTHEAST,Multiple Streetlight Issue,39
2022-05,SOUTHEAST,Single Streetlight Issue,60
2022-05,SOUTHWEST,Bulky Items,2645
2022-05,SOUTHWEST,Dead Animal Removal,125
2022-05,SOUTHWEST,Electronic Waste,195
2022-05,SOUTHWEST,Graffiti Removal,622
2022-05,SOUTHWEST,Homeless Encampment,128
2022-05,SOUTHWEST,Illegal Dumping Pickup,609
2022-05,SOUTHWEST,Metal/Household Appliances,372
2022-05,SOUTHWEST,Multiple Streetlight Issue,40
2022-05,SOUTHWEST,Single Streetlight Issue,27
2022-05,TOPANGA,Bulky Items,2896
2022-05,TOPANGA,Dead Animal Removal,160
2022-05,TOPANGA,Electronic Waste,220
2022-05,TOPANGA,Graffiti Removal,482
2022-05,TOPANGA,Homeless Encampment,270
2022-05,TOPANGA,Illegal Dumping Pickup,399
2022-05,TOPANGA,Metal/Household Appliances,572
2022-05,TOPANGA,Multiple Streetlight Issue,66
2022-05,TOPANGA,Single Streetlight Issue,95
2022-05,VAN NUYS,Bulky Items,2739
2022-05,VAN NUYS,Dead Animal Removal,130
2022-05,VAN NUYS,Electronic Waste,124
2022-05,VAN NUYS,Graffiti Removal,806
2022-05,VAN NUYS,Homeless Encampment,141
2022-05,VAN NUYS,Illegal Dumping Pickup,369
2022-05,VAN NUYS,Metal/Household Appliances,368
2022-05,VAN NUYS,Multiple Streetlight Issue,29
2022-05,VAN NUYS,Single Streetlight Issue,27
2022-05,WEST LOS ANGELES,Bulky Items,2338
2022-05,WEST LOS ANGELES,Dead Animal Removal,109
2022-05,WEST LOS ANGELES,Electronic Waste,157
2022-05,WEST LOS ANGELES,Graffiti Removal,705
2022-05,WEST LOS ANGELES,Homeless Encampment,224
2022-05,WEST LOS ANGELES,Illegal Dumping Pickup,209
2022-05,WEST LOS ANGELES,Metal/Household Appliances,498
2022-05,WEST LOS ANGELES,Multiple Streetlight Issue,24
2022-05,WEST LOS ANGELES,Single Streetlight Issue,45
2022-05,WEST VALLEY,Bulky Items,2781
2022-05,WEST VALLEY,Dead Animal Removal,178
2022-05,WEST VALLEY,Electronic Waste,173
2022-05,WEST VALLEY,Graffiti Removal,1266
2022-05,WEST VALLEY,Homeless Encampment,185
2022-05,WEST VALLEY,Illegal Dumping Pickup,394
2022-05,WEST VALLEY,Metal/Household Appliances,538
2022-05,WEST VALLEY,Multiple Streetlight Issue,89
2022-05,WEST VALLEY,Single Streetlight Issue,55
2022-05,WILSHIRE,Bulky Items,2035
2022-05,WILSHIRE,Dead Animal Removal,129
2022-05,WILSHIRE,Electronic Waste,134
2022-05,WILSHIRE,Graffiti Removal,1275
2022-05,WILSHIRE,Homeless Encampment,292
2022-05,WILSHIRE,Illegal Dumping Pickup,283
2022-05,WILSHIRE,Metal/Household Appliances,390
2022-05,WILSHIRE,Multiple Streetlight Issue,21
2022-05,WILSHIRE,Single Streetlight Issue,46
2022-06,77TH STREET,Bulky Items,3308
2022-06,77TH STREET,Dead Animal Removal,210
2022-06,77TH STREET,Electronic Waste,204
2022-06,77TH STREET,Graffiti Removal,1595
2022-06,77TH STREET,Homeless Encampment,176
2022-06,77TH STREET,Illegal Dumping Pickup,744
2022-06,77TH STREET,Metal/Household Appliances,502
2022-06,77TH STREET,Multiple Streetlight Issue,71
2022-06,77TH STREET,Single Streetlight Issue,63
2022-06,CENTRAL,Bulky Items,299
2022-06,CENTRAL,Dead Animal Removal,23
2022-06,CENTRAL,Electronic Waste,11
2022-06,CENTRAL,Graffiti Removal,1510
2022-06,CENTRAL,Homeless Encampment,127
2022-06,CENTRAL,Illegal Dumping Pickup,55
2022-06,CENTRAL,Metal/Household Appliances,37
2022-06,CENTRAL,Multiple Streetlight Issue,81
2022-06,CENTRAL,Single Streetlight Issue,224
2022-06,DEVONSHIRE,Bulky Items,3702
2022-06,DEVONSHIRE,Dead Animal Removal,233
2022-06,DEVONSHIRE,Electronic Waste,217
2022-06,DEVONSHIRE,Graffiti Removal,705
2022-06,DEVONSHIRE,Homeless Encampment,277
2022-06,DEVONSHIRE,Illegal Dumping Pickup,476
2022-06,DEVONSHIRE,Metal/Household Appliances,822
2022-06,DEVONSHIRE,Multiple Streetlight Issue,90
2022-06,DEVONSHIRE,Single Streetlight Issue,102
2022-06,FOOTHILL,Bulky Items,3046
2022-06,FOOTHILL,Dead Animal Removal,156
2022-06,FOOTHILL,Electronic Waste,190
2022-06,FOOTHILL,Graffiti Removal,477
2022-06,FOOTHILL,Homeless Encampment,226
2022-06,FOOTHILL,Illegal Dumping Pickup,547
2022-06,FOOTHILL,Metal/Household Appliances,481
2022-06,FOOTHILL,Multiple Streetlight Issue,115
2022-06,FOOTHILL,Single Streetlight Issue,57
2022-06,HARBOR,Bulky Items,2660
2022-06,HARBOR,Dead Animal Removal,107
2022-06,HARBOR,Electronic Waste,190
2022-06,HARBOR,Graffiti Removal,1889
2022-06,HARBOR,Homeless Encampment,123
2022-06,HARBOR,Illegal Dumping Pickup,335
2022-06,HARBOR,Metal/Household Appliances,608
2022-06,HARBOR,Multiple Streetlight Issue,12
2022-06,HARBOR,Single Streetlight Issue,22
2022-06,HOLLENBECK,Bulky Items,2087
2022-06,HOLLENBECK,Dead Animal Removal,113
2022-06,HOLLENBECK,Electronic Waste,144
2022-06,HOLLENBECK,Graffiti Removal,1914
2022-06,HOLLENBECK,Homeless Encampment,154
2022-06,HOLLENBECK,Illegal Dumping Pickup,292
2022-06,HOLLENBECK,Metal/Household Appliances,319
2022-06,HOLLENBECK,Multiple Streetlight Issue,83
2022-06,HOLLENBECK,Single Streetlight Issue,58
2022-06,HOLLYWOOD,Bulky Items,1740
2022-06,HOLLYWOOD,Dead Animal Removal,51
2022-06,HOLLYWOOD,Electronic Waste,82
2022-06,HOLLYWOOD,Graffiti Removal,1590
2022-06,HOLLYWOOD,Homeless Encampment,375
2022-06,HOLLYWOOD,Illegal Dumping Pickup,322
2022-06,HOLLYWOOD,Metal/Household Appliances,317
2022-06,HOLLYWOOD,Multiple Streetlight Issue,21
2022-06,HOLLYWOOD,Single Streetlight Issue,67
2022-06,MISSION,Bulky Items,3710
2022-06,MISSION,Dead Animal Removal,170
2022-06,MISSION,Electronic Waste,233
2022-06,MISSION,Graffiti Removal,1897
2022-06,MISSION,Homeless Encampment,222
2022-06,MISSION,Illegal Dumping Pickup,612
2022-06,MISSION,Metal/Household Appliances,572
2022-06,MISSION,Multiple Streetlight Issue,82
2022-06,MISSION,Single Streetlight Issue,102
2022-06,NEWTON,Bulky Items,1537
2022-06,NEWTON,Dead Animal Removal,112
2022-06,NEWTON,Electronic Waste,90
2022-06,NEWTON,Graffiti Removal,3486
2022-06,NEWTON,Homeless Encampment,265
2022-06,NEWTON,Illegal Dumping Pickup,486
2022-06,NEWTON,Metal/Household Appliances,238
2022-06,NEWTON,Multiple Streetlight Issue,90
2022-06,NEWTON,Single Streetlight Issue,73
2022-06,NORTH HOLLYWOOD,Bulky Items,3254
2022-06,NORTH HOLLYWOOD,Dead Animal Removal,133
2022-06,NORTH HOLLYWOOD,Electronic Waste,165
2022-06,NORTH HOLLYWOOD,Graffiti Removal,1048
2022-06,NORTH HOLLYWOOD,Homeless Encampment,467
2022-06,NORTH HOLLYWOOD,Illegal Dumping Pickup,383
2022-06,NORTH HOLLYWOOD,Metal/Household Appliances,512
2022-06,NORTH HOLLYWOOD,Multiple Streetlight Issue,72
2022-06,NORTH HOLLYWOOD,Single Streetlight Issue,64
2022-06,NORTHEAST,Bulky Items,3613
2022-06,NORTHEAST,Dead Animal Removal,151
2022-06,NORTHEAST,Electronic Waste,265
2022-06,NORTHEAST,Graffiti Removal,1764
2022-06,NORTHEAST,Homeless Encampment,217
2022-06,NORTHEAST,Illegal Dumping Pickup,343
2022-06,NORTHEAST,Metal/Household Appliances,713
2022-06,NORTHEAST,Multiple Streetlight Issue,19
2022-06,NORTHEAST,Single Streetlight Issue,27
2022-06,OLYMPIC,Bulky Items,1949
2022-06,OLYMPIC,Dead Animal Removal,72
2022-06,OLYMPIC,Electronic Waste,93
2022-06,OLYMPIC,Graffiti Removal,1429
2022-06,OLYMPIC,Homeless Encampment,285
2022-06,OLYMPIC,Illegal Dumping Pickup,318
2022-06,OLYMPIC,Metal/Household Appliances,274
2022-06,OLYMPIC,Multiple Streetlight Issue,60
2022-06,OLYMPIC,Single Streetlight Issue,55
2022-06,PACIFIC,Bulky Items,2842
2022-06,PACIFIC,Dead Animal Removal,113
2022-06,PACIFIC,Electronic Waste,136
2022-06,PACIFIC,Graffiti Removal,1631
2022-06,PACIFIC,Homeless Encampment,374
2022-06,PACIFIC,Illegal Dumping Pickup,305
2022-06,PACIFIC,Metal/Household Appliances,589
2022-06,PACIFIC,Multiple Streetlight Issue,13
2022-06,PACIFIC,Single Streetlight Issue,23
2022-06,RAMPART,Bulky Items,1556
2022-06,RAMPART,Dead Animal Removal,55
2022-06,RAMPART,Electronic Waste,77
2022-06,RAMPART,Graffiti Removal,3341
2022-06,RAMPART,Homeless Encampment,333
2022-06,RAMPART,Illegal Dumping Pickup,293
2022-06,RAMPART,Metal/Household Appliances,205
2022-06,RAMPART,Multiple Streetlight Issue,42
2022-06,RAMPART,Single Streetlight Issue,55
2022-06,SOUTHEAST,Bulky Items,1994
2022-06,SOUTHEAST,Dead Animal Removal,154
2022-06,SOUTHEAST,Electronic Waste,137
2022-06,SOUTHEAST,Graffiti Removal,1337
2022-06,SOUTHEAST,Homeless Encampment,152
2022-06,SOUTHEAST,Illegal Dumping Pickup,601
2022-06,SOUTHEAST,Metal/Household Appliances,328
2022-06,SOUTHEAST,Multiple Streetlight Issue,75
2022-06,SOUTHEAST,Single Streetlight Issue,42
2022-06,SOUTHWEST,Bulky Items,2862
2022-06,SOUTHWEST,Dead Animal Removal,114
2022-06,SOUTHWEST,Electronic Waste,181
2022-06,SOUTHWEST,Graffiti Removal,588
2022-06,SOUTHWEST,Homeless Encampment,126
2022-06,SOUTHWEST,Illegal Dumping Pickup,611
2022-06,SOUTHWEST,Metal/Household Appliances,438
2022-06,SOUTHWEST,Multiple Streetlight Issue,48
2022-06,SOUTHWEST,Single Streetlight Issue,55
2022-06,TOPANGA,Bulky Items,3285
2022-06,TOPANGA,Dead Animal Removal,176
2022-06,TOPANGA,Electronic Waste,207
2022-06,TOPANGA,Graffiti Removal,393
2022-06,TOPANGA,Homeless Encampment,306
2022-06,TOPANGA,Illegal Dumping Pickup,383
2022-06,TOPANGA,Metal/Household Appliances,672
2022-06,TOPANGA,Multiple Streetlight Issue,47
2022-06,TOPANGA,Single Streetlight Issue,37
2022-06,VAN NUYS,Bulky Items,2790
2022-06,VAN NUYS,Dead Animal Removal,130
2022-06,VAN NUYS,Electronic Waste,123
2022-06,VAN NUYS,Graffiti Removal,604
2022-06,VAN NUYS,Homeless Encampment,174
2022-06,VAN NUYS,Illegal Dumping Pickup,340
2022-06,VAN NUYS,Metal/Household Appliances,367
2022-06,VAN NUYS,Multiple Streetlight Issue,39
2022-06,VAN NUYS,Single Streetlight Issue,35
2022-06,WEST LOS ANGELES,Bulky Items,2829
2022-06,WEST LOS ANGELES,Dead Animal Removal,108
2022-06,WEST LOS ANGELES,Electronic Waste,185
2022-06,WEST LOS ANGELES,Graffiti Removal,494
2022-06,WEST LOS ANGELES,Homeless Encampment,214
2022-06,WEST LOS ANGELES,Illegal Dumping Pickup,214
2022-06,WEST LOS ANGELES,Metal/Household Appliances,590
2022-06,WEST LOS ANGELES,Multiple Streetlight Issue,17
2022-06,WEST LOS ANGELES,Single Streetlight Issue,45
2022-06,WEST VALLEY,Bulky Items,3167
2022-06,WEST VALLEY,Dead Animal Removal,197
2022-06,WEST VALLEY,Electronic Waste,192
2022-06,WEST VALLEY,Graffiti Removal,1003
2022-06,WEST VALLEY,Homeless Encampment,213
2022-06,WEST VALLEY,Illegal Dumping Pickup,414
2022-06,WEST VALLEY,Metal/Household Appliances,521
2022-06,WEST VALLEY,Multiple Streetlight Issue,116
2022-06,WEST VALLEY,Single Streetlight Issue,59
2022-06,WILSHIRE,Bulky Items,2421
2022-06,WILSHIRE,Dead Animal Removal,118
2022-06,WILSHIRE,Electronic Waste,146
2022-06,WILSHIRE,Graffiti Removal,1025
2022-06,WILSHIRE,Homeless Encampment,422
2022-06,WILSHIRE,Illegal Dumping Pickup,328
2022-06,WILSHIRE,Metal/Household Appliances,397
2022-06,WILSHIRE,Multiple Streetlight Issue,55
2022-06,WILSHIRE,Single Streetlight Issue,61
2022-07,77TH STREET,Bulky Items,2962
2022-07,77TH STREET,Dead Animal Removal,195
2022-07,77TH STREET,Electronic Waste,185
2022-07,77TH STREET,Graffiti Removal,971
2022-07,77TH STREET,Homeless Encampment,153
2022-07,77TH STREET,Illegal Dumping Pickup,665
2022-07,77TH STREET,Metal/Household Appliances,450
2022-07,77TH STREET,Multiple Streetlight Issue,53
2022-07,77TH STREET,Single Streetlight Issue,56
2022-07,CENTRAL,Bulky Items,295
2022-07,CENTRAL,Dead Animal Removal,22
2022-07,CENTRAL,Electronic Waste,14
2022-07,CENTRAL,Graffiti Removal,1548
2022-07,CENTRAL,Homeless Encampment,103
2022-07,CENTRAL,Illegal Dumping Pickup,75
2022-07,CENTRAL,Metal/Household Appliances,46
2022-07,CENTRAL,Multiple Streetlight Issue,34
2022-07,CENTRAL,Single Streetlight Issue,47
2022-07,DEVONSHIRE,Bulky Items,3804
2022-07,DEVONSHIRE,Dead Animal Removal,187
2022-07,DEVONSHIRE,Electronic Waste,223
2022-07,DEVONSHIRE,Graffiti Removal,601
2022-07,DEVONSHIRE,Homeless Encampment,276
2022-07,DEVONSHIRE,Illegal Dumping Pickup,333
2022-07,DEVONSHIRE,Metal/Household Appliances,880
2022-07,DEVONSHIRE,Multiple Streetlight Issue,103
2022-07,DEVONSHIRE,Single Streetlight Issue,83
2022-07,FOOTHILL,Bulky Items,2718
2022-07,FOOTHILL,Dead Animal Removal,111
2022-07,FOOTHILL,Electronic Waste,166
2022-07,FOOTHILL,Graffiti Removal,580
2022-07,FOOTHILL,Homeless Encampment,230
2022-07,FOOTHILL,Illegal Dumping Pickup,412
2022-07,FOOTHILL,Metal/Household Appliances,499
2022-07,FOOTHILL,Multiple Streetlight Issue,90
2022-07,FOOTHILL,Single Streetlight Issue,57
2022-07,HARBOR,Bulky Items,2617
2022-07,HARBOR,Dead Animal Removal,121
2022-07,HARBOR,Electronic Waste,162
2022-07,HARBOR,Graffiti Removal,1745
2022-07,HARBOR,Homeless Encampment,94
2022-07,HARBOR,Illegal Dumping Pickup,336
2022-07,HARBOR,Metal/Household Appliances,630
2022-07,HARBOR,Multiple Streetlight Issue,14
2022-07,HARBOR,Single Streetlight Issue,13
2022-07,HOLLENBECK,Bulky Items,2474
2022-07,HOLLENBECK,Dead Animal Removal,119
2022-07,HOLLENBECK,Electronic Waste,172
2022-07,HOLLENBECK,Graffiti Removal,3962
2022-07,HOLLENBECK,Homeless Encampment,247
2022-07,HOLLENBECK,Illegal Dumping Pickup,402
2022-07,HOLLENBECK,Metal/Household Appliances,370
2022-07,HOLLENBECK,Multiple Streetlight Issue,89
2022-07,HOLLENBECK,Single Streetlight Issue,65
2022-07,HOLLYWOOD,Bulky Items,1771
2022-07,HOLLYWOOD,Dead Animal Removal,37
2022-07,HOLLYWOOD,Electronic Waste,102
2022-07,HOLLYWOOD,Graffiti Removal,1169
2022-07,HOLLYWOOD,Homeless Encampment,355
2022-07,HOLLYWOOD,Illegal Dumping Pickup,305
2022-07,HOLLYWOOD,Metal/Household Appliances,322
2022-07,HOLLYWOOD,Multiple Streetlight Issue,17
2022-07,HOLLYWOOD,Single Streetlight Issue,109
2022-07,MISSION,Bulky Items,3458
2022-07,MISSION,Dead Animal Removal,208
2022-07,MISSION,Electronic Waste,221
2022-07,MISSION,Graffiti Removal,1777
2022-07,MISSION,Homeless Encampment,249
2022-07,MISSION,Illegal Dumping Pickup,574
2022-07,MISSION,Metal/Household Appliances,587
2022-07,MISSION,Multiple Streetlight Issue,101
2022-07,MISSION,Single Streetlight Issue,77
2022-07,NEWTON,Bulky Items,1526
2022-07,NEWTON,Dead Animal Removal,139
2022-07,NEWTON,Electronic Waste,107
2022-07,NEWTON,Graffiti Removal,3476
2022-07,NEWTON,Homeless Encampment,287
2022-07,NEWTON,Illegal Dumping Pickup,475
2022-07,NEWTON,Metal/Household Appliances,234
2022-07,NEWTON,Multiple Streetlight Issue,92
2022-07,NEWTON,Single Streetlight Issue,72
2022-07,NORTH HOLLYWOOD,Bulky Items,3195
2022-07,NORTH HOLLYWOOD,Dead Animal Removal,114
2022-07,NORTH HOLLYWOOD,Electronic Waste,157
2022-07,NORTH HOLLYWOOD,Graffiti Removal,1436
2022-07,NORTH HOLLYWOOD,Homeless Encampment,526
2022-07,NORTH HOLLYWOOD,Illegal Dumping Pickup,398
2022-07,NORTH HOLLYWOOD,Metal/Household Appliances,541
2022-07,NORTH HOLLYWOOD,Multiple Streetlight Issue,92
2022-07,NORTH HOLLYWOOD,Single Streetlight Issue,70
2022-07,NORTHEAST,Bulky Items,3665
2022-07,NORTHEAST,Dead Animal Removal,153
2022-07,NORTHEAST,Electronic Waste,221
2022-07,NORTHEAST,Graffiti Removal,1431
2022-07,NORTHEAST,Homeless Encampment,228
2022-07,NORTHEAST,Illegal Dumping Pickup,344
2022-07,NORTHEAST,Metal/Household Appliances,735
2022-07,NORTHEAST,Multiple Streetlight Issue,24
2022-07,NORTHEAST,Single Streetlight Issue,33
2022-07,OLYMPIC,Bulky Items,2062
2022-07,OLYMPIC,Dead Animal Removal,62
2022-07,OLYMPIC,Electronic Waste,115
2022-07,OLYMPIC,Graffiti Removal,1934
2022-07,OLYMPIC,Homeless Encampment,434
2022-07,OLYMPIC,Illegal Dumping Pickup,315
2022-07,OLYMPIC,Metal/Household Appliances,301
2022-07,OLYMPIC,Multiple Streetlight Issue,73
2022-07,OLYMPIC,Single Streetlight Issue,52
2022-07,PACIFIC,Bulky Items,3112
2022-07,PACIFIC,Dead Animal Removal,91
2022-07,PACIFIC,Electronic Waste,149
2022-07,PACIFIC,Graffiti Removal,759
2022-07,PACIFIC,Homeless Encampment,448
2022-07,PACIFIC,Illegal Dumping Pickup,337
2022-07,PACIFIC,Metal/Household Appliances,582
2022-07,PACIFIC,Multiple Streetlight Issue,16
2022-07,PACIFIC,Single Streetlight Issue,23
2022-07,RAMPART,Bulky Items,1537
2022-07,RAMPART,Dead Animal Removal,75
2022-07,RAMPART,Electronic Waste,82
2022-07,RAMPART,Graffiti Removal,2742
2022-07,RAMPART,Homeless Encampment,397
2022-07,RAMPART,Illegal Dumping Pickup,319
2022-07,RAMPART,Metal/Household Appliances,243
2022-07,RAMPART,Multiple Streetlight Issue,60
2022-07,RAMPART,Single Streetlight Issue,39
2022-07,SOUTHEAST,Bulky Items,1811
2022-07,SOUTHEAST,Dead Animal Removal,123
2022-07,SOUTHEAST,Electronic Waste,113
2022-07,SOUTHEAST,Graffiti Removal,1009
2022-07,SOUTHEAST,Homeless Encampment,111
2022-07,SOUTHEAST,Illegal Dumping Pickup,636
2022-07,SOUTHEAST,Metal/Household Appliances,302
2022-07,SOUTHEAST,Multiple Streetlight Issue,62
2022-07,SOUTHEAST,Single Streetlight Issue,36
2022-07,SOUTHWEST,Bulky Items,3130
2022-07,SOUTHWEST,Dead Animal Removal,151
2022-07,SOUTHWEST,Electronic Waste,181
2022-07,SOUTHWEST,Graffiti Removal,474
2022-07,SOUTHWEST,Homeless Encampment,164
2022-07,SOUTHWEST,Illegal Dumping Pickup,645
2022-07,SOUTHWEST,Metal/Household Appliances,455
2022-07,SOUTHWEST,Multiple Streetlight Issue,95
2022-07,SOUTHWEST,Single Streetlight Issue,73
2022-07,TOPANGA,Bulky Items,3013
2022-07,TOPANGA,Dead Animal Removal,151
2022-07,TOPANGA,Electronic Waste,185
2022-07,TOPANGA,Graffiti Removal,432
2022-07,TOPANGA,Homeless Encampment,409
2022-07,TOPANGA,Illegal Dumping Pickup,418
2022-07,TOPANGA,Metal/Household Appliances,690
2022-07,TOPANGA,Multiple Streetlight Issue,35
2022-07,TOPANGA,Single Streetlight Issue,51
2022-07,VAN NUYS,Bulky Items,3011
2022-07,VAN NUYS,Dead Animal Removal,107
2022-07,VAN NUYS,Electronic Waste,157
2022-07,VAN NUYS,Graffiti Removal,823
2022-07,VAN NUYS,Homeless Encampment,170
2022-07,VAN NUYS,Illegal Dumping Pickup,377
2022-07,VAN NUYS,Metal/Household Appliances,380
2022-07,VAN NUYS,Multiple Streetlight Issue,29
2022-07,VAN NUYS,Single Streetlight Issue,25
2022-07,WEST LOS ANGELES,Bulky Items,2652
2022-07,WEST LOS ANGELES,Dead Animal Removal,83
2022-07,WEST LOS ANGELES,Electronic Waste,156
2022-07,WEST LOS ANGELES,Graffiti Removal,289
2022-07,WEST LOS ANGELES,Homeless Encampment,210
2022-07,WEST LOS ANGELES,Illegal Dumping Pickup,215
2022-07,WEST LOS ANGELES,Metal/Household Appliances,569
2022-07,WEST LOS ANGELES,Multiple Streetlight Issue,23
2022-07,WEST LOS ANGELES,Single Streetlight Issue,39
2022-07,WEST VALLEY,Bulky Items,3250
2022-07,WEST VALLEY,Dead Animal Removal,154
2022-07,WEST VALLEY,Electronic Waste,184
2022-07,WEST VALLEY,Graffiti Removal,888
2022-07,WEST VALLEY,Homeless Encampment,217
2022-07,WEST VALLEY,Illegal Dumping Pickup,461
2022-07,WEST VALLEY,Metal/Household Appliances,594
2022-07,WEST VALLEY,Multiple Streetlight Issue,95
2022-07,WEST VALLEY,Single Streetlight Issue,64
2022-07,WILSHIRE,Bulky Items,2310
2022-07,WILSHIRE,Dead Animal Removal,92
2022-07,WILSHIRE,Electronic Waste,137
2022-07,WILSHIRE,Graffiti Removal,697
2022-07,WILSHIRE,Homeless Encampment,356
2022-07,WILSHIRE,Illegal Dumping Pickup,291
2022-07,WILSHIRE,Metal/Household Appliances,372
2022-07,WILSHIRE,Multiple Streetlight Issue,41
2022-07,WILSHIRE,Single Streetlight Issue,62
2022-08,77TH STREET,Bulky Items,3578
2022-08,77TH STREET,Dead Animal Removal,199
2022-08,77TH STREET,Electronic Waste,221
2022-08,77TH STREET,Graffiti Removal,1067
2022-08,77TH STREET,Homeless Encampment,214
2022-08,77TH STREET,Illegal Dumping Pickup,725
2022-08,77TH STREET,Metal/Household Appliances,566
2022-08,77TH STREET,Multiple Streetlight Issue,106
2022-08,77TH STREET,Single Streetlight Issue,68
2022-08,CENTRAL,Bulky Items,292
2022-08,CENTRAL,Dead Animal Removal,17
2022-08,CENTRAL,Electronic Waste,14
2022-08,CENTRAL,Graffiti Removal,1478
2022-08,CENTRAL,Homeless Encampment,133
2022-08,CENTRAL,Illegal Dumping Pickup,98
2022-08,CENTRAL,Metal/Household Appliances,33
2022-08,CENTRAL,Multiple Streetlight Issue,69
2022-08,CENTRAL,Single Streetlight Issue,51
2022-08,DEVONSHIRE,Bulky Items,3813
2022-08,DEVONSHIRE,Dead Animal Removal,176
2022-08,DEVONSHIRE,Electronic Waste,232
2022-08,DEVONSHIRE,Graffiti Removal,786
2022-08,DEVONSHIRE,Homeless Encampment,344
2022-08,DEVONSHIRE,Illegal Dumping Pickup,410
2022-08,DEVONSHIRE,Metal/Household Appliances,811
2022-08,DEVONSHIRE,Multiple Streetlight Issue,128
2022-08,DEVONSHIRE,Single Streetlight Issue,88
2022-08,FOOTHILL,Bulky Items,3061
2022-08,FOOTHILL,Dead Animal Removal,134
2022-08,FOOTHILL,Electronic Waste,196
2022-08,FOOTHILL,Graffiti Removal,519
2022-08,FOOTHILL,Homeless Encampment,233
2022-08,FOOTHILL,Illegal Dumping Pickup,498
2022-08,FOOTHILL,Metal/Household Appliances,505
2022-08,FOOTHILL,Multiple Streetlight Issue,135
2022-08,FOOTHILL,Single Streetlight Issue,68
2022-08,HARBOR,Bulky Items,2929
2022-08,HARBOR,Dead Animal Removal,118
2022-08,HARBOR,Electronic Waste,184
2022-08,HARBOR,Graffiti Removal,1786
2022-08,HARBOR,Homeless Encampment,107
2022-08,HARBOR,Illegal Dumping Pickup,388
2022-08,HARBOR,Metal/Household Appliances,729
2022-08,HARBOR,Multiple Streetlight Issue,14
2022-08,HARBOR,Single Streetlight Issue,17
2022-08,HOLLENBECK,Bulky Items,2247
2022-08,HOLLENBECK,Dead Animal Removal,121
2022-08,HOLLENBECK,Electronic Waste,152
2022-08,HOLLENBECK,Graffiti Removal,3296
2022-08,HOLLENBECK,Homeless Encampment,209
2022-08,HOLLENBECK,Illegal Dumping Pickup,359
2022-08,HOLLENBECK,Metal/Household Appliances,333
2022-08,HOLLENBECK,Multiple Streetlight Issue,68
2022-08,HOLLENBECK,Single Streetlight Issue,76
2022-08,HOLLYWOOD,Bulky Items,1982
2022-08,HOLLYWOOD,Dead Animal Removal,37
2022-08,HOLLYWOOD,Electronic Waste,100
2022-08,HOLLYWOOD,Graffiti Removal,1373
2022-08,HOLLYWOOD,Homeless Encampment,340
2022-08,HOLLYWOOD,Illegal Dumping Pickup,339
2022-08,HOLLYWOOD,Metal/Household Appliances,347
2022-08,HOLLYWOOD,Multiple Streetlight Issue,39
2022-08,HOLLYWOOD,Single Streetlight Issue,157
2022-08,MISSION,Bulky Items,3484
2022-08,MISSION,Dead Animal Removal,174
2022-08,MISSION,Electronic Waste,234
2022-08,MISSION,Graffiti Removal,1723
2022-08,MISSION,Homeless Encampment,222
2022-08,MISSION,Illegal Dumping Pickup,700
2022-08,MISSION,Metal/Household Appliances,595
2022-08,MISSION,Multiple Streetlight Issue,106
2022-08,MISSION,Single Streetlight Issue,59
2022-08,NEWTON,Bulky Items,1888
2022-08,NEWTON,Dead Animal Removal,160
2022-08,NEWTON,Electronic Waste,108
2022-08,NEWTON,Graffiti Removal,4235
2022-08,NEWTON,Homeless Encampment,328
2022-08,NEWTON,Illegal Dumping Pickup,546
2022-08,NEWTON,Metal/Household Appliances,268
2022-08,NEWTON,Multiple Streetlight Issue,143
2022-08,NEWTON,Single Streetlight Issue,83
2022-08,NORTH HOLLYWOOD,Bulky Items,3410
2022-08,NORTH HOLLYWOOD,Dead Animal Removal,112
2022-08,NORTH HOLLYWOOD,Electronic Waste,167
2022-08,NORTH HOLLYWOOD,Graffiti Removal,1442
2022-08,NORTH HOLLYWOOD,Homeless Encampment,568
2022-08,NORTH HOLLYWOOD,Illegal Dumping Pickup,491
2022-08,NORTH HOLLYWOOD,Metal/Household Appliances,616
2022-08,NORTH HOLLYWOOD,Multiple Streetlight Issue,163
2022-08,NORTH HOLLYWOOD,Single Streetlight Issue,111
2022-08,NORTHEAST,Bulky Items,4101
2022-08,NORTHEAST,Dead Animal Removal,161
2022-08,NORTHEAST,Electronic Waste,232
2022-08,NORTHEAST,Graffiti Removal,1290
2022-08,NORTHEAST,Homeless Encampment,239
2022-08,NORTHEAST,Illegal Dumping Pickup,362
2022-08,NORTHEAST,Metal/Household Appliances,782
2022-08,NORTHEAST,Multiple Streetlight Issue,25
2022-08,NORTHEAST,Single Streetlight Issue,46
2022-08,OLYMPIC,Bulky Items,2198
2022-08,OLYMPIC,Dead Animal Removal,64
2022-08,OLYMPIC,Electronic Waste,115
2022-08,OLYMPIC,Graffiti Removal,1010
2022-08,OLYMPIC,Homeless Encampment,320
2022-08,OLYMPIC,Illegal Dumping Pickup,311
2022-08,OLYMPIC,Metal/Household Appliances,308
2022-08,OLYMPIC,Multiple Streetlight Issue,51
2022-08,OLYMPIC,Single Streetlight Issue,53
2022-08,PACIFIC,Bulky Items,3090
2022-08,PACIFIC,Dead Animal Removal,110
2022-08,PACIFIC,Electronic Waste,174
2022-08,PACIFIC,Graffiti Removal,442
2022-08,PACIFIC,Homeless Encampment,525
2022-08,PACIFIC,Illegal Dumping Pickup,324
2022-08,PACIFIC,Metal/Household Appliances,633
2022-08,PACIFIC,Multiple Streetlight Issue,26
2022-08,PACIFIC,Single Streetlight Issue,26
2022-08,RAMPART,Bulky Items,1883
2022-08,RAMPART,Dead Animal Removal,70
2022-08,RAMPART,Electronic Waste,98
2022-08,RAMPART,Graffiti Removal,3869
2022-08,RAMPART,Homeless Encampment,446
2022-08,RAMPART,Illegal Dumping Pickup,384
2022-08,RAMPART,Metal/Household Appliances,242
2022-08,RAMPART,Multiple Streetlight Issue,57
2022-08,RAMPART,Single Streetlight Issue,70
2022-08,SOUTHEAST,Bulky Items,2024
2022-08,SOUTHEAST,Dead Animal Removal,156
2022-08,SOUTHEAST,Electronic Waste,125
2022-08,SOUTHEAST,Graffiti Removal,1305
2022-08,SOUTHEAST,Homeless Encampment,171
2022-08,SOUTHEAST,Illegal Dumping Pickup,662
2022-08,SOUTHEAST,Metal/Household Appliances,285
2022-08,SOUTHEAST,Multiple Streetlight Issue,56
2022-08,SOUTHEAST,Single Streetlight Issue,56
2022-08,SOUTHWEST,Bulky Items,3142
2022-08,SOUTHWEST,Dead Animal Removal,102
2022-08,SOUTHWEST,Electronic Waste,198
2022-08,SOUTHWEST,Graffiti Removal,522
2022-08,SOUTHWEST,Homeless Encampment,171
2022-08,SOUTHWEST,Illegal Dumping Pickup,734
2022-08,SOUTHWEST,Metal/Household Appliances,465
2022-08,SOUTHWEST,Multiple Streetlight Issue,73
2022-08,SOUTHWEST,Single Streetlight Issue,71
2022-08,TOPANGA,Bulky Items,3292
2022-08,TOPANGA,Dead Animal Removal,146
2022-08,TOPANGA,Electronic Waste,211
2022-08,TOPANGA,Graffiti Removal,492
2022-08,TOPANGA,Homeless Encampment,450
2022-08,TOPANGA,Illegal Dumping Pickup,427
2022-08,TOPANGA,Metal/Household Appliances,759
2022-08,TOPANGA,Multiple Streetlight Issue,52
2022-08,TOPANGA,Single Streetlight Issue,69
2022-08,VAN NUYS,Bulky Items,3285
2022-08,VAN NUYS,Dead Animal Removal,100
2022-08,VAN NUYS,Electronic Waste,155
2022-08,VAN NUYS,Graffiti Removal,802
2022-08,VAN NUYS,Homeless Encampment,196
2022-08,VAN NUYS,Illegal Dumping Pickup,438
2022-08,VAN NUYS,Metal/Household Appliances,411
2022-08,VAN NUYS,Multiple Streetlight Issue,67
2022-08,VAN NUYS,Single Streetlight Issue,35
2022-08,WEST LOS ANGELES,Bulky Items,3093
2022-08,WEST LOS ANGELES,Dead Animal Removal,117
2022-08,WEST LOS ANGELES,Electronic Waste,174
2022-08,WEST LOS ANGELES,Graffiti Removal,234
2022-08,WEST LOS ANGELES,Homeless Encampment,204
2022-08,WEST LOS ANGELES,Illegal Dumping Pickup,272
2022-08,WEST LOS ANGELES,Metal/Household Appliances,667
2022-08,WEST LOS ANGELES,Multiple Streetlight Issue,27
2022-08,WEST LOS ANGELES,Single Streetlight Issue,51
2022-08,WEST VALLEY,Bulky Items,3275
2022-08,WEST VALLEY,Dead Animal Removal,157
2022-08,WEST VALLEY,Electronic Waste,210
2022-08,WEST VALLEY,Graffiti Removal,1276
2022-08,WEST VALLEY,Homeless Encampment,251
2022-08,WEST VALLEY,Illegal Dumping Pickup,478
2022-08,WEST VALLEY,Metal/Household Appliances,665
2022-08,WEST VALLEY,Multiple Streetlight Issue,101
2022-08,WEST VALLEY,Single Streetlight Issue,55
2022-08,WILSHIRE,Bulky Items,2499
2022-08,WILSHIRE,Dead Animal Removal,112
2022-08,WILSHIRE,Electronic Waste,150
2022-08,WILSHIRE,Graffiti Removal,509
2022-08,WILSHIRE,Homeless Encampment,339
2022-08,WILSHIRE,Illegal Dumping Pickup,364
2022-08,WILSHIRE,Metal/Household Appliances,417
2022-08,WILSHIRE,Multiple Streetlight Issue,76
2022-08,WILSHIRE,Single Streetlight Issue,97
2022-09,77TH STREET,Bulky Items,2831
2022-09,77TH STREET,Dead Animal Removal,197
2022-09,77TH STREET,Electronic Waste,175
2022-09,77TH STREET,Graffiti Removal,908
2022-09,77TH STREET,Homeless Encampment,236
2022-09,77TH STREET,Illegal Dumping Pickup,690
2022-09,77TH STREET,Metal/Household Appliances,429
2022-09,77TH STREET,Multiple Streetlight Issue,107
2022-09,77TH STREET,Single Streetlight Issue,62
2022-09,CENTRAL,Bulky Items,300
2022-09,CENTRAL,Dead Animal Removal,19
2022-09,CENTRAL,Electronic Waste,12
2022-09,CENTRAL,Graffiti Removal,1539
2022-09,CENTRAL,Homeless Encampment,118
2022-09,CENTRAL,Illegal Dumping Pickup,89
2022-09,CENTRAL,Metal/Household Appliances,40
2022-09,CENTRAL,Multiple Streetlight Issue,57
2022-09,CENTRAL,Single Streetlight Issue,28
2022-09,DEVONSHIRE,Bulky Items,3375
2022-09,DEVONSHIRE,Dead Animal Removal,192
2022-09,DEVONSHIRE,Electronic Waste,213
2022-09,DEVONSHIRE,Graffiti Removal,650
2022-09,DEVONSHIRE,Homeless Encampment,238
2022-09,DEVONSHIRE,Illegal Dumping Pickup,375
2022-09,DEVONSHIRE,Metal/Household Appliances,748
2022-09,DEVONSHIRE,Multiple Streetlight Issue,120
2022-09,DEVONSHIRE,Single Streetlight Issue,95
2022-09,FOOTHILL,Bulky Items,2839
2022-09,FOOTHILL,Dead Animal Removal,113
2022-09,FOOTHILL,Electronic Waste,178
2022-09,FOOTHILL,Graffiti Removal,475
2022-09,FOOTHILL,Homeless Encampment,265
2022-09,FOOTHILL,Illegal Dumping Pickup,486
2022-09,FOOTHILL,Metal/Household Appliances,479
2022-09,FOOTHILL,Multiple Streetlight Issue,108
2022-09,FOOTHILL,Single Streetlight Issue,51
2022-09,HARBOR,Bulky Items,2596
2022-09,HARBOR,Dead Animal Removal,130
2022-09,HARBOR,Electronic Waste,173
2022-09,HARBOR,Graffiti Removal,1446
2022-09,HARBOR,Homeless Encampment,69
2022-09,HARBOR,Illegal Dumping Pickup,417
2022-09,HARBOR,Metal/Household Appliances,665
2022-09,HARBOR,Multiple Streetlight Issue,16
2022-09,HARBOR,Single Streetlight Issue,18
2022-09,HOLLENBECK,Bulky Items,2127
2022-09,HOLLENBECK,Dead Animal Removal,125
2022-09,HOLLENBECK,Electronic Waste,121
2022-09,HOLLENBECK,Graffiti Removal,2872
2022-09,HOLLENBECK,Homeless Encampment,162
2022-09,HOLLENBECK,Illegal Dumping Pickup,385
2022-09,HOLLENBECK,Metal/Household Appliances,360
2022-09,HOLLENBECK,Multiple Streetlight Issue,59
2022-09,HOLLENBECK,Single Streetlight Issue,61
2022-09,HOLLYWOOD,Bulky Items,1729
2022-09,HOLLYWOOD,Dead Animal Removal,54
2022-09,HOLLYWOOD,Electronic Waste,116
2022-09,HOLLYWOOD,Graffiti Removal,1316
2022-09,HOLLYWOOD,Homeless Encampment,341
2022-09,HOLLYWOOD,Illegal Dumping Pickup,263
2022-09,HOLLYWOOD,Metal/Household Appliances,327
2022-09,HOLLYWOOD,Multiple Streetlight Issue,40
2022-09,HOLLYWOOD,Single Streetlight Issue,159
2022-09,MISSION,Bulky Items,3199
2022-09,MISSION,Dead Animal Removal,169
2022-09,MISSION,Electronic Waste,212
2022-09,MISSION,Graffiti Removal,1297
2022-09,MISSION,Homeless Encampment,157
2022-09,MISSION,Illegal Dumping Pickup,554
2022-09,MISSION,Metal/Household Appliances,527
2022-09,MISSION,Multiple Streetlight Issue,72
2022-09,MISSION,Single Streetlight Issue,43
2022-09,NEWTON,Bulky Items,1579
2022-09,NEWTON,Dead Animal Removal,140
2022-09,NEWTON,Electronic Waste,76
2022-09,NEWTON,Graffiti Removal,2811
2022-09,NEWTON,Homeless Encampment,357
2022-09,NEWTON,Illegal Dumping Pickup,524
2022-09,NEWTON,Metal/Household Appliances,241
2022-09,NEWTON,Multiple Streetlight Issue,152
2022-09,NEWTON,Single Streetlight Issue,105
2022-09,NORTH HOLLYWOOD,Bulky Items,3001
2022-09,NORTH HOLLYWOOD,Dead Animal Removal,127
2022-09,NORTH HOLLYWOOD,Electronic Waste,122
2022-09,NORTH HOLLYWOOD,Graffiti Removal,1531
2022-09,NORTH HOLLYWOOD,Homeless Encampment,436
2022-09,NORTH HOLLYWOOD,Illegal Dumping Pickup,391
2022-09,NORTH HOLLYWOOD,Metal/Household Appliances,482
2022-09,NORTH HOLLYWOOD,Multiple Streetlight Issue,137
2022-09,NORTH HOLLYWOOD,Single Streetlight Issue,71
2022-09,NORTHEAST,Bulky Items,3324
2022-09,NORTHEAST,Dead Animal Removal,177
2022-09,NORTHEAST,Electronic Waste,219
2022-09,NORTHEAST,Graffiti Removal,1253
2022-09,NORTHEAST,Homeless Encampment,231
2022-09,NORTHEAST,Illegal Dumping Pickup,258
2022-09,NORTHEAST,Metal/Household Appliances,708
2022-09,NORTHEAST,Multiple Streetlight Issue,30
2022-09,NORTHEAST,Single Streetlight Issue,48
2022-09,OLYMPIC,Bulky Items,2084
2022-09,OLYMPIC,Dead Animal Removal,59
2022-09,OLYMPIC,Electronic Waste,92
2022-09,OLYMPIC,Graffiti Removal,1102
2022-09,OLYMPIC,Homeless Encampment,311
2022-09,OLYMPIC,Illegal Dumping Pickup,330
2022-09,OLYMPIC,Metal/Household Appliances,278
2022-09,OLYMPIC,Multiple Streetlight Issue,44
2022-09,OLYMPIC,Single Streetlight Issue,43
2022-09,PACIFIC,Bulky Items,2676
2022-09,PACIFIC,Dead Animal Removal,117
2022-09,PACIFIC,Electronic Waste,129
2022-09,PACIFIC,Graffiti Removal,328
2022-09,PACIFIC,Homeless Encampment,458
2022-09,PACIFIC,Illegal Dumping Pickup,269
2022-09,PACIFIC,Metal/Household Appliances,539
2022-09,PACIFIC,Multiple Streetlight Issue,16
2022-09,PACIFIC,Single Streetlight Issue,22
2022-09,RAMPART,Bulky Items,1593
2022-09,RAMPART,Dead Animal Removal,56
2022-09,RAMPART,Electronic Waste,73
2022-09,RAMPART,Graffiti Removal,2582
2022-09,RAMPART,Homeless Encampment,351
2022-09,RAMPART,Illegal Dumping Pickup,351
2022-09,RAMPART,Metal/Household Appliances,228
2022-09,RAMPART,Multiple Streetlight Issue,56
2022-09,RAMPART,Single Streetlight Issue,94
2022-09,SOUTHEAST,Bulky Items,2025
2022-09,SOUTHEAST,Dead Animal Removal,170
2022-09,SOUTHEAST,Electronic Waste,130
2022-09,SOUTHEAST,Graffiti Removal,975
2022-09,SOUTHEAST,Homeless Encampment,163
2022-09,SOUTHEAST,Illegal Dumping Pickup,630
2022-09,SOUTHEAST,Metal/Household Appliances,336
2022-09,SOUTHEAST,Multiple Streetlight Issue,51
2022-09,SOUTHEAST,Single Streetlight Issue,36
2022-09,SOUTHWEST,Bulky Items,2609
2022-09,SOUTHWEST,Dead Animal Removal,155
2022-09,SOUTHWEST,Electronic Waste,170
2022-09,SOUTHWEST,Graffiti Removal,692
2022-09,SOUTHWEST,Homeless Encampment,164
2022-09,SOUTHWEST,Illegal Dumping Pickup,578
2022-09,SOUTHWEST,Metal/Household Appliances,419
2022-09,SOUTHWEST,Multiple Streetlight Issue,95
2022-09,SOUTHWEST,Single Streetlight Issue,70
2022-09,TOPANGA,Bulky Items,2775
2022-09,TOPANGA,Dead Animal Removal,125
2022-09,TOPANGA,Electronic Waste,165
2022-09,TOPANGA,Graffiti Removal,367
2022-09,TOPANGA,Homeless Encampment,363
2022-09,TOPANGA,Illegal Dumping Pickup,372
2022-09,TOPANGA,Metal/Household Appliances,551
2022-09,TOPANGA,Multiple Streetlight Issue,62
2022-09,TOPANGA,Single Streetlight Issue,98
2022-09,VAN NUYS,Bulky Items,2730
2022-09,VAN NUYS,Dead Animal Removal,99
2022-09,VAN NUYS,Electronic Waste,113
2022-09,VAN NUYS,Graffiti Removal,754
2022-09,VAN NUYS,Homeless Encampment,124
2022-09,VAN NUYS,Illegal Dumping Pickup,346
2022-09,VAN NUYS,Metal/Household Appliances,353
2022-09,VAN NUYS,Multiple Streetlight Issue,67
2022-09,VAN NUYS,Single Streetlight Issue,35
2022-09,WEST LOS ANGELES,Bulky Items,2645
2022-09,WEST LOS ANGELES,Dead Animal Removal,104
2022-09,WEST LOS ANGELES,Electronic Waste,155
2022-09,WEST LOS ANGELES,Graffiti Removal,262
2022-09,WEST LOS ANGELES,Homeless Encampment,191
2022-09,WEST LOS ANGELES,Illegal Dumping Pickup,229
2022-09,WEST LOS ANGELES,Metal/Household Appliances,519
2022-09,WEST LOS ANGELES,Multiple Streetlight Issue,21
2022-09,WEST LOS ANGELES,Single Streetlight Issue,47
2022-09,WEST VALLEY,Bulky Items,2749
2022-09,WEST VALLEY,Dead Animal Removal,146
2022-09,WEST VALLEY,Electronic Waste,158
2022-09,WEST VALLEY,Graffiti Removal,905
2022-09,WEST VALLEY,Homeless Encampment,214
2022-09,WEST VALLEY,Illegal Dumping Pickup,438
2022-09,WEST VALLEY,Metal/Household Appliances,556
2022-09,WEST VALLEY,Multiple Streetlight Issue,88
2022-09,WEST VALLEY,Single Streetlight Issue,53
2022-09,WILSHIRE,Bulky Items,2247
2022-09,WILSHIRE,Dead Animal Removal,95
2022-09,WILSHIRE,Electronic Waste,152
2022-09,WILSHIRE,Graffiti Removal,636
2022-09,WILSHIRE,Homeless Encampment,367
2022-09,WILSHIRE,Illegal Dumping Pickup,302
2022-09,WILSHIRE,Metal/Household Appliances,445
2022-09,WILSHIRE,Multiple Streetlight Issue,55
2022-09,WILSHIRE,Single Streetlight Issue,58
2022-10,77TH STREET,Bulky Items,3237
2022-10,77TH STREET,Dead Animal Removal,216
2022-10,77TH STREET,Electronic Waste,182
2022-10,77TH STREET,Graffiti Removal,1179
2022-10,77TH STREET,Homeless Encampment,240
2022-10,77TH STREET,Illegal Dumping Pickup,713
2022-10,77TH STREET,Metal/Household Appliances,490
2022-10,77TH STREET,Multiple Streetlight Issue,115
2022-10,77TH STREET,Single Streetlight Issue,69
2022-10,CENTRAL,Bulky Items,245
2022-10,CENTRAL,Dead Animal Removal,17
2022-10,CENTRAL,Electronic Waste,8
2022-10,CENTRAL,Graffiti Removal,1279
2022-10,CENTRAL,Homeless Encampment,171
2022-10,CENTRAL,Illegal Dumping Pickup,65
2022-10,CENTRAL,Metal/Household Appliances,52
2022-10,CENTRAL,Multiple Streetlight Issue,53
2022-10,CENTRAL,Single Streetlight Issue,58
2022-10,DEVONSHIRE,Bulky Items,3459
2022-10,DEVONSHIRE,Dead Animal Removal,192
2022-10,DEVONSHIRE,Electronic Waste,244
2022-10,DEVONSHIRE,Graffiti Removal,644
2022-10,DEVONSHIRE,Homeless Encampment,229
2022-10,DEVONSHIRE,Illegal Dumping Pickup,354
2022-10,DEVONSHIRE,Metal/Household Appliances,764
2022-10,DEVONSHIRE,Multiple Streetlight Issue,146
2022-10,DEVONSHIRE,Single Streetlight Issue,82
2022-10,FOOTHILL,Bulky Items,2989
2022-10,FOOTHILL,Dead Animal Removal,163
2022-10,FOOTHILL,Electronic Waste,173
2022-10,FOOTHILL,Graffiti Removal,590
2022-10,FOOTHILL,Homeless Encampment,252
2022-10,FOOTHILL,Illegal Dumping Pickup,463
2022-10,FOOTHILL,Metal/Household Appliances,451
2022-10,FOOTHILL,Multiple Streetlight Issue,78
2022-10,FOOTHILL,Single Streetlight Issue,63
2022-10,HARBOR,Bulky Items,2473
2022-10,HARBOR,Dead Animal Removal,121
2022-10,HARBOR,Electronic Waste,166
2022-10,HARBOR,Graffiti Removal,1616
2022-10,HARBOR,Homeless Encampment,84
2022-10,HARBOR,Illegal Dumping Pickup,341
2022-10,HARBOR,Metal/Household Appliances,562
2022-10,HARBOR,Multiple Streetlight Issue,16
2022-10,HARBOR,Single Streetlight Issue,12
2022-10,HOLLENBECK,Bulky Items,2181
2022-10,HOLLENBECK,Dead Animal Removal,136
2022-10,HOLLENBECK,Electronic Waste,149
2022-10,HOLLENBECK,Graffiti Removal,2684
2022-10,HOLLENBECK,Homeless Encampment,172
2022-10,HOLLENBECK,Illegal Dumping Pickup,373
2022-10,HOLLENBECK,Metal/Household Appliances,311
2022-10,HOLLENBECK,Multiple Streetlight Issue,58
2022-10,HOLLENBECK,Single Streetlight Issue,67
2022-10,HOLLYWOOD,Bulky Items,1682
2022-10,HOLLYWOOD,Dead Animal Removal,65
2022-10,HOLLYWOOD,Electronic Waste,85
2022-10,HOLLYWOOD,Graffiti Removal,1190
2022-10,HOLLYWOOD,Homeless Encampment,362
2022-10,HOLLYWOOD,Illegal Dumping Pickup,297
2022-10,HOLLYWOOD,Metal/Household Appliances,316
2022-10,HOLLYWOOD,Multiple Streetlight Issue,48
2022-10,HOLLYWOOD,Single Streetlight Issue,170
2022-10,MISSION,Bulky Items,3063
2022-10,MISSION,Dead Animal Removal,196
2022-10,MISSION,Electronic Waste,195
2022-10,MISSION,Graffiti Removal,1754
2022-10,MISSION,Homeless Encampment,138
2022-10,MISSION,Illegal Dumping Pickup,495
2022-10,MISSION,Metal/Household Appliances,484
2022-10,MISSION,Multiple Streetlight Issue,75
2022-10,MISSION,Single Streetlight Issue,67
2022-10,NEWTON,Bulky Items,1548
2022-10,NEWTON,Dead Animal Removal,158
2022-10,NEWTON,Electronic Waste,82
2022-10,NEWTON,Graffiti Removal,3847
2022-10,NEWTON,Homeless Encampment,291
2022-10,NEWTON,Illegal Dumping Pickup,461
2022-10,NEWTON,Metal/Household Appliances,212
2022-10,NEWTON,Multiple Streetlight Issue,146
2022-10,NEWTON,Single Streetlight Issue,77
2022-10,NORTH HOLLYWOOD,Bulky Items,3276
2022-10,NORTH HOLLYWOOD,Dead Animal Removal,106
2022-10,NORTH HOLLYWOOD,Electronic Waste,154
2022-10,NORTH HOLLYWOOD,Graffiti Removal,1180
2022-10,NORTH HOLLYWOOD,Homeless Encampment,440
2022-10,NORTH HOLLYWOOD,Illegal Dumping Pickup,428
2022-10,NORTH HOLLYWOOD,Metal/Household Appliances,523
2022-10,NORTH HOLLYWOOD,Multiple Streetlight Issue,193
2022-10,NORTH HOLLYWOOD,Single Streetlight Issue,94
2022-10,NORTHEAST,Bulky Items,3516
2022-10,NORTHEAST,Dead Animal Removal,185
2022-10,NORTHEAST,Electronic Waste,231
2022-10,NORTHEAST,Graffiti Removal,1301
2022-10,NORTHEAST,Homeless Encampment,256
2022-10,NORTHEAST,Illegal Dumping Pickup,307
2022-10,NORTHEAST,Metal/Household Appliances,640
2022-10,NORTHEAST,Multiple Streetlight Issue,27
2022-10,NORTHEAST,Single Streetlight Issue,51
2022-10,OLYMPIC,Bulky Items,1913
2022-10,OLYMPIC,Dead Animal Removal,85
2022-10,OLYMPIC,Electronic Waste,92
2022-10,OLYMPIC,Graffiti Removal,1362
2022-10,OLYMPIC,Homeless Encampment,355
2022-10,OLYMPIC,Illegal Dumping Pickup,326
2022-10,OLYMPIC,Metal/Household Appliances,243
2022-10,OLYMPIC,Multiple Streetlight Issue,52
2022-10,OLYMPIC,Single Streetlight Issue,52
2022-10,PACIFIC,Bulky Items,2569
2022-10,PACIFIC,Dead Animal Removal,106
2022-10,PACIFIC,Electronic Waste,149
2022-10,PACIFIC,Graffiti Removal,415
2022-10,PACIFIC,Homeless Encampment,458
2022-10,PACIFIC,Illegal Dumping Pickup,251
2022-10,PACIFIC,Metal/Household Appliances,523
2022-10,PACIFIC,Multiple Streetlight Issue,26
2022-10,PACIFIC,Single Streetlight Issue,30
2022-10,RAMPART,Bulky Items,1676
2022-10,RAMPART,Dead Animal Removal,69
2022-10,RAMPART,Electronic Waste,71
2022-10,RAMPART,Graffiti Removal,2917
2022-10,RAMPART,Homeless Encampment,375
2022-10,RAMPART,Illegal Dumping Pickup,354
2022-10,RAMPART,Metal/Household Appliances,212
2022-10,RAMPART,Multiple Streetlight Issue,123
2022-10,RAMPART,Single Streetlight Issue,83
2022-10,SOUTHEAST,Bulky Items,1846
2022-10,SOUTHEAST,Dead Animal Removal,143
2022-10,SOUTHEAST,Electronic Waste,116
2022-10,SOUTHEAST,Graffiti Removal,1062
2022-10,SOUTHEAST,Homeless Encampment,147
2022-10,SOUTHEAST,Illegal Dumping Pickup,600
2022-10,SOUTHEAST,Metal/Household Appliances,284
2022-10,SOUTHEAST,Multiple Streetlight Issue,83
2022-10,SOUTHEAST,Single Streetlight Issue,68
2022-10,SOUTHWEST,Bulky Items,2817
2022-10,SOUTHWEST,Dead Animal Removal,133
2022-10,SOUTHWEST,Electronic Waste,161
2022-10,SOUTHWEST,Graffiti Removal,515
2022-10,SOUTHWEST,Homeless Encampment,168
2022-10,SOUTHWEST,Illegal Dumping Pickup,713
2022-10,SOUTHWEST,Metal/Household Appliances,438
2022-10,SOUTHWEST,Multiple Streetlight Issue,65
2022-10,SOUTHWEST,Single Streetlight Issue,72
2022-10,TOPANGA,Bulky Items,2775
2022-10,TOPANGA,Dead Animal Removal,143
2022-10,TOPANGA,Electronic Waste,176
2022-10,TOPANGA,Graffiti Removal,362
2022-10,TOPANGA,Homeless Encampment,409
2022-10,TOPANGA,Illegal Dumping Pickup,342
2022-10,TOPANGA,Metal/Household Appliances,605
2022-10,TOPANGA,Multiple Streetlight Issue,77
2022-10,TOPANGA,Single Streetlight Issue,70
2022-10,VAN NUYS,Bulky Items,2635
2022-10,VAN NUYS,Dead Animal Removal,92
2022-10,VAN NUYS,Electronic Waste,121
2022-10,VAN NUYS,Graffiti Removal,728
2022-10,VAN NUYS,Homeless Encampment,193
2022-10,VAN NUYS,Illegal Dumping Pickup,343
2022-10,VAN NUYS,Metal/Household Appliances,355
2022-10,VAN NUYS,Multiple Streetlight Issue,96
2022-10,VAN NUYS,Single Streetlight Issue,55
2022-10,WEST LOS ANGELES,Bulky Items,2328
2022-10,WEST LOS ANGELES,Dead Animal Removal,106
2022-10,WEST LOS ANGELES,Electronic Waste,130
2022-10,WEST LOS ANGELES,Graffiti Removal,193
2022-10,WEST LOS ANGELES,Homeless Encampment,211
2022-10,WEST LOS ANGELES,Illegal Dumping Pickup,223
2022-10,WEST LOS ANGELES,Metal/Household Appliances,513
2022-10,WEST LOS ANGELES,Multiple Streetlight Issue,29
2022-10,WEST LOS ANGELES,Single Streetlight Issue,48
2022-10,WEST VALLEY,Bulky Items,2797
2022-10,WEST VALLEY,Dead Animal Removal,148
2022-10,WEST VALLEY,Electronic Waste,167
2022-10,WEST VALLEY,Graffiti Removal,919
2022-10,WEST VALLEY,Homeless Encampment,181
2022-10,WEST VALLEY,Illegal Dumping Pickup,422
2022-10,WEST VALLEY,Metal/Household Appliances,546
2022-10,WEST VALLEY,Multiple Streetlight Issue,149
2022-10,WEST VALLEY,Single Streetlight Issue,84
2022-10,WILSHIRE,Bulky Items,2146
2022-10,WILSHIRE,Dead Animal Removal,105
2022-10,WILSHIRE,Electronic Waste,119
2022-10,WILSHIRE,Graffiti Removal,474
2022-10,WILSHIRE,Homeless Encampment,394
2022-10,WILSHIRE,Illegal Dumping Pickup,273
2022-10,WILSHIRE,Metal/Household Appliances,398
2022-10,WILSHIRE,Multiple Streetlight Issue,50
2022-10,WILSHIRE,Single Streetlight Issue,66
2022-11,77TH STREET,Bulky Items,2782
2022-11,77TH STREET,Dead Animal Removal,174
2022-11,77TH STREET,Electronic Waste,174
2022-11,77TH STREET,Graffiti Removal,743
2022-11,77TH STREET,Homeless Encampment,160
2022-11,77TH STREET,Illegal Dumping Pickup,652
2022-11,77TH STREET,Metal/Household Appliances,388
2022-11,77TH STREET,Multiple Streetlight Issue,123
2022-11,77TH STREET,Single Streetlight Issue,74
2022-11,CENTRAL,Bulky Items,224
2022-11,CENTRAL,Dead Animal Removal,22
2022-11,CENTRAL,Electronic Waste,16
2022-11,CENTRAL,Graffiti Removal,1263
2022-11,CENTRAL,Homeless Encampment,97
2022-11,CENTRAL,Illegal Dumping Pickup,53
2022-11,CENTRAL,Metal/Household Appliances,46
2022-11,CENTRAL,Multiple Streetlight Issue,90
2022-11,CENTRAL,Single Streetlight Issue,92
2022-11,DEVONSHIRE,Bulky Items,3089
2022-11,DEVONSHIRE,Dead Animal Removal,136
2022-11,DEVONSHIRE,Electronic Waste,248
2022-11,DEVONSHIRE,Graffiti Removal,708
2022-11,DEVONSHIRE,Homeless Encampment,194
2022-11,DEVONSHIRE,Illegal Dumping Pickup,318
2022-11,DEVONSHIRE,Metal/Household Appliances,745
2022-11,DEVONSHIRE,Multiple Streetlight Issue,129
2022-11,DEVONSHIRE,Single Streetlight Issue,118
2022-11,FOOTHILL,Bulky Items,2433
2022-11,FOOTHILL,Dead Animal Removal,111
2022-11,FOOTHILL,Electronic Waste,181
2022-11,FOOTHILL,Graffiti Removal,341
2022-11,FOOTHILL,Homeless Encampment,239
2022-11,FOOTHILL,Illegal Dumping Pickup,382
2022-11,FOOTHILL,Metal/Household Appliances,394
2022-11,FOOTHILL,Multiple Streetlight Issue,83
2022-11,FOOTHILL,Single Streetlight Issue,67
2022-11,HARBOR,Bulky Items,2238
2022-11,HARBOR,Dead Animal Removal,114
2022-11,HARBOR,Electronic Waste,170
2022-11,HARBOR,Graffiti Removal,1767
2022-11,HARBOR,Homeless Encampment,73
2022-11,HARBOR,Illegal Dumping Pickup,253
2022-11,HARBOR,Metal/Household Appliances,588
2022-11,HARBOR,Multiple Streetlight Issue,49
2022-11,HARBOR,Single Streetlight Issue,46
2022-11,HOLLENBECK,Bulky Items,1706
2022-11,HOLLENBECK,Dead Animal Removal,99
2022-11,HOLLENBECK,Electronic Waste,118
2022-11,HOLLENBECK,Graffiti Removal,2186
2022-11,HOLLENBECK,Homeless Encampment,200
2022-11,HOLLENBECK,Illegal Dumping Pickup,272
2022-11,HOLLENBECK,Metal/Household Appliances,254
2022-11,HOLLENBECK,Multiple Streetlight Issue,75
2022-11,HOLLENBECK,Single Streetlight Issue,75
2022-11,HOLLYWOOD,Bulky Items,1422
2022-11,HOLLYWOOD,Dead Animal Removal,35
2022-11,HOLLYWOOD,Electronic Waste,89
2022-11,HOLLYWOOD,Graffiti Removal,978
2022-11,HOLLYWOOD,Homeless Encampment,309
2022-11,HOLLYWOOD,Illegal Dumping Pickup,220
2022-11,HOLLYWOOD,Metal/Household Appliances,279
2022-11,HOLLYWOOD,Multiple Streetlight Issue,59
2022-11,HOLLYWOOD,Single Streetlight Issue,85
2022-11,MISSION,Bulky Items,2848
2022-11,MISSION,Dead Animal Removal,138
2022-11,MISSION,Electronic Waste,216
2022-11,MISSION,Graffiti Removal,1084
2022-11,MISSION,Homeless Encampment,86
2022-11,MISSION,Illegal Dumping Pickup,470
2022-11,MISSION,Metal/Household Appliances,494
2022-11,MISSION,Multiple Streetlight Issue,76
2022-11,MISSION,Single Streetlight Issue,55
2022-11,NEWTON,Bulky Items,1404
2022-11,NEWTON,Dead Animal Removal,113
2022-11,NEWTON,Electronic Waste,91
2022-11,NEWTON,Graffiti Removal,3174
2022-11,NEWTON,Homeless Encampment,226
2022-11,NEWTON,Illegal Dumping Pickup,398
2022-11,NEWTON,Metal/Household Appliances,215
2022-11,NEWTON,Multiple Streetlight Issue,133
2022-11,NEWTON,Single Streetlight Issue,72
2022-11,NORTH HOLLYWOOD,Bulky Items,2832
2022-11,NORTH HOLLYWOOD,Dead Animal Removal,87
2022-11,NORTH HOLLYWOOD,Electronic Waste,130
2022-11,NORTH HOLLYWOOD,Graffiti Removal,1102
2022-11,NORTH HOLLYWOOD,Homeless Encampment,428
2022-11,NORTH HOLLYWOOD,Illegal Dumping Pickup,344
2022-11,NORTH HOLLYWOOD,Metal/Household Appliances,463
2022-11,NORTH HOLLYWOOD,Multiple Streetlight Issue,205
2022-11,NORTH HOLLYWOOD,Single Streetlight Issue,87
2022-11,NORTHEAST,Bulky Items,3231
2022-11,NORTHEAST,Dead Animal Removal,128
2022-11,NORTHEAST,Electronic Waste,225
2022-11,NORTHEAST,Graffiti Removal,1292
2022-11,NORTHEAST,Homeless Encampment,185
2022-11,NORTHEAST,Illegal Dumping Pickup,301
2022-11,NORTHEAST,Metal/Household Appliances,685
2022-11,NORTHEAST,Multiple Streetlight Issue,25
2022-11,NORTHEAST,Single Streetlight Issue,42
2022-11,OLYMPIC,Bulky Items,1586
2022-11,OLYMPIC,Dead Animal Removal,50
2022-11,OLYMPIC,Electronic Waste,98
2022-11,OLYMPIC,Graffiti Removal,1558
2022-11,OLYMPIC,Homeless Encampment,238
2022-11,OLYMPIC,Illegal Dumping Pickup,261
2022-11,OLYMPIC,Metal/Household Appliances,219
2022-11,OLYMPIC,Multiple Streetlight Issue,43
2022-11,OLYMPIC,Single Streetlight Issue,33
2022-11,PACIFIC,Bulky Items,2263
2022-11,PACIFIC,Dead Animal Removal,73
2022-11,PACIFIC,Electronic Waste,143
2022-11,PACIFIC,Graffiti Removal,487
2022-11,PACIFIC,Homeless Encampment,448
2022-11,PACIFIC,Illegal Dumping Pickup,211
2022-11,PACIFIC,Metal/Household Appliances,436
2022-11,PACIFIC,Multiple Streetlight Issue,23
2022-11,PACIFIC,Single Streetlight Issue,33
2022-11,RAMPART,Bulky Items,1381
2022-11,RAMPART,Dead Animal Removal,41
2022-11,RAMPART,Electronic Waste,83
2022-11,RAMPART,Graffiti Removal,2911
2022-11,RAMPART,Homeless Encampment,254
2022-11,RAMPART,Illegal Dumping Pickup,269
2022-11,RAMPART,Metal/Household Appliances,192
2022-11,RAMPART,Multiple Streetlight Issue,128
2022-11,RAMPART,Single Streetlight Issue,72
2022-11,SOUTHEAST,Bulky Items,1650
2022-11,SOUTHEAST,Dead Animal Removal,122
2022-11,SOUTHEAST,Electronic Waste,94
2022-11,SOUTHEAST,Graffiti Removal,858
2022-11,SOUTHEAST,Homeless Encampment,126
2022-11,SOUTHEAST,Illegal Dumping Pickup,493
2022-11,SOUTHEAST,Metal/Household Appliances,240
2022-11,SOUTHEAST,Multiple Streetlight Issue,54
2022-11,SOUTHEAST,Single Streetlight Issue,50
2022-11,SOUTHWEST,Bulky Items,2231
2022-11,SOUTHWEST,Dead Animal Removal,99
2022-11,SOUTHWEST,Electronic Waste,155
2022-11,SOUTHWEST,Graffiti Removal,554
2022-11,SOUTHWEST,Homeless Encampment,109
2022-11,SOUTHWEST,Illegal Dumping Pickup,505
2022-11,SOUTHWEST,Metal/Household Appliances,325
2022-11,SOUTHWEST,Multiple Streetlight Issue,68
2022-11,SOUTHWEST,Single Streetlight Issue,59
2022-11,TOPANGA,Bulky Items,2672
2022-11,TOPANGA,Dead Animal Removal,90
2022-11,TOPANGA,Electronic Waste,175
2022-11,TOPANGA,Graffiti Removal,351
2022-11,TOPANGA,Homeless Encampment,222
2022-11,TOPANGA,Illegal Dumping Pickup,264
2022-11,TOPANGA,Metal/Household Appliances,586
2022-11,TOPANGA,Multiple Streetlight Issue,58
2022-11,TOPANGA,Single Streetlight Issue,67
2022-11,VAN NUYS,Bulky Items,2607
2022-11,VAN NUYS,Dead Animal Removal,61
2022-11,VAN NUYS,Electronic Waste,146
2022-11,VAN NUYS,Graffiti Removal,630
2022-11,VAN NUYS,Homeless Encampment,178
2022-11,VAN NUYS,Illegal Dumping Pickup,345
2022-11,VAN NUYS,Metal/Household Appliances,319
2022-11,VAN NUYS,Multiple Streetlight Issue,100
2022-11,VAN NUYS,Single Streetlight Issue,69
2022-11,WEST LOS ANGELES,Bulky Items,2030
2022-11,WEST LOS ANGELES,Dead Animal Removal,90
2022-11,WEST LOS ANGELES,Electronic Waste,151
2022-11,WEST LOS ANGELES,Graffiti Removal,203
2022-11,WEST LOS ANGELES,Homeless Encampment,143
2022-11,WEST LOS ANGELES,Illegal Dumping Pickup,161
2022-11,WEST LOS ANGELES,Metal/Household Appliances,448
2022-11,WEST LOS ANGELES,Multiple Streetlight Issue,21
2022-11,WEST LOS ANGELES,Single Streetlight Issue,67
2022-11,WEST VALLEY,Bulky Items,2653
2022-11,WEST VALLEY,Dead Animal Removal,104
2022-11,WEST VALLEY,Electronic Waste,165
2022-11,WEST VALLEY,Graffiti Removal,727
2022-11,WEST VALLEY,Homeless Encampment,128
2022-11,WEST VALLEY,Illegal Dumping Pickup,309
2022-11,WEST VALLEY,Metal/Household Appliances,520
2022-11,WEST VALLEY,Multiple Streetlight Issue,86
2022-11,WEST VALLEY,Single Streetlight Issue,65
2022-11,WILSHIRE,Bulky Items,1943
2022-11,WILSHIRE,Dead Animal Removal,91
2022-11,WILSHIRE,Electronic Waste,124
2022-11,WILSHIRE,Graffiti Removal,429
2022-11,WILSHIRE,Homeless Encampment,370
2022-11,WILSHIRE,Illegal Dumping Pickup,281
2022-11,WILSHIRE,Metal/Household Appliances,340
2022-11,WILSHIRE,Multiple Streetlight Issue,139
2022-11,WILSHIRE,Single Streetlight Issue,73
2022-12,77TH STREET,Bulky Items,2490
2022-12,77TH STREET,Dead Animal Removal,120
2022-12,77TH STREET,Electronic Waste,172
2022-12,77TH STREET,Graffiti Removal,1008
2022-12,77TH STREET,Homeless Encampment,191
2022-12,77TH STREET,Illegal Dumping Pickup,555
2022-12,77TH STREET,Metal/Household Appliances,386
2022-12,77TH STREET,Multiple Streetlight Issue,86
2022-12,77TH STREET,Single Streetlight Issue,72
2022-12,CENTRAL,Bulky Items,237
2022-12,CENTRAL,Dead Animal Removal,14
2022-12,CENTRAL,Electronic Waste,9
2022-12,CENTRAL,Graffiti Removal,1999
2022-12,CENTRAL,Homeless Encampment,106
2022-12,CENTRAL,Illegal Dumping Pickup,49
2022-12,CENTRAL,Metal/Household Appliances,25
2022-12,CENTRAL,Multiple Streetlight Issue,48
2022-12,CENTRAL,Single Streetlight Issue,113
2022-12,DEVONSHIRE,Bulky Items,2901
2022-12,DEVONSHIRE,Dead Animal Removal,168
2022-12,DEVONSHIRE,Electronic Waste,227
2022-12,DEVONSHIRE,Graffiti Removal,734
2022-12,DEVONSHIRE,Homeless Encampment,171
2022-12,DEVONSHIRE,Illegal Dumping Pickup,331
2022-12,DEVONSHIRE,Metal/Household Appliances,669
2022-12,DEVONSHIRE,Multiple Streetlight Issue,89
2022-12,DEVONSHIRE,Single Streetlight Issue,73
2022-12,FOOTHILL,Bulky Items,2589
2022-12,FOOTHILL,Dead Animal Removal,107
2022-12,FOOTHILL,Electronic Waste,172
2022-12,FOOTHILL,Graffiti Removal,548
2022-12,FOOTHILL,Homeless Encampment,194
2022-12,FOOTHILL,Illegal Dumping Pickup,387
2022-12,FOOTHILL,Metal/Household Appliances,371
2022-12,FOOTHILL,Multiple Streetlight Issue,65
2022-12,FOOTHILL,Single Streetlight Issue,79
2022-12,HARBOR,Bulky Items,2207
2022-12,HARBOR,Dead Animal Removal,93
2022-12,HARBOR,Electronic Waste,158
2022-12,HARBOR,Graffiti Removal,1953
2022-12,HARBOR,Homeless Encampment,82
2022-12,HARBOR,Illegal Dumping Pickup,278
2022-12,HARBOR,Metal/Household Appliances,499
2022-12,HARBOR,Multiple Streetlight Issue,35
2022-12,HARBOR,Single Streetlight Issue,42
2022-12,HOLLENBECK,Bulky Items,1628
2022-12,HOLLENBECK,Dead Animal Removal,64
2022-12,HOLLENBECK,Electronic Waste,101
2022-12,HOLLENBECK,Graffiti Removal,3468
2022-12,HOLLENBECK,Homeless Encampment,189
2022-12,HOLLENBECK,Illegal Dumping Pickup,245
2022-12,HOLLENBECK,Metal/Household Appliances,262
2022-12,HOLLENBECK,Multiple Streetlight Issue,69
2022-12,HOLLENBECK,Single Streetlight Issue,43
2022-12,HOLLYWOOD,Bulky Items,1565
2022-12,HOLLYWOOD,Dead Animal Removal,36
2022-12,HOLLYWOOD,Electronic Waste,87
2022-12,HOLLYWOOD,Graffiti Removal,1074
2022-12,HOLLYWOOD,Homeless Encampment,299
2022-12,HOLLYWOOD,Illegal Dumping Pickup,202
2022-12,HOLLYWOOD,Metal/Household Appliances,273
2022-12,HOLLYWOOD,Multiple Streetlight Issue,32
2022-12,HOLLYWOOD,Single Streetlight Issue,114
2022-12,MISSION,Bulky Items,2782
2022-12,MISSION,Dead Animal Removal,155
2022-12,MISSION,Electronic Waste,218
2022-12,MISSION,Graffiti Removal,1314
2022-12,MISSION,Homeless Encampment,90
2022-12,MISSION,Illegal Dumping Pickup,347
2022-12,MISSION,Metal/Household Appliances,506
2022-12,MISSION,Multiple Streetlight Issue,62
2022-12,MISSION,Single Streetlight Issue,79
2022-12,NEWTON,Bulky Items,1327
2022-12,NEWTON,Dead Animal Removal,71
2022-12,NEWTON,Electronic Waste,83
2022-12,NEWTON,Graffiti Removal,3105
2022-12,NEWTON,Homeless Encampment,227
2022-12,NEWTON,Illegal Dumping Pickup,338
2022-12,NEWTON,Metal/Household Appliances,190
2022-12,NEWTON,Multiple Streetlight Issue,101
2022-12,NEWTON,Single Streetlight Issue,91
2022-12,NORTH HOLLYWOOD,Bulky Items,2744
2022-12,NORTH HOLLYWOOD,Dead Animal Removal,102
2022-12,NORTH HOLLYWOOD,Electronic Waste,138
2022-12,NORTH HOLLYWOOD,Graffiti Removal,1229
2022-12,NORTH HOLLYWOOD,Homeless Encampment,454
2022-12,NORTH HOLLYWOOD,Illegal Dumping Pickup,358
2022-12,NORTH HOLLYWOOD,Metal/Household Appliances,423
2022-12,NORTH HOLLYWOOD,Multiple Streetlight Issue,168
2022-12,NORTH HOLLYWOOD,Single Streetlight Issue,52
2022-12,NORTHEAST,Bulky Items,3033
2022-12,NORTHEAST,Dead Animal Removal,128
2022-12,NORTHEAST,Electronic Waste,213
2022-12,NORTHEAST,Graffiti Removal,1331
2022-12,NORTHEAST,Homeless Encampment,211
2022-12,NORTHEAST,Illegal Dumping Pickup,271
2022-12,NORTHEAST,Metal/Household Appliances,575
2022-12,NORTHEAST,Multiple Streetlight Issue,26
2022-12,NORTHEAST,Single Streetlight Issue,42
2022-12,OLYMPIC,Bulky Items,1686
2022-12,OLYMPIC,Dead Animal Removal,48
2022-12,OLYMPIC,Electronic Waste,96
2022-12,OLYMPIC,Graffiti Removal,1188
2022-12,OLYMPIC,Homeless Encampment,241
2022-12,OLYMPIC,Illegal Dumping Pickup,250
2022-12,OLYMPIC,Metal/Household Appliances,217
2022-12,OLYMPIC,Multiple Streetlight Issue,38
2022-12,OLYMPIC,Single Streetlight Issue,50
2022-12,PACIFIC,Bulky Items,2346
2022-12,PACIFIC,Dead Animal Removal,94
2022-12,PACIFIC,Electronic Waste,141
2022-12,PACIFIC,Graffiti Removal,491
2022-12,PACIFIC,Homeless Encampment,282
2022-12,PACIFIC,Illegal Dumping Pickup,229
2022-12,PACIFIC,Metal/Household Appliances,480
2022-12,PACIFIC,Multiple Streetlight Issue,32
2022-12,PACIFIC,Single Streetlight Issue,41
2022-12,RAMPART,Bulky Items,1325
2022-12,RAMPART,Dead Animal Removal,62
2022-12,RAMPART,Electronic Waste,74
2022-12,RAMPART,Graffiti Removal,2346
2022-12,RAMPART,Homeless Encampment,303
2022-12,RAMPART,Illegal Dumping Pickup,315
2022-12,RAMPART,Metal/Household Appliances,186
2022-12,RAMPART,Multiple Streetlight Issue,81
2022-12,RAMPART,Single Streetlight Issue,72
2022-12,SOUTHEAST,Bulky Items,1719
2022-12,SOUTHEAST,Dead Animal Removal,120
2022-12,SOUTHEAST,Electronic Waste,117
2022-12,SOUTHEAST,Graffiti Removal,1070
2022-12,SOUTHEAST,Homeless Encampment,110
2022-12,SOUTHEAST,Illegal Dumping Pickup,459
2022-12,SOUTHEAST,Metal/Household Appliances,287
2022-12,SOUTHEAST,Multiple Streetlight Issue,36
2022-12,SOUTHEAST,Single Streetlight Issue,48
2022-12,SOUTHWEST,Bulky Items,2141
2022-12,SOUTHWEST,Dead Animal Removal,134
2022-12,SOUTHWEST,Electronic Waste,155
2022-12,SOUTHWEST,Graffiti Removal,551
2022-12,SOUTHWEST,Homeless Encampment,123
2022-12,SOUTHWEST,Illegal Dumping Pickup,468
2022-12,SOUTHWEST,Metal/Household Appliances,376
2022-12,SOUTHWEST,Multiple Streetlight Issue,83
2022-12,SOUTHWEST,Single Streetlight Issue,92
2022-12,TOPANGA,Bulky Items,2676
2022-12,TOPANGA,Dead Animal Removal,93
2022-12,TOPANGA,Electronic Waste,186
2022-12,TOPANGA,Graffiti Removal,415
2022-12,TOPANGA,Homeless Encampment,272
2022-12,TOPANGA,Illegal Dumping Pickup,291
2022-12,TOPANGA,Metal/Household Appliances,582
2022-12,TOPANGA,Multiple Streetlight Issue,35
2022-12,TOPANGA,Single Streetlight Issue,65
2022-12,VAN NUYS,Bulky Items,2306
2022-12,VAN NUYS,Dead Animal Removal,84
2022-12,VAN NUYS,Electronic Waste,131
2022-12,VAN NUYS,Graffiti Removal,783
2022-12,VAN NUYS,Homeless Encampment,146
2022-12,VAN NUYS,Illegal Dumping Pickup,296
2022-12,VAN NUYS,Metal/Household Appliances,283
2022-12,VAN NUYS,Multiple Streetlight Issue,57
2022-12,VAN NUYS,Single Streetlight Issue,46
2022-12,WEST LOS ANGELES,Bulky Items,2097
2022-12,WEST LOS ANGELES,Dead Animal Removal,83
2022-12,WEST LOS ANGELES,Electronic Waste,144
2022-12,WEST LOS ANGELES,Graffiti Removal,363
2022-12,WEST LOS ANGELES,Homeless Encampment,166
2022-12,WEST LOS ANGELES,Illegal Dumping Pickup,174
2022-12,WEST LOS ANGELES,Metal/Household Appliances,415
2022-12,WEST LOS ANGELES,Multiple Streetlight Issue,18
2022-12,WEST LOS ANGELES,Single Streetlight Issue,67
2022-12,WEST VALLEY,Bulky Items,2480
2022-12,WEST VALLEY,Dead Animal Removal,126
2022-12,WEST VALLEY,Electronic Waste,169
2022-12,WEST VALLEY,Graffiti Removal,921
2022-12,WEST VALLEY,Homeless Encampment,186
2022-12,WEST VALLEY,Illegal Dumping Pickup,338
2022-12,WEST VALLEY,Metal/Household Appliances,496
2022-12,WEST VALLEY,Multiple Streetlight Issue,45
2022-12,WEST VALLEY,Single Streetlight Issue,44
2022-12,WILSHIRE,Bulky Items,2110
2022-12,WILSHIRE,Dead Animal Removal,92
2022-12,WILSHIRE,Electronic Waste,113
2022-12,WILSHIRE,Graffiti Removal,450
2022-12,WILSHIRE,Homeless Encampment,390
2022-12,WILSHIRE,Illegal Dumping Pickup,247
2022-12,WILSHIRE,Metal/Household Appliances,353
2022-12,WILSHIRE,Multiple Streetlight Issue,72
2022-12,WILSHIRE,Single Streetlight Issue,58
2023-01,77TH STREET,Bulky Items,2813
2023-01,77TH STREET,Dead Animal Removal,124
2023-01,77TH STREET,Electronic Waste,169
2023-01,77TH STREET,Graffiti Removal,1480
2023-01,77TH STREET,Homeless Encampment,179
2023-01,77TH STREET,Illegal Dumping Pickup,629
2023-01,77TH STREET,Metal/Household Appliances,390
2023-01,77TH STREET,Multiple Streetlight Issue,78
2023-01,77TH STREET,Single Streetlight Issue,78
2023-01,CENTRAL,Bulky Items,319
2023-01,CENTRAL,Dead Animal Removal,10
2023-01,CENTRAL,Electronic Waste,12
2023-01,CENTRAL,Graffiti Removal,1617
2023-01,CENTRAL,Homeless Encampment,105
2023-01,CENTRAL,Illegal Dumping Pickup,59
2023-01,CENTRAL,Metal/Household Appliances,39
2023-01,CENTRAL,Multiple Streetlight Issue,53
2023-01,CENTRAL,Single Streetlight Issue,206
2023-01,DEVONSHIRE,Bulky Items,3583
2023-01,DEVONSHIRE,Dead Animal Removal,170
2023-01,DEVONSHIRE,Electronic Waste,214
2023-01,DEVONSHIRE,Graffiti Removal,700
2023-01,DEVONSHIRE,Homeless Encampment,265
2023-01,DEVONSHIRE,Illegal Dumping Pickup,313
2023-01,DEVONSHIRE,Metal/Household Appliances,710
2023-01,DEVONSHIRE,Multiple Streetlight Issue,96
2023-01,DEVONSHIRE,Single Streetlight Issue,68
2023-01,FOOTHILL,Bulky Items,2872
2023-01,FOOTHILL,Dead Animal Removal,152
2023-01,FOOTHILL,Electronic Waste,195
2023-01,FOOTHILL,Graffiti Removal,658
2023-01,FOOTHILL,Homeless Encampment,201
2023-01,FOOTHILL,Illegal Dumping Pickup,386
2023-01,FOOTHILL,Metal/Household Appliances,391
2023-01,FOOTHILL,Multiple Streetlight Issue,69
2023-01,FOOTHILL,Single Streetlight Issue,50
2023-01,HARBOR,Bulky Items,2695
2023-01,HARBOR,Dead Animal Removal,94
2023-01,HARBOR,Electronic Waste,171
2023-01,HARBOR,Graffiti Removal,1476
2023-01,HARBOR,Homeless Encampment,110
2023-01,HARBOR,Illegal Dumping Pickup,336
2023-01,HARBOR,Metal/Household Appliances,551
2023-01,HARBOR,Multiple Streetlight Issue,18
2023-01,HARBOR,Single Streetlight Issue,50
2023-01,HOLLENBECK,Bulky Items,2166
2023-01,HOLLENBECK,Dead Animal Removal,88
2023-01,HOLLENBECK,Electronic Waste,130
2023-01,HOLLENBECK,Graffiti Removal,2876
2023-01,HOLLENBECK,Homeless Encampment,283
2023-01,HOLLENBECK,Illegal Dumping Pickup,273
2023-01,HOLLENBECK,Metal/Household Appliances,319
2023-01,HOLLENBECK,Multiple Streetlight Issue,76
2023-01,HOLLENBECK,Single Streetlight Issue,72
2023-01,HOLLYWOOD,Bulky Items,2187
2023-01,HOLLYWOOD,Dead Animal Removal,31
2023-01,HOLLYWOOD,Electronic Waste,90
2023-01,HOLLYWOOD,Graffiti Removal,1061
2023-01,HOLLYWOOD,Homeless Encampment,360
2023-01,HOLLYWOOD,Illegal Dumping Pickup,209
2023-01,HOLLYWOOD,Metal/Household Appliances,290
2023-01,HOLLYWOOD,Multiple Streetlight Issue,30
2023-01,HOLLYWOOD,Single Streetlight Issue,76
2023-01,MISSION,Bulky Items,3107
2023-01,MISSION,Dead Animal Removal,124
2023-01,MISSION,Electronic Waste,210
2023-01,MISSION,Graffiti Removal,1463
2023-01,MISSION,Homeless Encampment,111
2023-01,MISSION,Illegal Dumping Pickup,398
2023-01,MISSION,Metal/Household Appliances,462
2023-01,MISSION,Multiple Streetlight Issue,61
2023-01,MISSION,Single Streetlight Issue,95
2023-01,NEWTON,Bulky Items,1553
2023-01,NEWTON,Dead Animal Removal,97
2023-01,NEWTON,Electronic Waste,89
2023-01,NEWTON,Graffiti Removal,3523
2023-01,NEWTON,Homeless Encampment,293
2023-01,NEWTON,Illegal Dumping Pickup,397
2023-01,NEWTON,Metal/Household Appliances,236
2023-01,NEWTON,Multiple Streetlight Issue,118
2023-01,NEWTON,Single Streetlight Issue,62
2023-01,NORTH HOLLYWOOD,Bulky Items,3888
2023-01,NORTH HOLLYWOOD,Dead Animal Removal,98
2023-01,NORTH HOLLYWOOD,Electronic Waste,175
2023-01,NORTH HOLLYWOOD,Graffiti Removal,1394
2023-01,NORTH HOLLYWOOD,Homeless Encampment,449
2023-01,NORTH HOLLYWOOD,Illegal Dumping Pickup,407
2023-01,NORTH HOLLYWOOD,Metal/Household Appliances,495
2023-01,NORTH HOLLYWOOD,Multiple Streetlight Issue,194
2023-01,NORTH HOLLYWOOD,Single Streetlight Issue,81
2023-01,NORTHEAST,Bulky Items,4420
2023-01,NORTHEAST,Dead Animal Removal,129
2023-01,NORTHEAST,Electronic Waste,253
2023-01,NORTHEAST,Graffiti Removal,1293
2023-01,NORTHEAST,Homeless Encampment,277
2023-01,NORTHEAST,Illegal Dumping Pickup,325
2023-01,NORTHEAST,Metal/Household Appliances,666
2023-01,NORTHEAST,Multiple Streetlight Issue,32
2023-01,NORTHEAST,Single Streetlight Issue,54
2023-01,OLYMPIC,Bulky Items,2125
2023-01,OLYMPIC,Dead Animal Removal,51
2023-01,OLYMPIC,Electronic Waste,87
2023-01,OLYMPIC,Graffiti Removal,1446
2023-01,OLYMPIC,Homeless Encampment,291
2023-01,OLYMPIC,Illegal Dumping Pickup,302
2023-01,OLYMPIC,Metal/Household Appliances,228
2023-01,OLYMPIC,Multiple Streetlight Issue,62
2023-01,OLYMPIC,Single Streetlight Issue,60
2023-01,PACIFIC,Bulky Items,3163
2023-01,PACIFIC,Dead Animal Removal,87
2023-01,PACIFIC,Electronic Waste,146
2023-01,PACIFIC,Graffiti Removal,510
2023-01,PACIFIC,Homeless Encampment,380
2023-01,PACIFIC,Illegal Dumping Pickup,221
2023-01,PACIFIC,Metal/Household Appliances,514
2023-01,PACIFIC,Multiple Streetlight Issue,24
2023-01,PACIFIC,Single Streetlight Issue,50
2023-01,RAMPART,Bulky Items,1830
2023-01,RAMPART,Dead Animal Removal,69
2023-01,RAMPART,Electronic Waste,73
2023-01,RAMPART,Graffiti Removal,2559
2023-01,RAMPART,Homeless Encampment,393
2023-01,RAMPART,Illegal Dumping Pickup,400
2023-01,RAMPART,Metal/Household Appliances,209
2023-01,RAMPART,Multiple Streetlight Issue,75
2023-01,RAMPART,Single Streetlight Issue,69
2023-01,SOUTHEAST,Bulky Items,1633
2023-01,SOUTHEAST,Dead Animal Removal,129
2023-01,SOUTHEAST,Electronic Waste,86
2023-01,SOUTHEAST,Graffiti Removal,1217
2023-01,SOUTHEAST,Homeless Encampment,131
2023-01,SOUTHEAST,Illegal Dumping Pickup,519
2023-01,SOUTHEAST,Metal/Household Appliances,264
2023-01,SOUTHEAST,Multiple Streetlight Issue,36
2023-01,SOUTHEAST,Single Streetlight Issue,69
2023-01,SOUTHWEST,Bulky Items,2701
2023-01,SOUTHWEST,Dead Animal Removal,109
2023-01,SOUTHWEST,Electronic Waste,148
2023-01,SOUTHWEST,Graffiti Removal,692
2023-01,SOUTHWEST,Homeless Encampment,190
2023-01,SOUTHWEST,Illegal Dumping Pickup,599
2023-01,SOUTHWEST,Metal/Household Appliances,391
2023-01,SOUTHWEST,Multiple Streetlight Issue,57
2023-01,SOUTHWEST,Single Streetlight Issue,76
2023-01,TOPANGA,Bulky Items,2772
2023-01,TOPANGA,Dead Animal Removal,97
2023-01,TOPANGA,Electronic Waste,172
2023-01,TOPANGA,Graffiti Removal,409
2023-01,TOPANGA,Homeless Encampment,272
2023-01,TOPANGA,Illegal Dumping Pickup,236
2023-01,TOPANGA,Metal/Household Appliances,534
2023-01,TOPANGA,Multiple Streetlight Issue,28
2023-01,TOPANGA,Single Streetlight Issue,76
2023-01,VAN NUYS,Bulky Items,3110
2023-01,VAN NUYS,Dead Animal Removal,81
2023-01,VAN NUYS,Electronic Waste,148
2023-01,VAN NUYS,Graffiti Removal,695
2023-01,VAN NUYS,Homeless Encampment,132
2023-01,VAN NUYS,Illegal Dumping Pickup,278
2023-01,VAN NUYS,Metal/Household Appliances,314
2023-01,VAN NUYS,Multiple Streetlight Issue,48
2023-01,VAN NUYS,Single Streetlight Issue,52
2023-01,WEST LOS ANGELES,Bulky Items,3257
2023-01,WEST LOS ANGELES,Dead Animal Removal,77
2023-01,WEST LOS ANGELES,Electronic Waste,164
2023-01,WEST LOS ANGELES,Graffiti Removal,212
2023-01,WEST LOS ANGELES,Homeless Encampment,243
2023-01,WEST LOS ANGELES,Illegal Dumping Pickup,214
2023-01,WEST LOS ANGELES,Metal/Household Appliances,465
2023-01,WEST LOS ANGELES,Multiple Streetlight Issue,31
2023-01,WEST LOS ANGELES,Single Streetlight Issue,99
2023-01,WEST VALLEY,Bulky Items,2987
2023-01,WEST VALLEY,Dead Animal Removal,100
2023-01,WEST VALLEY,Electronic Waste,167
2023-01,WEST VALLEY,Graffiti Removal,951
2023-01,WEST VALLEY,Homeless Encampment,171
2023-01,WEST VALLEY,Illegal Dumping Pickup,360
2023-01,WEST VALLEY,Metal/Household Appliances,482
2023-01,WEST VALLEY,Multiple Streetlight Issue,52
2023-01,WEST VALLEY,Single Streetlight Issue,72
2023-01,WILSHIRE,Bulky Items,2760
2023-01,WILSHIRE,Dead Animal Removal,66
2023-01,WILSHIRE,Electronic Waste,132
2023-01,WILSHIRE,Graffiti Removal,517
2023-01,WILSHIRE,Homeless Encampment,408
2023-01,WILSHIRE,Illegal Dumping Pickup,267
2023-01,WILSHIRE,Metal/Household Appliances,387
2023-01,WILSHIRE,Multiple Streetlight Issue,71
2023-01,WILSHIRE,Single Streetlight Issue,72
2023-02,77TH STREET,Bulky Items,2217
2023-02,77TH STREET,Dead Animal Removal,136
2023-02,77TH STREET,Electronic Waste,144
2023-02,77TH STREET,Graffiti Removal,1237
2023-02,77TH STREET,Homeless Encampment,211
2023-02,77TH STREET,Illegal Dumping Pickup,553
2023-02,77TH STREET,Metal/Household Appliances,344
2023-02,77TH STREET,Multiple Streetlight Issue,56
2023-02,77TH STREET,Single Streetlight Issue,73
2023-02,CENTRAL,Bulky Items,219
2023-02,CENTRAL,Dead Animal Removal,11
2023-02,CENTRAL,Electronic Waste,14
2023-02,CENTRAL,Graffiti Removal,1369
2023-02,CENTRAL,Homeless Encampment,115
2023-02,CENTRAL,Illegal Dumping Pickup,95
2023-02,CENTRAL,Metal/Household Appliances,40
2023-02,CENTRAL,Multiple Streetlight Issue,36
2023-02,CENTRAL,Single Streetlight Issue,34
2023-02,DEVONSHIRE,Bulky Items,2541
2023-02,DEVONSHIRE,Dead Animal Removal,113
2023-02,DEVONSHIRE,Electronic Waste,183
2023-02,DEVONSHIRE,Graffiti Removal,609
2023-02,DEVONSHIRE,Homeless Encampment,256
2023-02,DEVONSHIRE,Illegal Dumping Pickup,283
2023-02,DEVONSHIRE,Metal/Household Appliances,571
2023-02,DEVONSHIRE,Multiple Streetlight Issue,97
2023-02,DEVONSHIRE,Single Streetlight Issue,63
2023-02,FOOTHILL,Bulky Items,2186
2023-02,FOOTHILL,Dead Animal Removal,103
2023-02,FOOTHILL,Electronic Waste,180
2023-02,FOOTHILL,Graffiti Removal,409
2023-02,FOOTHILL,Homeless Encampment,185
2023-02,FOOTHILL,Illegal Dumping Pickup,390
2023-02,FOOTHILL,Metal/Household Appliances,321
2023-02,FOOTHILL,Multiple Streetlight Issue,57
2023-02,FOOTHILL,Single Streetlight Issue,64
2023-02,HARBOR,Bulky Items,2063
2023-02,HARBOR,Dead Animal Removal,68
2023-02,HARBOR,Electronic Waste,149
2023-02,HARBOR,Graffiti Removal,1561
2023-02,HARBOR,Homeless Encampment,84
2023-02,HARBOR,Illegal Dumping Pickup,293
2023-02,HARBOR,Metal/Household Appliances,493
2023-02,HARBOR,Multiple Streetlight Issue,9
2023-02,HARBOR,Single Streetlight Issue,19
2023-02,HOLLENBECK,Bulky Items,1584
2023-02,HOLLENBECK,Dead Animal Removal,88
2023-02,HOLLENBECK,Electronic Waste,105
2023-02,HOLLENBECK,Graffiti Removal,2630
2023-02,HOLLENBECK,Homeless Encampment,268
2023-02,HOLLENBECK,Illegal Dumping Pickup,289
2023-02,HOLLENBECK,Metal/Household Appliances,243
2023-02,HOLLENBECK,Multiple Streetlight Issue,46
2023-02,HOLLENBECK,Single Streetlight Issue,79
2023-02,HOLLYWOOD,Bulky Items,1481
2023-02,HOLLYWOOD,Dead Animal Removal,30
2023-02,HOLLYWOOD,Electronic Waste,71
2023-02,HOLLYWOOD,Graffiti Removal,1200
2023-02,HOLLYWOOD,Homeless Encampment,315
2023-02,HOLLYWOOD,Illegal Dumping Pickup,148
2023-02,HOLLYWOOD,Metal/Household Appliances,254
2023-02,HOLLYWOOD,Multiple Streetlight Issue,25
2023-02,HOLLYWOOD,Single Streetlight Issue,93
2023-02,MISSION,Bulky Items,2473
2023-02,MISSION,Dead Animal Removal,136
2023-02,MISSION,Electronic Waste,184
2023-02,MISSION,Graffiti Removal,1406
2023-02,MISSION,Homeless Encampment,138
2023-02,MISSION,Illegal Dumping Pickup,414
2023-02,MISSION,Metal/Household Appliances,432
2023-02,MISSION,Multiple Streetlight Issue,59
2023-02,MISSION,Single Streetlight Issue,73
2023-02,NEWTON,Bulky Items,1255
2023-02,NEWTON,Dead Animal Removal,83
2023-02,NEWTON,Electronic Waste,89
2023-02,NEWTON,Graffiti Removal,2865
2023-02,NEWTON,Homeless Encampment,279
2023-02,NEWTON,Illegal Dumping Pickup,391
2023-02,NEWTON,Metal/Household Appliances,189
2023-02,NEWTON,Multiple Streetlight Issue,117
2023-02,NEWTON,Single Streetlight Issue,39
2023-02,NORTH HOLLYWOOD,Bulky Items,2590
2023-02,NORTH HOLLYWOOD,Dead Animal Removal,82
2023-02,NORTH HOLLYWOOD,Electronic Waste,149
2023-02,NORTH HOLLYWOOD,Graffiti Removal,1186
2023-02,NORTH HOLLYWOOD,Homeless Encampment,298
2023-02,NORTH HOLLYWOOD,Illegal Dumping Pickup,345
2023-02,NORTH HOLLYWOOD,Metal/Household Appliances,438
2023-02,NORTH HOLLYWOOD,Multiple Streetlight Issue,131
2023-02,NORTH HOLLYWOOD,Single Streetlight Issue,73
2023-02,NORTHEAST,Bulky Items,2810
2023-02,NORTHEAST,Dead Animal Removal,122
2023-02,NORTHEAST,Electronic Waste,171
2023-02,NORTHEAST,Graffiti Removal,1246
2023-02,NORTHEAST,Homeless Encampment,194
2023-02,NORTHEAST,Illegal Dumping Pickup,264
2023-02,NORTHEAST,Metal/Household Appliances,520
2023-02,NORTHEAST,Multiple Streetlight Issue,25
2023-02,NORTHEAST,Single Streetlight Issue,38
2023-02,OLYMPIC,Bulky Items,1477
2023-02,OLYMPIC,Dead Animal Removal,57
2023-02,OLYMPIC,Electronic Waste,106
2023-02,OLYMPIC,Graffiti Removal,1123
2023-02,OLYMPIC,Homeless Encampment,263
2023-02,OLYMPIC,Illegal Dumping Pickup,272
2023-02,OLYMPIC,Metal/Household Appliances,209
2023-02,OLYMPIC,Multiple Streetlight Issue,32
2023-02,OLYMPIC,Single Streetlight Issue,30
2023-02,PACIFIC,Bulky Items,2205
2023-02,PACIFIC,Dead Animal Removal,76
2023-02,PACIFIC,Electronic Waste,132
2023-02,PACIFIC,Graffiti Removal,474
2023-02,PACIFIC,Homeless Encampment,298
2023-02,PACIFIC,Illegal Dumping Pickup,170
2023-02,PACIFIC,Metal/Household Appliances,426
2023-02,PACIFIC,Multiple Streetlight Issue,19
2023-02,PACIFIC,Single Streetlight Issue,46
2023-02,RAMPART,Bulky Items,1274
2023-02,RAMPART,Dead Animal Removal,38
2023-02,RAMPART,Electronic Waste,76
2023-02,RAMPART,Graffiti Removal,2451
2023-02,RAMPART,Homeless Encampment,388
2023-02,RAMPART,Illegal Dumping Pickup,315
2023-02,RAMPART,Metal/Household Appliances,167
2023-02,RAMPART,Multiple Streetlight Issue,54
2023-02,RAMPART,Single Streetlight Issue,63
2023-02,SOUTHEAST,Bulky Items,1534
2023-02,SOUTHEAST,Dead Animal Removal,104
2023-02,SOUTHEAST,Electronic Waste,86
2023-02,SOUTHEAST,Graffiti Removal,1080
2023-02,SOUTHEAST,Homeless Encampment,131
2023-02,SOUTHEAST,Illegal Dumping Pickup,481
2023-02,SOUTHEAST,Metal/Household Appliances,254
2023-02,SOUTHEAST,Multiple Streetlight Issue,34
2023-02,SOUTHEAST,Single Streetlight Issue,52
2023-02,SOUTHWEST,Bulky Items,1905
2023-02,SOUTHWEST,Dead Animal Removal,78
2023-02,SOUTHWEST,Electronic Waste,132
2023-02,SOUTHWEST,Graffiti Removal,572
2023-02,SOUTHWEST,Homeless Encampment,141
2023-02,SOUTHWEST,Illegal Dumping Pickup,470
2023-02,SOUTHWEST,Metal/Household Appliances,339
2023-02,SOUTHWEST,Multiple Streetlight Issue,55
2023-02,SOUTHWEST,Single Streetlight Issue,58
2023-02,TOPANGA,Bulky Items,2251
2023-02,TOPANGA,Dead Animal Removal,89
2023-02,TOPANGA,Electronic Waste,148
2023-02,TOPANGA,Graffiti Removal,403
2023-02,TOPANGA,Homeless Encampment,216
2023-02,TOPANGA,Illegal Dumping Pickup,229
2023-02,TOPANGA,Metal/Household Appliances,465
2023-02,TOPANGA,Multiple Streetlight Issue,27
2023-02,TOPANGA,Single Streetlight Issue,67
2023-02,VAN NUYS,Bulky Items,2186
2023-02,VAN NUYS,Dead Animal Removal,76
2023-02,VAN NUYS,Electronic Waste,115
2023-02,VAN NUYS,Graffiti Removal,653
2023-02,VAN NUYS,Homeless Encampment,123
2023-02,VAN NUYS,Illegal Dumping Pickup,256
2023-02,VAN NUYS,Metal/Household Appliances,318
2023-02,VAN NUYS,Multiple Streetlight Issue,65
2023-02,VAN NUYS,Single Streetlight Issue,43
2023-02,WEST LOS ANGELES,Bulky Items,1971
2023-02,WEST LOS ANGELES,Dead Animal Removal,82
2023-02,WEST LOS ANGELES,Electronic Waste,120
2023-02,WEST LOS ANGELES,Graffiti Removal,252
2023-02,WEST LOS ANGELES,Homeless Encampment,288
2023-02,WEST LOS ANGELES,Illegal Dumping Pickup,174
2023-02,WEST LOS ANGELES,Metal/Household Appliances,438
2023-02,WEST LOS ANGELES,Multiple Streetlight Issue,20
2023-02,WEST LOS ANGELES,Single Streetlight Issue,55
2023-02,WEST VALLEY,Bulky Items,2350
2023-02,WEST VALLEY,Dead Animal Removal,82
2023-02,WEST VALLEY,Electronic Waste,122
2023-02,WEST VALLEY,Graffiti Removal,936
2023-02,WEST VALLEY,Homeless Encampment,209
2023-02,WEST VALLEY,Illegal Dumping Pickup,367
2023-02,WEST VALLEY,Metal/Household Appliances,450
2023-02,WEST VALLEY,Multiple Streetlight Issue,30
2023-02,WEST VALLEY,Single Streetlight Issue,42
2023-02,WILSHIRE,Bulky Items,1908
2023-02,WILSHIRE,Dead Animal Removal,57
2023-02,WILSHIRE,Electronic Waste,120
2023-02,WILSHIRE,Graffiti Removal,575
2023-02,WILSHIRE,Homeless Encampment,293
2023-02,WILSHIRE,Illegal Dumping Pickup,228
2023-02,WILSHIRE,Metal/Household Appliances,343
2023-02,WILSHIRE,Multiple Streetlight Issue,81
2023-02,WILSHIRE,Single Streetlight Issue,70
2023-03,77TH STREET,Bulky Items,2622
2023-03,77TH STREET,Dead Animal Removal,167
2023-03,77TH STREET,Electronic Waste,158
2023-03,77TH STREET,Graffiti Removal,997
2023-03,77TH STREET,Homeless Encampment,200
2023-03,77TH STREET,Illegal Dumping Pickup,627
2023-03,77TH STREET,Metal/Household Appliances,379
2023-03,77TH STREET,Multiple Streetlight Issue,70
2023-03,77TH STREET,Single Streetlight Issue,54
2023-03,CENTRAL,Bulky Items,241
2023-03,CENTRAL,Dead Animal Removal,19
2023-03,CENTRAL,Electronic Waste,12
2023-03,CENTRAL,Graffiti Removal,1471
2023-03,CENTRAL,Homeless Encampment,94
2023-03,CENTRAL,Illegal Dumping Pickup,69
2023-03,CENTRAL,Metal/Household Appliances,37
2023-03,CENTRAL,Multiple Streetlight Issue,107
2023-03,CENTRAL,Single Streetlight Issue,60
2023-03,DEVONSHIRE,Bulky Items,2712
2023-03,DEVONSHIRE,Dead Animal Removal,152
2023-03,DEVONSHIRE,Electronic Waste,182
2023-03,DEVONSHIRE,Graffiti Removal,849
2023-03,DEVONSHIRE,Homeless Encampment,231
2023-03,DEVONSHIRE,Illegal Dumping Pickup,259
2023-03,DEVONSHIRE,Metal/Household Appliances,597
2023-03,DEVONSHIRE,Multiple Streetlight Issue,68
2023-03,DEVONSHIRE,Single Streetlight Issue,73
2023-03,FOOTHILL,Bulky Items,2596
2023-03,FOOTHILL,Dead Animal Removal,108
2023-03,FOOTHILL,Electronic Waste,188
2023-03,FOOTHILL,Graffiti Removal,592
2023-03,FOOTHILL,Homeless Encampment,196
2023-03,FOOTHILL,Illegal Dumping Pickup,450
2023-03,FOOTHILL,Metal/Household Appliances,377
2023-03,FOOTHILL,Multiple Streetlight Issue,49
2023-03,FOOTHILL,Single Streetlight Issue,57
2023-03,HARBOR,Bulky Items,2456
2023-03,HARBOR,Dead Animal Removal,70
2023-03,HARBOR,Electronic Waste,164
2023-03,HARBOR,Graffiti Removal,1455
2023-03,HARBOR,Homeless Encampment,75
2023-03,HARBOR,Illegal Dumping Pickup,345
2023-03,HARBOR,Metal/Household Appliances,574
2023-03,HARBOR,Multiple Streetlight Issue,17
2023-03,HARBOR,Single Streetlight Issue,37
2023-03,HOLLENBECK,Bulky Items,1866
2023-03,HOLLENBECK,Dead Animal Removal,82
2023-03,HOLLENBECK,Electronic Waste,106
2023-03,HOLLENBECK,Graffiti Removal,2552
2023-03,HOLLENBECK,Homeless Encampment,179
2023-03,HOLLENBECK,Illegal Dumping Pickup,247
2023-03,HOLLENBECK,Metal/Household Appliances,288
2023-03,HOLLENBECK,Multiple Streetlight Issue,53
2023-03,HOLLENBECK,Single Streetlight Issue,65
2023-03,HOLLYWOOD,Bulky Items,1655
2023-03,HOLLYWOOD,Dead Animal Removal,39
2023-03,HOLLYWOOD,Electronic Waste,106
2023-03,HOLLYWOOD,Graffiti Removal,1178
2023-03,HOLLYWOOD,Homeless Encampment,285
2023-03,HOLLYWOOD,Illegal Dumping Pickup,212
2023-03,HOLLYWOOD,Metal/Household Appliances,325
2023-03,HOLLYWOOD,Multiple Streetlight Issue,12
2023-03,HOLLYWOOD,Single Streetlight Issue,43
2023-03,MISSION,Bulky Items,2954
2023-03,MISSION,Dead Animal Removal,130
2023-03,MISSION,Electronic Waste,193
2023-03,MISSION,Graffiti Removal,1388
2023-03,MISSION,Homeless Encampment,106
2023-03,MISSION,Illegal Dumping Pickup,438
2023-03,MISSION,Metal/Household Appliances,480
2023-03,MISSION,Multiple Streetlight Issue,51
2023-03,MISSION,Single Streetlight Issue,64
2023-03,NEWTON,Bulky Items,1344
2023-03,NEWTON,Dead Animal Removal,76
2023-03,NEWTON,Electronic Waste,69
2023-03,NEWTON,Graffiti Removal,3111
2023-03,NEWTON,Homeless Encampment,271
2023-03,NEWTON,Illegal Dumping Pickup,419
2023-03,NEWTON,Metal/Household Appliances,207
2023-03,NEWTON,Multiple Streetlight Issue,88
2023-03,NEWTON,Single Streetlight Issue,73
2023-03,NORTH HOLLYWOOD,Bulky Items,3047
2023-03,NORTH HOLLYWOOD,Dead Animal Removal,89
2023-03,NORTH HOLLYWOOD,Electronic Waste,168
2023-03,NORTH HOLLYWOOD,Graffiti Removal,1470
2023-03,NORTH HOLLYWOOD,Homeless Encampment,332
2023-03,NORTH HOLLYWOOD,Illegal Dumping Pickup,493
2023-03,NORTH HOLLYWOOD,Metal/Household Appliances,491
2023-03,NORTH HOLLYWOOD,Multiple Streetlight Issue,115
2023-03,NORTH HOLLYWOOD,Single Streetlight Issue,79
2023-03,NORTHEAST,Bulky Items,3240
2023-03,NORTHEAST,Dead Animal Removal,117
2023-03,NORTHEAST,Electronic Waste,221
2023-03,NORTHEAST,Graffiti Removal,1431
2023-03,NORTHEAST,Homeless Encampment,301
2023-03,NORTHEAST,Illegal Dumping Pickup,289
2023-03,NORTHEAST,Metal/Household Appliances,592
2023-03,NORTHEAST,Multiple Streetlight Issue,28
2023-03,NORTHEAST,Single Streetlight Issue,48
2023-03,OLYMPIC,Bulky Items,1758
2023-03,OLYMPIC,Dead Animal Removal,64
2023-03,OLYMPIC,Electronic Waste,109
2023-03,OLYMPIC,Graffiti Removal,1306
2023-03,OLYMPIC,Homeless Encampment,336
2023-03,OLYMPIC,Illegal Dumping Pickup,297
2023-03,OLYMPIC,Metal/Household Appliances,245
2023-03,OLYMPIC,Multiple Streetlight Issue,25
2023-03,OLYMPIC,Single Streetlight Issue,36
2023-03,PACIFIC,Bulky Items,2360
2023-03,PACIFIC,Dead Animal Removal,83
2023-03,PACIFIC,Electronic Waste,155
2023-03,PACIFIC,Graffiti Removal,633
2023-03,PACIFIC,Homeless Encampment,282
2023-03,PACIFIC,Illegal Dumping Pickup,168
2023-03,PACIFIC,Metal/Household Appliances,488
2023-03,PACIFIC,Multiple Streetlight Issue,28
2023-03,PACIFIC,Single Streetlight Issue,52
2023-03,RAMPART,Bulky Items,1383
2023-03,RAMPART,Dead Animal Removal,44
2023-03,RAMPART,Electronic Waste,70
2023-03,RAMPART,Graffiti Removal,3124
2023-03,RAMPART,Homeless Encampment,408
2023-03,RAMPART,Illegal Dumping Pickup,309
2023-03,RAMPART,Metal/Household Appliances,217
2023-03,RAMPART,Multiple Streetlight Issue,45
2023-03,RAMPART,Single Streetlight Issue,68
2023-03,SOUTHEAST,Bulky Items,1787
2023-03,SOUTHEAST,Dead Animal Removal,102
2023-03,SOUTHEAST,Electronic Waste,98
2023-03,SOUTHEAST,Graffiti Removal,931
2023-03,SOUTHEAST,Homeless Encampment,136
2023-03,SOUTHEAST,Illegal Dumping Pickup,505
2023-03,SOUTHEAST,Metal/Household Appliances,278
2023-03,SOUTHEAST,Multiple Streetlight Issue,39
2023-03,SOUTHEAST,Single Streetlight Issue,60
2023-03,SOUTHWEST,Bulky Items,2402
2023-03,SOUTHWEST,Dead Animal Removal,105
2023-03,SOUTHWEST,Electronic Waste,154
2023-03,SOUTHWEST,Graffiti Removal,576
2023-03,SOUTHWEST,Homeless Encampment,142
2023-03,SOUTHWEST,Illegal Dumping Pickup,535
2023-03,SOUTHWEST,Metal/Household Appliances,375
2023-03,SOUTHWEST,Multiple Streetlight Issue,55
2023-03,SOUTHWEST,Single Streetlight Issue,73
2023-03,TOPANGA,Bulky Items,2606
2023-03,TOPANGA,Dead Animal Removal,96
2023-03,TOPANGA,Electronic Waste,146
2023-03,TOPANGA,Graffiti Removal,497
2023-03,TOPANGA,Homeless Encampment,258
2023-03,TOPANGA,Illegal Dumping Pickup,240
2023-03,TOPANGA,Metal/Household Appliances,512
2023-03,TOPANGA,Multiple Streetlight Issue,27
2023-03,TOPANGA,Single Streetlight Issue,57
2023-03,VAN NUYS,Bulky Items,2357
2023-03,VAN NUYS,Dead Animal Removal,84
2023-03,VAN NUYS,Electronic Waste,135
2023-03,VAN NUYS,Graffiti Removal,845
2023-03,VAN NUYS,Homeless Encampment,183
2023-03,VAN NUYS,Illegal Dumping Pickup,312
2023-03,VAN NUYS,Metal/Household Appliances,334
2023-03,VAN NUYS,Multiple Streetlight Issue,38
2023-03,VAN NUYS,Single Streetlight Issue,44
2023-03,WEST LOS ANGELES,Bulky Items,2116
2023-03,WEST LOS ANGELES,Dead Animal Removal,75
2023-03,WEST LOS ANGELES,Electronic Waste,160
2023-03,WEST LOS ANGELES,Graffiti Removal,410
2023-03,WEST LOS ANGELES,Homeless Encampment,230
2023-03,WEST LOS ANGELES,Illegal Dumping Pickup,157
2023-03,WEST LOS ANGELES,Metal/Household Appliances,423
2023-03,WEST LOS ANGELES,Multiple Streetlight Issue,43
2023-03,WEST LOS ANGELES,Single Streetlight Issue,85
2023-03,WEST VALLEY,Bulky Items,2544
2023-03,WEST VALLEY,Dead Animal Removal,101
2023-03,WEST VALLEY,Electronic Waste,156
2023-03,WEST VALLEY,Graffiti Removal,923
2023-03,WEST VALLEY,Homeless Encampment,209
2023-03,WEST VALLEY,Illegal Dumping Pickup,300
2023-03,WEST VALLEY,Metal/Household Appliances,447
2023-03,WEST VALLEY,Multiple Streetlight Issue,34
2023-03,WEST VALLEY,Single Streetlight Issue,37
2023-03,WILSHIRE,Bulky Items,2135
2023-03,WILSHIRE,Dead Animal Removal,59
2023-03,WILSHIRE,Electronic Waste,138
2023-03,WILSHIRE,Graffiti Removal,670
2023-03,WILSHIRE,Homeless Encampment,264
2023-03,WILSHIRE,Illegal Dumping Pickup,312
2023-03,WILSHIRE,Metal/Household Appliances,383
2023-03,WILSHIRE,Multiple Streetlight Issue,53
2023-03,WILSHIRE,Single Streetlight Issue,81
2023-04,77TH STREET,Bulky Items,2778
2023-04,77TH STREET,Dead Animal Removal,158
2023-04,77TH STREET,Electronic Waste,201
2023-04,77TH STREET,Graffiti Removal,749
2023-04,77TH STREET,Homeless Encampment,206
2023-04,77TH STREET,Illegal Dumping Pickup,673
2023-04,77TH STREET,Metal/Household Appliances,453
2023-04,77TH STREET,Multiple Streetlight Issue,96
2023-04,77TH STREET,Single Streetlight Issue,64
2023-04,CENTRAL,Bulky Items,279
2023-04,CENTRAL,Dead Animal Removal,18
2023-04,CENTRAL,Electronic Waste,14
2023-04,CENTRAL,Graffiti Removal,1501
2023-04,CENTRAL,Homeless Encampment,125
2023-04,CENTRAL,Illegal Dumping Pickup,45
2023-04,CENTRAL,Metal/Household Appliances,46
2023-04,CENTRAL,Multiple Streetlight Issue,79
2023-04,CENTRAL,Single Streetlight Issue,54
2023-04,DEVONSHIRE,Bulky Items,3228
2023-04,DEVONSHIRE,Dead Animal Removal,185
2023-04,DEVONSHIRE,Electronic Waste,228
2023-04,DEVONSHIRE,Graffiti Removal,729
2023-04,DEVONSHIRE,Homeless Encampment,230
2023-04,DEVONSHIRE,Illegal Dumping Pickup,299
2023-04,DEVONSHIRE,Metal/Household Appliances,740
2023-04,DEVONSHIRE,Multiple Streetlight Issue,50
2023-04,DEVONSHIRE,Single Streetlight Issue,61
2023-04,FOOTHILL,Bulky Items,2802
2023-04,FOOTHILL,Dead Animal Removal,116
2023-04,FOOTHILL,Electronic Waste,207
2023-04,FOOTHILL,Graffiti Removal,486
2023-04,FOOTHILL,Homeless Encampment,219
2023-04,FOOTHILL,Illegal Dumping Pickup,406
2023-04,FOOTHILL,Metal/Household Appliances,482
2023-04,FOOTHILL,Multiple Streetlight Issue,52
2023-04,FOOTHILL,Single Streetlight Issue,39
2023-04,HARBOR,Bulky Items,2479
2023-04,HARBOR,Dead Animal Removal,125
2023-04,HARBOR,Electronic Waste,210
2023-04,HARBOR,Graffiti Removal,1686
2023-04,HARBOR,Homeless Encampment,93
2023-04,HARBOR,Illegal Dumping Pickup,327
2023-04,HARBOR,Metal/Household Appliances,607
2023-04,HARBOR,Multiple Streetlight Issue,15
2023-04,HARBOR,Single Streetlight Issue,26
2023-04,HOLLENBECK,Bulky Items,2187
2023-04,HOLLENBECK,Dead Animal Removal,86
2023-04,HOLLENBECK,Electronic Waste,159
2023-04,HOLLENBECK,Graffiti Removal,2963
2023-04,HOLLENBECK,Homeless Encampment,200
2023-04,HOLLENBECK,Illegal Dumping Pickup,285
2023-04,HOLLENBECK,Metal/Household Appliances,349
2023-04,HOLLENBECK,Multiple Streetlight Issue,35
2023-04,HOLLENBECK,Single Streetlight Issue,64
2023-04,HOLLYWOOD,Bulky Items,1596
2023-04,HOLLYWOOD,Dead Animal Removal,39
2023-04,HOLLYWOOD,Electronic Waste,95
2023-04,HOLLYWOOD,Graffiti Removal,1045
2023-04,HOLLYWOOD,Homeless Encampment,403
2023-04,HOLLYWOOD,Illegal Dumping Pickup,191
2023-04,HOLLYWOOD,Metal/Household Appliances,287
2023-04,HOLLYWOOD,Multiple Streetlight Issue,13
2023-04,HOLLYWOOD,Single Streetlight Issue,54
2023-04,MISSION,Bulky Items,3099
2023-04,MISSION,Dead Animal Removal,167
2023-04,MISSION,Electronic Waste,252
2023-04,MISSION,Graffiti Removal,1601
2023-04,MISSION,Homeless Encampment,162
2023-04,MISSION,Illegal Dumping Pickup,422
2023-04,MISSION,Metal/Household Appliances,514
2023-04,MISSION,Multiple Streetlight Issue,61
2023-04,MISSION,Single Streetlight Issue,42
2023-04,NEWTON,Bulky Items,1543
2023-04,NEWTON,Dead Animal Removal,115
2023-04,NEWTON,Electronic Waste,95
2023-04,NEWTON,Graffiti Removal,2567
2023-04,NEWTON,Homeless Encampment,355
2023-04,NEWTON,Illegal Dumping Pickup,501
2023-04,NEWTON,Metal/Household Appliances,258
2023-04,NEWTON,Multiple Streetlight Issue,79
2023-04,NEWTON,Single Streetlight Issue,68
2023-04,NORTH HOLLYWOOD,Bulky Items,3175
2023-04,NORTH HOLLYWOOD,Dead Animal Removal,115
2023-04,NORTH HOLLYWOOD,Electronic Waste,188
2023-04,NORTH HOLLYWOOD,Graffiti Removal,1497
2023-04,NORTH HOLLYWOOD,Homeless Encampment,421
2023-04,NORTH HOLLYWOOD,Illegal Dumping Pickup,380
2023-04,NORTH HOLLYWOOD,Metal/Household Appliances,518
2023-04,NORTH HOLLYWOOD,Multiple Streetlight Issue,87
2023-04,NORTH HOLLYWOOD,Single Streetlight Issue,56
2023-04,NORTHEAST,Bulky Items,3470
2023-04,NORTHEAST,Dead Animal Removal,177
2023-04,NORTHEAST,Electronic Waste,257
2023-04,NORTHEAST,Graffiti Removal,1368
2023-04,NORTHEAST,Homeless Encampment,294
2023-04,NORTHEAST,Illegal Dumping Pickup,297
2023-04,NORTHEAST,Metal/Household Appliances,679
2023-04,NORTHEAST,Multiple Streetlight Issue,18
2023-04,NORTHEAST,Single Streetlight Issue,58
2023-04,OLYMPIC,Bulky Items,1730
2023-04,OLYMPIC,Dead Animal Removal,61
2023-04,OLYMPIC,Electronic Waste,95
2023-04,OLYMPIC,Graffiti Removal,1196
2023-04,OLYMPIC,Homeless Encampment,392
2023-04,OLYMPIC,Illegal Dumping Pickup,298
2023-04,OLYMPIC,Metal/Household Appliances,253
2023-04,OLYMPIC,Multiple Streetlight Issue,27
2023-04,OLYMPIC,Single Streetlight Issue,32
2023-04,PACIFIC,Bulky Items,2701
2023-04,PACIFIC,Dead Animal Removal,132
2023-04,PACIFIC,Electronic Waste,136
2023-04,PACIFIC,Graffiti Removal,590
2023-04,PACIFIC,Homeless Encampment,404
2023-04,PACIFIC,Illegal Dumping Pickup,229
2023-04,PACIFIC,Metal/Household Appliances,553
2023-04,PACIFIC,Multiple Streetlight Issue,20
2023-04,PACIFIC,Single Streetlight Issue,26
2023-04,RAMPART,Bulky Items,1474
2023-04,RAMPART,Dead Animal Removal,51
2023-04,RAMPART,Electronic Waste,79
2023-04,RAMPART,Graffiti Removal,2833
2023-04,RAMPART,Homeless Encampment,343
2023-04,RAMPART,Illegal Dumping Pickup,328
2023-04,RAMPART,Metal/Household Appliances,203
2023-04,RAMPART,Multiple Streetlight Issue,79
2023-04,RAMPART,Single Streetlight Issue,82
2023-04,SOUTHEAST,Bulky Items,1873
2023-04,SOUTHEAST,Dead Animal Removal,94
2023-04,SOUTHEAST,Electronic Waste,136
2023-04,SOUTHEAST,Graffiti Removal,890
2023-04,SOUTHEAST,Homeless Encampment,142
2023-04,SOUTHEAST,Illegal Dumping Pickup,612
2023-04,SOUTHEAST,Metal/Household Appliances,279
2023-04,SOUTHEAST,Multiple Streetlight Issue,50
2023-04,SOUTHEAST,Single Streetlight Issue,79
2023-04,SOUTHWEST,Bulky Items,2368
2023-04,SOUTHWEST,Dead Animal Removal,133
2023-04,SOUTHWEST,Electronic Waste,182
2023-04,SOUTHWEST,Graffiti Removal,579
2023-04,SOUTHWEST,Homeless Encampment,161
2023-04,SOUTHWEST,Illegal Dumping Pickup,468
2023-04,SOUTHWEST,Metal/Household Appliances,395
2023-04,SOUTHWEST,Multiple Streetlight Issue,57
2023-04,SOUTHWEST,Single Streetlight Issue,46
2023-04,TOPANGA,Bulky Items,2821
2023-04,TOPANGA,Dead Animal Removal,130
2023-04,TOPANGA,Electronic Waste,208
2023-04,TOPANGA,Graffiti Removal,423
2023-04,TOPANGA,Homeless Encampment,187
2023-04,TOPANGA,Illegal Dumping Pickup,272
2023-04,TOPANGA,Metal/Household Appliances,601
2023-04,TOPANGA,Multiple Streetlight Issue,21
2023-04,TOPANGA,Single Streetlight Issue,36
2023-04,VAN NUYS,Bulky Items,2420
2023-04,VAN NUYS,Dead Animal Removal,114
2023-04,VAN NUYS,Electronic Waste,149
2023-04,VAN NUYS,Graffiti Removal,742
2023-04,VAN NUYS,Homeless Encampment,120
2023-04,VAN NUYS,Illegal Dumping Pickup,277
2023-04,VAN NUYS,Metal/Household Appliances,343
2023-04,VAN NUYS,Multiple Streetlight Issue,45
2023-04,VAN NUYS,Single Streetlight Issue,42
2023-04,WEST LOS ANGELES,Bulky Items,2265
2023-04,WEST LOS ANGELES,Dead Animal Removal,73
2023-04,WEST LOS ANGELES,Electronic Waste,178
2023-04,WEST LOS ANGELES,Graffiti Removal,428
2023-04,WEST LOS ANGELES,Homeless Encampment,328
2023-04,WEST LOS ANGELES,Illegal Dumping Pickup,168
2023-04,WEST LOS ANGELES,Metal/Household Appliances,447
2023-04,WEST LOS ANGELES,Multiple Streetlight Issue,26
2023-04,WEST LOS ANGELES,Single Streetlight Issue,61
2023-04,WEST VALLEY,Bulky Items,2808
2023-04,WEST VALLEY,Dead Animal Removal,170
2023-04,WEST VALLEY,Electronic Waste,178
2023-04,WEST VALLEY,Graffiti Removal,842
2023-04,WEST VALLEY,Homeless Encampment,215
2023-04,WEST VALLEY,Illegal Dumping Pickup,341
2023-04,WEST VALLEY,Metal/Household Appliances,543
2023-04,WEST VALLEY,Multiple Streetlight Issue,14
2023-04,WEST VALLEY,Single Streetlight Issue,24
2023-04,WILSHIRE,Bulky Items,2175
2023-04,WILSHIRE,Dead Animal Removal,98
2023-04,WILSHIRE,Electronic Waste,167
2023-04,WILSHIRE,Graffiti Removal,637
2023-04,WILSHIRE,Homeless Encampment,316
2023-04,WILSHIRE,Illegal Dumping Pickup,256
2023-04,WILSHIRE,Metal/Household Appliances,394
2023-04,WILSHIRE,Multiple Streetlight Issue,103
2023-04,WILSHIRE,Single Streetlight Issue,70
2023-05,77TH STREET,Bulky Items,3052
2023-05,77TH STREET,Dead Animal Removal,157
2023-05,77TH STREET,Electronic Waste,199
2023-05,77TH STREET,Graffiti Removal,746
2023-05,77TH STREET,Homeless Encampment,260
2023-05,77TH STREET,Illegal Dumping Pickup,803
2023-05,77TH STREET,Metal/Household Appliances,538
2023-05,77TH STREET,Multiple Streetlight Issue,70
2023-05,77TH STREET,Single Streetlight Issue,61
2023-05,CENTRAL,Bulky Items,291
2023-05,CENTRAL,Dead Animal Removal,18
2023-05,CENTRAL,Electronic Waste,16
2023-05,CENTRAL,Graffiti Removal,1538
2023-05,CENTRAL,Homeless Encampment,169
2023-05,CENTRAL,Illegal Dumping Pickup,124
2023-05,CENTRAL,Metal/Household Appliances,52
2023-05,CENTRAL,Multiple Streetlight Issue,34
2023-05,CENTRAL,Single Streetlight Issue,62
2023-05,DEVONSHIRE,Bulky Items,3581
2023-05,DEVONSHIRE,Dead Animal Removal,235
2023-05,DEVONSHIRE,Electronic Waste,273
2023-05,DEVONSHIRE,Graffiti Removal,744
2023-05,DEVONSHIRE,Homeless Encampment,310
2023-05,DEVONSHIRE,Illegal Dumping Pickup,338
2023-05,DEVONSHIRE,Metal/Household Appliances,880
2023-05,DEVONSHIRE,Multiple Streetlight Issue,32
2023-05,DEVONSHIRE,Single Streetlight Issue,64
2023-05,FOOTHILL,Bulky Items,2898
2023-05,FOOTHILL,Dead Animal Removal,145
2023-05,FOOTHILL,Electronic Waste,185
2023-05,FOOTHILL,Graffiti Removal,401
2023-05,FOOTHILL,Homeless Encampment,207
2023-05,FOOTHILL,Illegal Dumping Pickup,457
2023-05,FOOTHILL,Metal/Household Appliances,469
2023-05,FOOTHILL,Multiple Streetlight Issue,30
2023-05,FOOTHILL,Single Streetlight Issue,52
2023-05,HARBOR,Bulky Items,2655
2023-05,HARBOR,Dead Animal Removal,103
2023-05,HARBOR,Electronic Waste,186
2023-05,HARBOR,Graffiti Removal,1667
2023-05,HARBOR,Homeless Encampment,112
2023-05,HARBOR,Illegal Dumping Pickup,374
2023-05,HARBOR,Metal/Household Appliances,692
2023-05,HARBOR,Multiple Streetlight Issue,14
2023-05,HARBOR,Single Streetlight Issue,15
2023-05,HOLLENBECK,Bulky Items,2062
2023-05,HOLLENBECK,Dead Animal Removal,109
2023-05,HOLLENBECK,Electronic Waste,128
2023-05,HOLLENBECK,Graffiti Removal,2592
2023-05,HOLLENBECK,Homeless Encampment,189
2023-05,HOLLENBECK,Illegal Dumping Pickup,330
2023-05,HOLLENBECK,Metal/Household Appliances,366
2023-05,HOLLENBECK,Multiple Streetlight Issue,46
2023-05,HOLLENBECK,Single Streetlight Issue,58
2023-05,HOLLYWOOD,Bulky Items,1801
2023-05,HOLLYWOOD,Dead Animal Removal,55
2023-05,HOLLYWOOD,Electronic Waste,98
2023-05,HOLLYWOOD,Graffiti Removal,1226
2023-05,HOLLYWOOD,Homeless Encampment,428
2023-05,HOLLYWOOD,Illegal Dumping Pickup,252
2023-05,HOLLYWOOD,Metal/Household Appliances,338
2023-05,HOLLYWOOD,Multiple Streetlight Issue,19
2023-05,HOLLYWOOD,Single Streetlight Issue,90
2023-05,MISSION,Bulky Items,3337
2023-05,MISSION,Dead Animal Removal,221
2023-05,MISSION,Electronic Waste,241
2023-05,MISSION,Graffiti Removal,1233
2023-05,MISSION,Homeless Encampment,183
2023-05,MISSION,Illegal Dumping Pickup,383
2023-05,MISSION,Metal/Household Appliances,543
2023-05,MISSION,Multiple Streetlight Issue,49
2023-05,MISSION,Single Streetlight Issue,39
2023-05,NEWTON,Bulky Items,1651
2023-05,NEWTON,Dead Animal Removal,101
2023-05,NEWTON,Electronic Waste,90
2023-05,NEWTON,Graffiti Removal,3585
2023-05,NEWTON,Homeless Encampment,365
2023-05,NEWTON,Illegal Dumping Pickup,598
2023-05,NEWTON,Metal/Household Appliances,252
2023-05,NEWTON,Multiple Streetlight Issue,76
2023-05,NEWTON,Single Streetlight Issue,53
2023-05,NORTH HOLLYWOOD,Bulky Items,3344
2023-05,NORTH HOLLYWOOD,Dead Animal Removal,100
2023-05,NORTH HOLLYWOOD,Electronic Waste,195
2023-05,NORTH HOLLYWOOD,Graffiti Removal,1603
2023-05,NORTH HOLLYWOOD,Homeless Encampment,439
2023-05,NORTH HOLLYWOOD,Illegal Dumping Pickup,441
2023-05,NORTH HOLLYWOOD,Metal/Household Appliances,565
2023-05,NORTH HOLLYWOOD,Multiple Streetlight Issue,120
2023-05,NORTH HOLLYWOOD,Single Streetlight Issue,100
2023-05,NORTHEAST,Bulky Items,3861
2023-05,NORTHEAST,Dead Animal Removal,176
2023-05,NORTHEAST,Electronic Waste,237
2023-05,NORTHEAST,Graffiti Removal,1287
2023-05,NORTHEAST,Homeless Encampment,279
2023-05,NORTHEAST,Illegal Dumping Pickup,359
2023-05,NORTHEAST,Metal/Household Appliances,792
2023-05,NORTHEAST,Multiple Streetlight Issue,24
2023-05,NORTHEAST,Single Streetlight Issue,25
2023-05,OLYMPIC,Bulky Items,1856
2023-05,OLYMPIC,Dead Animal Removal,89
2023-05,OLYMPIC,Electronic Waste,112
2023-05,OLYMPIC,Graffiti Removal,1293
2023-05,OLYMPIC,Homeless Encampment,357
2023-05,OLYMPIC,Illegal Dumping Pickup,316
2023-05,OLYMPIC,Metal/Household Appliances,254
2023-05,OLYMPIC,Multiple Streetlight Issue,31
2023-05,OLYMPIC,Single Streetlight Issue,37
2023-05,PACIFIC,Bulky Items,2717
2023-05,PACIFIC,Dead Animal Removal,138
2023-05,PACIFIC,Electronic Waste,158
2023-05,PACIFIC,Graffiti Removal,932
2023-05,PACIFIC,Homeless Encampment,434
2023-05,PACIFIC,Illegal Dumping Pickup,223
2023-05,PACIFIC,Metal/Household Appliances,596
2023-05,PACIFIC,Multiple Streetlight Issue,17
2023-05,PACIFIC,Single Streetlight Issue,28
2023-05,RAMPART,Bulky Items,1707
2023-05,RAMPART,Dead Animal Removal,64
2023-05,RAMPART,Electronic Waste,87
2023-05,RAMPART,Graffiti Removal,3303
2023-05,RAMPART,Homeless Encampment,460
2023-05,RAMPART,Illegal Dumping Pickup,369
2023-05,RAMPART,Metal/Household Appliances,279
2023-05,RAMPART,Multiple Streetlight Issue,65
2023-05,RAMPART,Single Streetlight Issue,53
2023-05,SOUTHEAST,Bulky Items,1926
2023-05,SOUTHEAST,Dead Animal Removal,165
2023-05,SOUTHEAST,Electronic Waste,112
2023-05,SOUTHEAST,Graffiti Removal,1021
2023-05,SOUTHEAST,Homeless Encampment,182
2023-05,SOUTHEAST,Illegal Dumping Pickup,661
2023-05,SOUTHEAST,Metal/Household Appliances,322
2023-05,SOUTHEAST,Multiple Streetlight Issue,53
2023-05,SOUTHEAST,Single Streetlight Issue,54
2023-05,SOUTHWEST,Bulky Items,2388
2023-05,SOUTHWEST,Dead Animal Removal,107
2023-05,SOUTHWEST,Electronic Waste,183
2023-05,SOUTHWEST,Graffiti Removal,873
2023-05,SOUTHWEST,Homeless Encampment,218
2023-05,SOUTHWEST,Illegal Dumping Pickup,636
2023-05,SOUTHWEST,Metal/Household Appliances,457
2023-05,SOUTHWEST,Multiple Streetlight Issue,28
2023-05,SOUTHWEST,Single Streetlight Issue,27
2023-05,TOPANGA,Bulky Items,3055
2023-05,TOPANGA,Dead Animal Removal,169
2023-05,TOPANGA,Electronic Waste,207
2023-05,TOPANGA,Graffiti Removal,480
2023-05,TOPANGA,Homeless Encampment,179
2023-05,TOPANGA,Illegal Dumping Pickup,313
2023-05,TOPANGA,Metal/Household Appliances,693
2023-05,TOPANGA,Multiple Streetlight Issue,17
2023-05,TOPANGA,Single Streetlight Issue,36
2023-05,VAN NUYS,Bulky Items,2769
2023-05,VAN NUYS,Dead Animal Removal,133
2023-05,VAN NUYS,Electronic Waste,138
2023-05,VAN NUYS,Graffiti Removal,861
2023-05,VAN NUYS,Homeless Encampment,180
2023-05,VAN NUYS,Illegal Dumping Pickup,372
2023-05,VAN NUYS,Metal/Household Appliances,441
2023-05,VAN NUYS,Multiple Streetlight Issue,52
2023-05,VAN NUYS,Single Streetlight Issue,58
2023-05,WEST LOS ANGELES,Bulky Items,2639
2023-05,WEST LOS ANGELES,Dead Animal Removal,125
2023-05,WEST LOS ANGELES,Electronic Waste,171
2023-05,WEST LOS ANGELES,Graffiti Removal,665
2023-05,WEST LOS ANGELES,Homeless Encampment,442
2023-05,WEST LOS ANGELES,Illegal Dumping Pickup,250
2023-05,WEST LOS ANGELES,Metal/Household Appliances,568
2023-05,WEST LOS ANGELES,Multiple Streetlight Issue,18
2023-05,WEST LOS ANGELES,Single Streetlight Issue,53
2023-05,WEST VALLEY,Bulky Items,3034
2023-05,WEST VALLEY,Dead Animal Removal,182
2023-05,WEST VALLEY,Electronic Waste,170
2023-05,WEST VALLEY,Graffiti Removal,1047
2023-05,WEST VALLEY,Homeless Encampment,207
2023-05,WEST VALLEY,Illegal Dumping Pickup,412
2023-05,WEST VALLEY,Metal/Household Appliances,586
2023-05,WEST VALLEY,Multiple Streetlight Issue,19
2023-05,WEST VALLEY,Single Streetlight Issue,18
2023-05,WILSHIRE,Bulky Items,2321
2023-05,WILSHIRE,Dead Animal Removal,114
2023-05,WILSHIRE,Electronic Waste,154
2023-05,WILSHIRE,Graffiti Removal,1074
2023-05,WILSHIRE,Homeless Encampment,434
2023-05,WILSHIRE,Illegal Dumping Pickup,351
2023-05,WILSHIRE,Metal/Household Appliances,479
2023-05,WILSHIRE,Multiple Streetlight Issue,40
2023-05,WILSHIRE,Single Streetlight Issue,67
2023-06,77TH STREET,Bulky Items,2775
2023-06,77TH STREET,Dead Animal Removal,193
2023-06,77TH STREET,Electronic Waste,185
2023-06,77TH STREET,Graffiti Removal,884
2023-06,77TH STREET,Homeless Encampment,264
2023-06,77TH STREET,Illegal Dumping Pickup,743
2023-06,77TH STREET,Metal/Household Appliances,474
2023-06,77TH STREET,Multiple Streetlight Issue,65
2023-06,77TH STREET,Single Streetlight Issue,35
2023-06,CENTRAL,Bulky Items,312
2023-06,CENTRAL,Dead Animal Removal,20
2023-06,CENTRAL,Electronic Waste,12
2023-06,CENTRAL,Graffiti Removal,1989
2023-06,CENTRAL,Homeless Encampment,270
2023-06,CENTRAL,Illegal Dumping Pickup,66
2023-06,CENTRAL,Metal/Household Appliances,58
2023-06,CENTRAL,Multiple Streetlight Issue,114
2023-06,CENTRAL,Single Streetlight Issue,91
2023-06,DEVONSHIRE,Bulky Items,3823
2023-06,DEVONSHIRE,Dead Animal Removal,240
2023-06,DEVONSHIRE,Electronic Waste,260
2023-06,DEVONSHIRE,Graffiti Removal,794
2023-06,DEVONSHIRE,Homeless Encampment,321
2023-06,DEVONSHIRE,Illegal Dumping Pickup,337
2023-06,DEVONSHIRE,Metal/Household Appliances,875
2023-06,DEVONSHIRE,Multiple Streetlight Issue,36
2023-06,DEVONSHIRE,Single Streetlight Issue,46
2023-06,FOOTHILL,Bulky Items,2902
2023-06,FOOTHILL,Dead Animal Removal,128
2023-06,FOOTHILL,Electronic Waste,220
2023-06,FOOTHILL,Graffiti Removal,413
2023-06,FOOTHILL,Homeless Encampment,265
2023-06,FOOTHILL,Illegal Dumping Pickup,482
2023-06,FOOTHILL,Metal/Household Appliances,493
2023-06,FOOTHILL,Multiple Streetlight Issue,39
2023-06,FOOTHILL,Single Streetlight Issue,36
2023-06,HARBOR,Bulky Items,2415
2023-06,HARBOR,Dead Animal Removal,132
2023-06,HARBOR,Electronic Waste,176
2023-06,HARBOR,Graffiti Removal,1822
2023-06,HARBOR,Homeless Encampment,104
2023-06,HARBOR,Illegal Dumping Pickup,347
2023-06,HARBOR,Metal/Household Appliances,693
2023-06,HARBOR,Multiple Streetlight Issue,46
2023-06,HARBOR,Single Streetlight Issue,26
2023-06,HOLLENBECK,Bulky Items,2101
2023-06,HOLLENBECK,Dead Animal Removal,145
2023-06,HOLLENBECK,Electronic Waste,152
2023-06,HOLLENBECK,Graffiti Removal,3529
2023-06,HOLLENBECK,Homeless Encampment,180
2023-06,HOLLENBECK,Illegal Dumping Pickup,351
2023-06,HOLLENBECK,Metal/Household Appliances,377
2023-06,HOLLENBECK,Multiple Streetlight Issue,27
2023-06,HOLLENBECK,Single Streetlight Issue,45
2023-06,HOLLYWOOD,Bulky Items,1764
2023-06,HOLLYWOOD,Dead Animal Removal,37
2023-06,HOLLYWOOD,Electronic Waste,88
2023-06,HOLLYWOOD,Graffiti Removal,1102
2023-06,HOLLYWOOD,Homeless Encampment,379
2023-06,HOLLYWOOD,Illegal Dumping Pickup,210
2023-06,HOLLYWOOD,Metal/Household Appliances,376
2023-06,HOLLYWOOD,Multiple Streetlight Issue,24
2023-06,HOLLYWOOD,Single Streetlight Issue,71
2023-06,MISSION,Bulky Items,3440
2023-06,MISSION,Dead Animal Removal,187
2023-06,MISSION,Electronic Waste,229
2023-06,MISSION,Graffiti Removal,1587
2023-06,MISSION,Homeless Encampment,158
2023-06,MISSION,Illegal Dumping Pickup,453
2023-06,MISSION,Metal/Household Appliances,656
2023-06,MISSION,Multiple Streetlight Issue,48
2023-06,MISSION,Single Streetlight Issue,45
2023-06,NEWTON,Bulky Items,1575
2023-06,NEWTON,Dead Animal Removal,127
2023-06,NEWTON,Electronic Waste,76
2023-06,NEWTON,Graffiti Removal,3674
2023-06,NEWTON,Homeless Encampment,375
2023-06,NEWTON,Illegal Dumping Pickup,536
2023-06,NEWTON,Metal/Household Appliances,290
2023-06,NEWTON,Multiple Streetlight Issue,72
2023-06,NEWTON,Single Streetlight Issue,44
2023-06,NORTH HOLLYWOOD,Bulky Items,3378
2023-06,NORTH HOLLYWOOD,Dead Animal Removal,141
2023-06,NORTH HOLLYWOOD,Electronic Waste,172
2023-06,NORTH HOLLYWOOD,Graffiti Removal,1352
2023-06,NORTH HOLLYWOOD,Homeless Encampment,559
2023-06,NORTH HOLLYWOOD,Illegal Dumping Pickup,442
2023-06,NORTH HOLLYWOOD,Metal/Household Appliances,540
2023-06,NORTH HOLLYWOOD,Multiple Streetlight Issue,122
2023-06,NORTH HOLLYWOOD,Single Streetlight Issue,71
2023-06,NORTHEAST,Bulky Items,3760
2023-06,NORTHEAST,Dead Animal Removal,185
2023-06,NORTHEAST,Electronic Waste,237
2023-06,NORTHEAST,Graffiti Removal,1499
2023-06,NORTHEAST,Homeless Encampment,292
2023-06,NORTHEAST,Illegal Dumping Pickup,333
2023-06,NORTHEAST,Metal/Household Appliances,751
2023-06,NORTHEAST,Multiple Streetlight Issue,22
2023-06,NORTHEAST,Single Streetlight Issue,44
2023-06,OLYMPIC,Bulky Items,1859
2023-06,OLYMPIC,Dead Animal Removal,70
2023-06,OLYMPIC,Electronic Waste,107
2023-06,OLYMPIC,Graffiti Removal,1582
2023-06,OLYMPIC,Homeless Encampment,407
2023-06,OLYMPIC,Illegal Dumping Pickup,288
2023-06,OLYMPIC,Metal/Household Appliances,272
2023-06,OLYMPIC,Multiple Streetlight Issue,36
2023-06,OLYMPIC,Single Streetlight Issue,32
2023-06,PACIFIC,Bulky Items,3091
2023-06,PACIFIC,Dead Animal Removal,125
2023-06,PACIFIC,Electronic Waste,151
2023-06,PACIFIC,Graffiti Removal,1565
2023-06,PACIFIC,Homeless Encampment,473
2023-06,PACIFIC,Illegal Dumping Pickup,249
2023-06,PACIFIC,Metal/Household Appliances,694
2023-06,PACIFIC,Multiple Streetlight Issue,16
2023-06,PACIFIC,Single Streetlight Issue,35
2023-06,RAMPART,Bulky Items,1537
2023-06,RAMPART,Dead Animal Removal,68
2023-06,RAMPART,Electronic Waste,73
2023-06,RAMPART,Graffiti Removal,3562
2023-06,RAMPART,Homeless Encampment,474
2023-06,RAMPART,Illegal Dumping Pickup,337
2023-06,RAMPART,Metal/Household Appliances,219
2023-06,RAMPART,Multiple Streetlight Issue,59
2023-06,RAMPART,Single Streetlight Issue,52
2023-06,SOUTHEAST,Bulky Items,1948
2023-06,SOUTHEAST,Dead Animal Removal,149
2023-06,SOUTHEAST,Electronic Waste,128
2023-06,SOUTHEAST,Graffiti Removal,1029
2023-06,SOUTHEAST,Homeless Encampment,136
2023-06,SOUTHEAST,Illegal Dumping Pickup,549
2023-06,SOUTHEAST,Metal/Household Appliances,349
2023-06,SOUTHEAST,Multiple Streetlight Issue,36
2023-06,SOUTHEAST,Single Streetlight Issue,59
2023-06,SOUTHWEST,Bulky Items,2744
2023-06,SOUTHWEST,Dead Animal Removal,137
2023-06,SOUTHWEST,Electronic Waste,186
2023-06,SOUTHWEST,Graffiti Removal,923
2023-06,SOUTHWEST,Homeless Encampment,192
2023-06,SOUTHWEST,Illegal Dumping Pickup,564
2023-06,SOUTHWEST,Metal/Household Appliances,510
2023-06,SOUTHWEST,Multiple Streetlight Issue,41
2023-06,SOUTHWEST,Single Streetlight Issue,63
2023-06,TOPANGA,Bulky Items,3351
2023-06,TOPANGA,Dead Animal Removal,148
2023-06,TOPANGA,Electronic Waste,228
2023-06,TOPANGA,Graffiti Removal,443
2023-06,TOPANGA,Homeless Encampment,215
2023-06,TOPANGA,Illegal Dumping Pickup,289
2023-06,TOPANGA,Metal/Household Appliances,751
2023-06,TOPANGA,Multiple Streetlight Issue,17
2023-06,TOPANGA,Single Streetlight Issue,54
2023-06,VAN NUYS,Bulky Items,2760
2023-06,VAN NUYS,Dead Animal Removal,119
2023-06,VAN NUYS,Electronic Waste,146
2023-06,VAN NUYS,Graffiti Removal,967
2023-06,VAN NUYS,Homeless Encampment,167
2023-06,VAN NUYS,Illegal Dumping Pickup,398
2023-06,VAN NUYS,Metal/Household Appliances,434
2023-06,VAN NUYS,Multiple Streetlight Issue,48
2023-06,VAN NUYS,Single Streetlight Issue,43
2023-06,WEST LOS ANGELES,Bulky Items,3079
2023-06,WEST LOS ANGELES,Dead Animal Removal,126
2023-06,WEST LOS ANGELES,Electronic Waste,221
2023-06,WEST LOS ANGELES,Graffiti Removal,1035
2023-06,WEST LOS ANGELES,Homeless Encampment,301
2023-06,WEST LOS ANGELES,Illegal Dumping Pickup,217
2023-06,WEST LOS ANGELES,Metal/Household Appliances,596
2023-06,WEST LOS ANGELES,Multiple Streetlight Issue,44
2023-06,WEST LOS ANGELES,Single Streetlight Issue,59
2023-06,WEST VALLEY,Bulky Items,2900
2023-06,WEST VALLEY,Dead Animal Removal,206
2023-06,WEST VALLEY,Electronic Waste,170
2023-06,WEST VALLEY,Graffiti Removal,1171
2023-06,WEST VALLEY,Homeless Encampment,205
2023-06,WEST VALLEY,Illegal Dumping Pickup,401
2023-06,WEST VALLEY,Metal/Household Appliances,578
2023-06,WEST VALLEY,Multiple Streetlight Issue,36
2023-06,WEST VALLEY,Single Streetlight Issue,24
2023-06,WILSHIRE,Bulky Items,2331
2023-06,WILSHIRE,Dead Animal Removal,149
2023-06,WILSHIRE,Electronic Waste,131
2023-06,WILSHIRE,Graffiti Removal,1592
2023-06,WILSHIRE,Homeless Encampment,396
2023-06,WILSHIRE,Illegal Dumping Pickup,306
2023-06,WILSHIRE,Metal/Household Appliances,428
2023-06,WILSHIRE,Multiple Streetlight Issue,62
2023-06,WILSHIRE,Single Streetlight Issue,68
2023-07,77TH STREET,Bulky Items,3185
2023-07,77TH STREET,Dead Animal Removal,233
2023-07,77TH STREET,Electronic Waste,189
2023-07,77TH STREET,Graffiti Removal,863
2023-07,77TH STREET,Homeless Encampment,238
2023-07,77TH STREET,Illegal Dumping Pickup,846
2023-07,77TH STREET,Metal/Household Appliances,608
2023-07,77TH STREET,Multiple Streetlight Issue,124
2023-07,77TH STREET,Single Streetlight Issue,108
2023-07,CENTRAL,Bulky Items,332
2023-07,CENTRAL,Dead Animal Removal,24
2023-07,CENTRAL,Electronic Waste,14
2023-07,CENTRAL,Graffiti Removal,1381
2023-07,CENTRAL,Homeless Encampment,198
2023-07,CENTRAL,Illegal Dumping Pickup,51
2023-07,CENTRAL,Metal/Household Appliances,57
2023-07,CENTRAL,Multiple Streetlight Issue,61
2023-07,CENTRAL,Single Streetlight Issue,36
2023-07,DEVONSHIRE,Bulky Items,3955
2023-07,DEVONSHIRE,Dead Animal Removal,225
2023-07,DEVONSHIRE,Electronic Waste,252
2023-07,DEVONSHIRE,Graffiti Removal,587
2023-07,DEVONSHIRE,Homeless Encampment,260
2023-07,DEVONSHIRE,Illegal Dumping Pickup,320
2023-07,DEVONSHIRE,Metal/Household Appliances,936
2023-07,DEVONSHIRE,Multiple Streetlight Issue,44
2023-07,DEVONSHIRE,Single Streetlight Issue,41
2023-07,FOOTHILL,Bulky Items,2971
2023-07,FOOTHILL,Dead Animal Removal,173
2023-07,FOOTHILL,Electronic Waste,203
2023-07,FOOTHILL,Graffiti Removal,350
2023-07,FOOTHILL,Homeless Encampment,303
2023-07,FOOTHILL,Illegal Dumping Pickup,462
2023-07,FOOTHILL,Metal/Household Appliances,511
2023-07,FOOTHILL,Multiple Streetlight Issue,57
2023-07,FOOTHILL,Single Streetlight Issue,61
2023-07,HARBOR,Bulky Items,2759
2023-07,HARBOR,Dead Animal Removal,152
2023-07,HARBOR,Electronic Waste,165
2023-07,HARBOR,Graffiti Removal,1577
2023-07,HARBOR,Homeless Encampment,95
2023-07,HARBOR,Illegal Dumping Pickup,320
2023-07,HARBOR,Metal/Household Appliances,758
2023-07,HARBOR,Multiple Streetlight Issue,49
2023-07,HARBOR,Single Streetlight Issue,19
2023-07,HOLLENBECK,Bulky Items,2573
2023-07,HOLLENBECK,Dead Animal Removal,120
2023-07,HOLLENBECK,Electronic Waste,161
2023-07,HOLLENBECK,Graffiti Removal,2720
2023-07,HOLLENBECK,Homeless Encampment,234
2023-07,HOLLENBECK,Illegal Dumping Pickup,406
2023-07,HOLLENBECK,Metal/Household Appliances,448
2023-07,HOLLENBECK,Multiple Streetlight Issue,50
2023-07,HOLLENBECK,Single Streetlight Issue,58
2023-07,HOLLYWOOD,Bulky Items,1893
2023-07,HOLLYWOOD,Dead Animal Removal,41
2023-07,HOLLYWOOD,Electronic Waste,95
2023-07,HOLLYWOOD,Graffiti Removal,1021
2023-07,HOLLYWOOD,Homeless Encampment,382
2023-07,HOLLYWOOD,Illegal Dumping Pickup,250
2023-07,HOLLYWOOD,Metal/Household Appliances,373
2023-07,HOLLYWOOD,Multiple Streetlight Issue,19
2023-07,HOLLYWOOD,Single Streetlight Issue,96
2023-07,MISSION,Bulky Items,3379
2023-07,MISSION,Dead Animal Removal,226
2023-07,MISSION,Electronic Waste,226
2023-07,MISSION,Graffiti Removal,1558
2023-07,MISSION,Homeless Encampment,179
2023-07,MISSION,Illegal Dumping Pickup,540
2023-07,MISSION,Metal/Household Appliances,697
2023-07,MISSION,Multiple Streetlight Issue,52
2023-07,MISSION,Single Streetlight Issue,69
2023-07,NEWTON,Bulky Items,1629
2023-07,NEWTON,Dead Animal Removal,190
2023-07,NEWTON,Electronic Waste,103
2023-07,NEWTON,Graffiti Removal,3558
2023-07,NEWTON,Homeless Encampment,361
2023-07,NEWTON,Illegal Dumping Pickup,630
2023-07,NEWTON,Metal/Household Appliances,302
2023-07,NEWTON,Multiple Streetlight Issue,61
2023-07,NEWTON,Single Streetlight Issue,55
2023-07,NORTH HOLLYWOOD,Bulky Items,3632
2023-07,NORTH HOLLYWOOD,Dead Animal Removal,159
2023-07,NORTH HOLLYWOOD,Electronic Waste,175
2023-07,NORTH HOLLYWOOD,Graffiti Removal,1362
2023-07,NORTH HOLLYWOOD,Homeless Encampment,461
2023-07,NORTH HOLLYWOOD,Illegal Dumping Pickup,472
2023-07,NORTH HOLLYWOOD,Metal/Household Appliances,627
2023-07,NORTH HOLLYWOOD,Multiple Streetlight Issue,111
2023-07,NORTH HOLLYWOOD,Single Streetlight Issue,49
2023-07,NORTHEAST,Bulky Items,4047
2023-07,NORTHEAST,Dead Animal Removal,155
2023-07,NORTHEAST,Electronic Waste,219
2023-07,NORTHEAST,Graffiti Removal,1275
2023-07,NORTHEAST,Homeless Encampment,268
2023-07,NORTHEAST,Illegal Dumping Pickup,365
2023-07,NORTHEAST,Metal/Household Appliances,872
2023-07,NORTHEAST,Multiple Streetlight Issue,21
2023-07,NORTHEAST,Single Streetlight Issue,37
2023-07,OLYMPIC,Bulky Items,2164
2023-07,OLYMPIC,Dead Animal Removal,65
2023-07,OLYMPIC,Electronic Waste,126
2023-07,OLYMPIC,Graffiti Removal,1354
2023-07,OLYMPIC,Homeless Encampment,482
2023-07,OLYMPIC,Illegal Dumping Pickup,332
2023-07,OLYMPIC,Metal/Household Appliances,304
2023-07,OLYMPIC,Multiple Streetlight Issue,63
2023-07,OLYMPIC,Single Streetlight Issue,58
2023-07,PACIFIC,Bulky Items,3198
2023-07,PACIFIC,Dead Animal Removal,124
2023-07,PACIFIC,Electronic Waste,203
2023-07,PACIFIC,Graffiti Removal,1159
2023-07,PACIFIC,Homeless Encampment,397
2023-07,PACIFIC,Illegal Dumping Pickup,259
2023-07,PACIFIC,Metal/Household Appliances,707
2023-07,PACIFIC,Multiple Streetlight Issue,26
2023-07,PACIFIC,Single Streetlight Issue,45
2023-07,RAMPART,Bulky Items,1737
2023-07,RAMPART,Dead Animal Removal,61
2023-07,RAMPART,Electronic Waste,89
2023-07,RAMPART,Graffiti Removal,2123
2023-07,RAMPART,Homeless Encampment,687
2023-07,RAMPART,Illegal Dumping Pickup,381
2023-07,RAMPART,Metal/Household Appliances,270
2023-07,RAMPART,Multiple Streetlight Issue,72
2023-07,RAMPART,Single Streetlight Issue,64
2023-07,SOUTHEAST,Bulky Items,2097
2023-07,SOUTHEAST,Dead Animal Removal,207
2023-07,SOUTHEAST,Electronic Waste,107
2023-07,SOUTHEAST,Graffiti Removal,866
2023-07,SOUTHEAST,Homeless Encampment,159
2023-07,SOUTHEAST,Illegal Dumping Pickup,746
2023-07,SOUTHEAST,Metal/Household Appliances,334
2023-07,SOUTHEAST,Multiple Streetlight Issue,35
2023-07,SOUTHEAST,Single Streetlight Issue,66
2023-07,SOUTHWEST,Bulky Items,3118
2023-07,SOUTHWEST,Dead Animal Removal,154
2023-07,SOUTHWEST,Electronic Waste,181
2023-07,SOUTHWEST,Graffiti Removal,830
2023-07,SOUTHWEST,Homeless Encampment,177
2023-07,SOUTHWEST,Illegal Dumping Pickup,650
2023-07,SOUTHWEST,Metal/Household Appliances,554
2023-07,SOUTHWEST,Multiple Streetlight Issue,77
2023-07,SOUTHWEST,Single Streetlight Issue,66
2023-07,TOPANGA,Bulky Items,3079
2023-07,TOPANGA,Dead Animal Removal,156
2023-07,TOPANGA,Electronic Waste,209
2023-07,TOPANGA,Graffiti Removal,388
2023-07,TOPANGA,Homeless Encampment,231
2023-07,TOPANGA,Illegal Dumping Pickup,325
2023-07,TOPANGA,Metal/Household Appliances,718
2023-07,TOPANGA,Multiple Streetlight Issue,21
2023-07,TOPANGA,Single Streetlight Issue,32
2023-07,VAN NUYS,Bulky Items,2876
2023-07,VAN NUYS,Dead Animal Removal,106
2023-07,VAN NUYS,Electronic Waste,164
2023-07,VAN NUYS,Graffiti Removal,1170
2023-07,VAN NUYS,Homeless Encampment,148
2023-07,VAN NUYS,Illegal Dumping Pickup,329
2023-07,VAN NUYS,Metal/Household Appliances,478
2023-07,VAN NUYS,Multiple Streetlight Issue,38
2023-07,VAN NUYS,Single Streetlight Issue,55
2023-07,WEST LOS ANGELES,Bulky Items,3033
2023-07,WEST LOS ANGELES,Dead Animal Removal,91
2023-07,WEST LOS ANGELES,Electronic Waste,178
2023-07,WEST LOS ANGELES,Graffiti Removal,562
2023-07,WEST LOS ANGELES,Homeless Encampment,314
2023-07,WEST LOS ANGELES,Illegal Dumping Pickup,203
2023-07,WEST LOS ANGELES,Metal/Household Appliances,658
2023-07,WEST LOS ANGELES,Multiple Streetlight Issue,36
2023-07,WEST LOS ANGELES,Single Streetlight Issue,59
2023-07,WEST VALLEY,Bulky Items,3077
2023-07,WEST VALLEY,Dead Animal Removal,159
2023-07,WEST VALLEY,Electronic Waste,170
2023-07,WEST VALLEY,Graffiti Removal,832
2023-07,WEST VALLEY,Homeless Encampment,163
2023-07,WEST VALLEY,Illegal Dumping Pickup,385
2023-07,WEST VALLEY,Metal/Household Appliances,647
2023-07,WEST VALLEY,Multiple Streetlight Issue,26
2023-07,WEST VALLEY,Single Streetlight Issue,30
2023-07,WILSHIRE,Bulky Items,2520
2023-07,WILSHIRE,Dead Animal Removal,77
2023-07,WILSHIRE,Electronic Waste,145
2023-07,WILSHIRE,Graffiti Removal,1007
2023-07,WILSHIRE,Homeless Encampment,318
2023-07,WILSHIRE,Illegal Dumping Pickup,308
2023-07,WILSHIRE,Metal/Household Appliances,513
2023-07,WILSHIRE,Multiple Streetlight Issue,82
2023-07,WILSHIRE,Single Streetlight Issue,62
2023-08,77TH STREET,Bulky Items,3296
2023-08,77TH STREET,Dead Animal Removal,242
2023-08,77TH STREET,Electronic Waste,209
2023-08,77TH STREET,Graffiti Removal,670
2023-08,77TH STREET,Homeless Encampment,260
2023-08,77TH STREET,Illegal Dumping Pickup,906
2023-08,77TH STREET,Metal/Household Appliances,593
2023-08,77TH STREET,Multiple Streetlight Issue,173
2023-08,77TH STREET,Single Streetlight Issue,107
2023-08,CENTRAL,Bulky Items,304
2023-08,CENTRAL,Dead Animal Removal,33
2023-08,CENTRAL,Electronic Waste,14
2023-08,CENTRAL,Graffiti Removal,1546
2023-08,CENTRAL,Homeless Encampment,305
2023-08,CENTRAL,Illegal Dumping Pickup,85
2023-08,CENTRAL,Metal/Household Appliances,48
2023-08,CENTRAL,Multiple Streetlight Issue,69
2023-08,CENTRAL,Single Streetlight Issue,51
2023-08,DEVONSHIRE,Bulky Items,3706
2023-08,DEVONSHIRE,Dead Animal Removal,231
2023-08,DEVONSHIRE,Electronic Waste,205
2023-08,DEVONSHIRE,Graffiti Removal,650
2023-08,DEVONSHIRE,Homeless Encampment,315
2023-08,DEVONSHIRE,Illegal Dumping Pickup,411
2023-08,DEVONSHIRE,Metal/Household Appliances,868
2023-08,DEVONSHIRE,Multiple Streetlight Issue,35
2023-08,DEVONSHIRE,Single Streetlight Issue,52
2023-08,FOOTHILL,Bulky Items,2976
2023-08,FOOTHILL,Dead Animal Removal,155
2023-08,FOOTHILL,Electronic Waste,172
2023-08,FOOTHILL,Graffiti Removal,540
2023-08,FOOTHILL,Homeless Encampment,348
2023-08,FOOTHILL,Illegal Dumping Pickup,513
2023-08,FOOTHILL,Metal/Household Appliances,490
2023-08,FOOTHILL,Multiple Streetlight Issue,95
2023-08,FOOTHILL,Single Streetlight Issue,57
2023-08,HARBOR,Bulky Items,2933
2023-08,HARBOR,Dead Animal Removal,147
2023-08,HARBOR,Electronic Waste,208
2023-08,HARBOR,Graffiti Removal,1611
2023-08,HARBOR,Homeless Encampment,98
2023-08,HARBOR,Illegal Dumping Pickup,436
2023-08,HARBOR,Metal/Household Appliances,725
2023-08,HARBOR,Multiple Streetlight Issue,32
2023-08,HARBOR,Single Streetlight Issue,46
2023-08,HOLLENBECK,Bulky Items,2202
2023-08,HOLLENBECK,Dead Animal Removal,138
2023-08,HOLLENBECK,Electronic Waste,140
2023-08,HOLLENBECK,Graffiti Removal,2981
2023-08,HOLLENBECK,Homeless Encampment,283
2023-08,HOLLENBECK,Illegal Dumping Pickup,431
2023-08,HOLLENBECK,Metal/Household Appliances,343
2023-08,HOLLENBECK,Multiple Streetlight Issue,133
2023-08,HOLLENBECK,Single Streetlight Issue,74
2023-08,HOLLYWOOD,Bulky Items,2095
2023-08,HOLLYWOOD,Dead Animal Removal,51
2023-08,HOLLYWOOD,Electronic Waste,108
2023-08,HOLLYWOOD,Graffiti Removal,1240
2023-08,HOLLYWOOD,Homeless Encampment,617
2023-08,HOLLYWOOD,Illegal Dumping Pickup,313
2023-08,HOLLYWOOD,Metal/Household Appliances,401
2023-08,HOLLYWOOD,Multiple Streetlight Issue,37
2023-08,HOLLYWOOD,Single Streetlight Issue,70
2023-08,MISSION,Bulky Items,3654
2023-08,MISSION,Dead Animal Removal,162
2023-08,MISSION,Electronic Waste,208
2023-08,MISSION,Graffiti Removal,1433
2023-08,MISSION,Homeless Encampment,203
2023-08,MISSION,Illegal Dumping Pickup,479
2023-08,MISSION,Metal/Household Appliances,622
2023-08,MISSION,Multiple Streetlight Issue,59
2023-08,MISSION,Single Streetlight Issue,62
2023-08,NEWTON,Bulky Items,1965
2023-08,NEWTON,Dead Animal Removal,143
2023-08,NEWTON,Electronic Waste,112
2023-08,NEWTON,Graffiti Removal,2356
2023-08,NEWTON,Homeless Encampment,463
2023-08,NEWTON,Illegal Dumping Pickup,598
2023-08,NEWTON,Metal/Household Appliances,332
2023-08,NEWTON,Multiple Streetlight Issue,139
2023-08,NEWTON,Single Streetlight Issue,56
2023-08,NORTH HOLLYWOOD,Bulky Items,3442
2023-08,NORTH HOLLYWOOD,Dead Animal Removal,134
2023-08,NORTH HOLLYWOOD,Electronic Waste,175
2023-08,NORTH HOLLYWOOD,Graffiti Removal,1365
2023-08,NORTH HOLLYWOOD,Homeless Encampment,576
2023-08,NORTH HOLLYWOOD,Illegal Dumping Pickup,515
2023-08,NORTH HOLLYWOOD,Metal/Household Appliances,568
2023-08,NORTH HOLLYWOOD,Multiple Streetlight Issue,160
2023-08,NORTH HOLLYWOOD,Single Streetlight Issue,92
2023-08,NORTHEAST,Bulky Items,3874
2023-08,NORTHEAST,Dead Animal Removal,149
2023-08,NORTHEAST,Electronic Waste,298
2023-08,NORTHEAST,Graffiti Removal,1614
2023-08,NORTHEAST,Homeless Encampment,374
2023-08,NORTHEAST,Illegal Dumping Pickup,434
2023-08,NORTHEAST,Metal/Household Appliances,771
2023-08,NORTHEAST,Multiple Streetlight Issue,22
2023-08,NORTHEAST,Single Streetlight Issue,39
2023-08,OLYMPIC,Bulky Items,2517
2023-08,OLYMPIC,Dead Animal Removal,73
2023-08,OLYMPIC,Electronic Waste,116
2023-08,OLYMPIC,Graffiti Removal,1494
2023-08,OLYMPIC,Homeless Encampment,638
2023-08,OLYMPIC,Illegal Dumping Pickup,419
2023-08,OLYMPIC,Metal/Household Appliances,392
2023-08,OLYMPIC,Multiple Streetlight Issue,41
2023-08,OLYMPIC,Single Streetlight Issue,48
2023-08,PACIFIC,Bulky Items,3158
2023-08,PACIFIC,Dead Animal Removal,141
2023-08,PACIFIC,Electronic Waste,182
2023-08,PACIFIC,Graffiti Removal,999
2023-08,PACIFIC,Homeless Encampment,527
2023-08,PACIFIC,Illegal Dumping Pickup,339
2023-08,PACIFIC,Metal/Household Appliances,621
2023-08,PACIFIC,Multiple Streetlight Issue,26
2023-08,PACIFIC,Single Streetlight Issue,49
2023-08,RAMPART,Bulky Items,1909
2023-08,RAMPART,Dead Animal Removal,59
2023-08,RAMPART,Electronic Waste,89
2023-08,RAMPART,Graffiti Removal,2463
2023-08,RAMPART,Homeless Encampment,704
2023-08,RAMPART,Illegal Dumping Pickup,427
2023-08,RAMPART,Metal/Household Appliances,292
2023-08,RAMPART,Multiple Streetlight Issue,76
2023-08,RAMPART,Single Streetlight Issue,68
2023-08,SOUTHEAST,Bulky Items,2267
2023-08,SOUTHEAST,Dead Animal Removal,204
2023-08,SOUTHEAST,Electronic Waste,145
2023-08,SOUTHEAST,Graffiti Removal,986
2023-08,SOUTHEAST,Homeless Encampment,219
2023-08,SOUTHEAST,Illegal Dumping Pickup,772
2023-08,SOUTHEAST,Metal/Household Appliances,356
2023-08,SOUTHEAST,Multiple Streetlight Issue,59
2023-08,SOUTHEAST,Single Streetlight Issue,67
2023-08,SOUTHWEST,Bulky Items,3082
2023-08,SOUTHWEST,Dead Animal Removal,160
2023-08,SOUTHWEST,Electronic Waste,182
2023-08,SOUTHWEST,Graffiti Removal,857
2023-08,SOUTHWEST,Homeless Encampment,212
2023-08,SOUTHWEST,Illegal Dumping Pickup,781
2023-08,SOUTHWEST,Metal/Household Appliances,560
2023-08,SOUTHWEST,Multiple Streetlight Issue,85
2023-08,SOUTHWEST,Single Streetlight Issue,68
2023-08,TOPANGA,Bulky Items,3161
2023-08,TOPANGA,Dead Animal Removal,147
2023-08,TOPANGA,Electronic Waste,183
2023-08,TOPANGA,Graffiti Removal,430
2023-08,TOPANGA,Homeless Encampment,280
2023-08,TOPANGA,Illegal Dumping Pickup,376
2023-08,TOPANGA,Metal/Household Appliances,731
2023-08,TOPANGA,Multiple Streetlight Issue,21
2023-08,TOPANGA,Single Streetlight Issue,40
2023-08,VAN NUYS,Bulky Items,3100
2023-08,VAN NUYS,Dead Animal Removal,97
2023-08,VAN NUYS,Electronic Waste,141
2023-08,VAN NUYS,Graffiti Removal,951
2023-08,VAN NUYS,Homeless Encampment,313
2023-08,VAN NUYS,Illegal Dumping Pickup,386
2023-08,VAN NUYS,Metal/Household Appliances,511
2023-08,VAN NUYS,Multiple Streetlight Issue,54
2023-08,VAN NUYS,Single Streetlight Issue,54
2023-08,WEST LOS ANGELES,Bulky Items,3265
2023-08,WEST LOS ANGELES,Dead Animal Removal,112
2023-08,WEST LOS ANGELES,Electronic Waste,160
2023-08,WEST LOS ANGELES,Graffiti Removal,553
2023-08,WEST LOS ANGELES,Homeless Encampment,456
2023-08,WEST LOS ANGELES,Illegal Dumping Pickup,273
2023-08,WEST LOS ANGELES,Metal/Household Appliances,720
2023-08,WEST LOS ANGELES,Multiple Streetlight Issue,26
2023-08,WEST LOS ANGELES,Single Streetlight Issue,53
2023-08,WEST VALLEY,Bulky Items,3109
2023-08,WEST VALLEY,Dead Animal Removal,147
2023-08,WEST VALLEY,Electronic Waste,181
2023-08,WEST VALLEY,Graffiti Removal,1023
2023-08,WEST VALLEY,Homeless Encampment,176
2023-08,WEST VALLEY,Illegal Dumping Pickup,414
2023-08,WEST VALLEY,Metal/Household Appliances,609
2023-08,WEST VALLEY,Multiple Streetlight Issue,17
2023-08,WEST VALLEY,Single Streetlight Issue,42
2023-08,WILSHIRE,Bulky Items,2785
2023-08,WILSHIRE,Dead Animal Removal,111
2023-08,WILSHIRE,Electronic Waste,138
2023-08,WILSHIRE,Graffiti Removal,984
2023-08,WILSHIRE,Homeless Encampment,388
2023-08,WILSHIRE,Illegal Dumping Pickup,422
2023-08,WILSHIRE,Metal/Household Appliances,527
2023-08,WILSHIRE,Multiple Streetlight Issue,52
2023-08,WILSHIRE,Single Streetlight Issue,64
2023-09,77TH STREET,Bulky Items,3210
2023-09,77TH STREET,Dead Animal Removal,217
2023-09,77TH STREET,Electronic Waste,182
2023-09,77TH STREET,Graffiti Removal,681
2023-09,77TH STREET,Homeless Encampment,227
2023-09,77TH STREET,Illegal Dumping Pickup,1052
2023-09,77TH STREET,Metal/Household Appliances,524
2023-09,77TH STREET,Multiple Streetlight Issue,138
2023-09,77TH STREET,Single Streetlight Issue,59
2023-09,CENTRAL,Bulky Items,302
2023-09,CENTRAL,Dead Animal Removal,21
2023-09,CENTRAL,Electronic Waste,12
2023-09,CENTRAL,Graffiti Removal,1651
2023-09,CENTRAL,Homeless Encampment,229
2023-09,CENTRAL,Illegal Dumping Pickup,61
2023-09,CENTRAL,Metal/Household Appliances,50
2023-09,CENTRAL,Multiple Streetlight Issue,87
2023-09,CENTRAL,Single Streetlight Issue,88
2023-09,DEVONSHIRE,Bulky Items,3678
2023-09,DEVONSHIRE,Dead Animal Removal,208
2023-09,DEVONSHIRE,Electronic Waste,227
2023-09,DEVONSHIRE,Graffiti Removal,683
2023-09,DEVONSHIRE,Homeless Encampment,296
2023-09,DEVONSHIRE,Illegal Dumping Pickup,368
2023-09,DEVONSHIRE,Metal/Household Appliances,789
2023-09,DEVONSHIRE,Multiple Streetlight Issue,109
2023-09,DEVONSHIRE,Single Streetlight Issue,73
2023-09,FOOTHILL,Bulky Items,3060
2023-09,FOOTHILL,Dead Animal Removal,116
2023-09,FOOTHILL,Electronic Waste,173
2023-09,FOOTHILL,Graffiti Removal,460
2023-09,FOOTHILL,Homeless Encampment,340
2023-09,FOOTHILL,Illegal Dumping Pickup,452
2023-09,FOOTHILL,Metal/Household Appliances,495
2023-09,FOOTHILL,Multiple Streetlight Issue,115
2023-09,FOOTHILL,Single Streetlight Issue,56
2023-09,HARBOR,Bulky Items,2551
2023-09,HARBOR,Dead Animal Removal,138
2023-09,HARBOR,Electronic Waste,171
2023-09,HARBOR,Graffiti Removal,1453
2023-09,HARBOR,Homeless Encampment,96
2023-09,HARBOR,Illegal Dumping Pickup,395
2023-09,HARBOR,Metal/Household Appliances,683
2023-09,HARBOR,Multiple Streetlight Issue,25
2023-09,HARBOR,Single Streetlight Issue,48
2023-09,HOLLENBECK,Bulky Items,2236
2023-09,HOLLENBECK,Dead Animal Removal,117
2023-09,HOLLENBECK,Electronic Waste,123
2023-09,HOLLENBECK,Graffiti Removal,2889
2023-09,HOLLENBECK,Homeless Encampment,283
2023-09,HOLLENBECK,Illegal Dumping Pickup,340
2023-09,HOLLENBECK,Metal/Household Appliances,374
2023-09,HOLLENBECK,Multiple Streetlight Issue,367
2023-09,HOLLENBECK,Single Streetlight Issue,122
2023-09,HOLLYWOOD,Bulky Items,1977
2023-09,HOLLYWOOD,Dead Animal Removal,42
2023-09,HOLLYWOOD,Electronic Waste,100
2023-09,HOLLYWOOD,Graffiti Removal,1271
2023-09,HOLLYWOOD,Homeless Encampment,418
2023-09,HOLLYWOOD,Illegal Dumping Pickup,246
2023-09,HOLLYWOOD,Metal/Household Appliances,323
2023-09,HOLLYWOOD,Multiple Streetlight Issue,52
2023-09,HOLLYWOOD,Single Streetlight Issue,61
2023-09,MISSION,Bulky Items,3324
2023-09,MISSION,Dead Animal Removal,170
2023-09,MISSION,Electronic Waste,231
2023-09,MISSION,Graffiti Removal,861
2023-09,MISSION,Homeless Encampment,208
2023-09,MISSION,Illegal Dumping Pickup,412
2023-09,MISSION,Metal/Household Appliances,570
2023-09,MISSION,Multiple Streetlight Issue,42
2023-09,MISSION,Single Streetlight Issue,69
2023-09,NEWTON,Bulky Items,1565
2023-09,NEWTON,Dead Animal Removal,129
2023-09,NEWTON,Electronic Waste,87
2023-09,NEWTON,Graffiti Removal,2749
2023-09,NEWTON,Homeless Encampment,350
2023-09,NEWTON,Illegal Dumping Pickup,607
2023-09,NEWTON,Metal/Household Appliances,266
2023-09,NEWTON,Multiple Streetlight Issue,140
2023-09,NEWTON,Single Streetlight Issue,47
2023-09,NORTH HOLLYWOOD,Bulky Items,3352
2023-09,NORTH HOLLYWOOD,Dead Animal Removal,104
2023-09,NORTH HOLLYWOOD,Electronic Waste,176
2023-09,NORTH HOLLYWOOD,Graffiti Removal,1365
2023-09,NORTH HOLLYWOOD,Homeless Encampment,868
2023-09,NORTH HOLLYWOOD,Illegal Dumping Pickup,511
2023-09,NORTH HOLLYWOOD,Metal/Household Appliances,567
2023-09,NORTH HOLLYWOOD,Multiple Streetlight Issue,148
2023-09,NORTH HOLLYWOOD,Single Streetlight Issue,103
2023-09,NORTHEAST,Bulky Items,3707
2023-09,NORTHEAST,Dead Animal Removal,159
2023-09,NORTHEAST,Electronic Waste,267
2023-09,NORTHEAST,Graffiti Removal,1537
2023-09,NORTHEAST,Homeless Encampment,311
2023-09,NORTHEAST,Illegal Dumping Pickup,415
2023-09,NORTHEAST,Metal/Household Appliances,766
2023-09,NORTHEAST,Multiple Streetlight Issue,55
2023-09,NORTHEAST,Single Streetlight Issue,40
2023-09,OLYMPIC,Bulky Items,2195
2023-09,OLYMPIC,Dead Animal Removal,72
2023-09,OLYMPIC,Electronic Waste,93
2023-09,OLYMPIC,Graffiti Removal,1308
2023-09,OLYMPIC,Homeless Encampment,511
2023-09,OLYMPIC,Illegal Dumping Pickup,380
2023-09,OLYMPIC,Metal/Household Appliances,329
2023-09,OLYMPIC,Multiple Streetlight Issue,59
2023-09,OLYMPIC,Single Streetlight Issue,67
2023-09,PACIFIC,Bulky Items,3069
2023-09,PACIFIC,Dead Animal Removal,99
2023-09,PACIFIC,Electronic Waste,173
2023-09,PACIFIC,Graffiti Removal,1174
2023-09,PACIFIC,Homeless Encampment,497
2023-09,PACIFIC,Illegal Dumping Pickup,320
2023-09,PACIFIC,Metal/Household Appliances,611
2023-09,PACIFIC,Multiple Streetlight Issue,12
2023-09,PACIFIC,Single Streetlight Issue,52
2023-09,RAMPART,Bulky Items,1774
2023-09,RAMPART,Dead Animal Removal,40
2023-09,RAMPART,Electronic Waste,86
2023-09,RAMPART,Graffiti Removal,2324
2023-09,RAMPART,Homeless Encampment,727
2023-09,RAMPART,Illegal Dumping Pickup,432
2023-09,RAMPART,Metal/Household Appliances,230
2023-09,RAMPART,Multiple Streetlight Issue,98
2023-09,RAMPART,Single Streetlight Issue,68
2023-09,SOUTHEAST,Bulky Items,2090
2023-09,SOUTHEAST,Dead Animal Removal,181
2023-09,SOUTHEAST,Electronic Waste,119
2023-09,SOUTHEAST,Graffiti Removal,1037
2023-09,SOUTHEAST,Homeless Encampment,193
2023-09,SOUTHEAST,Illegal Dumping Pickup,864
2023-09,SOUTHEAST,Metal/Household Appliances,338
2023-09,SOUTHEAST,Multiple Streetlight Issue,62
2023-09,SOUTHEAST,Single Streetlight Issue,59
2023-09,SOUTHWEST,Bulky Items,3005
2023-09,SOUTHWEST,Dead Animal Removal,160
2023-09,SOUTHWEST,Electronic Waste,204
2023-09,SOUTHWEST,Graffiti Removal,701
2023-09,SOUTHWEST,Homeless Encampment,198
2023-09,SOUTHWEST,Illegal Dumping Pickup,798
2023-09,SOUTHWEST,Metal/Household Appliances,504
2023-09,SOUTHWEST,Multiple Streetlight Issue,99
2023-09,SOUTHWEST,Single Streetlight Issue,91
2023-09,TOPANGA,Bulky Items,2884
2023-09,TOPANGA,Dead Animal Removal,139
2023-09,TOPANGA,Electronic Waste,196
2023-09,TOPANGA,Graffiti Removal,381
2023-09,TOPANGA,Homeless Encampment,281
2023-09,TOPANGA,Illegal Dumping Pickup,356
2023-09,TOPANGA,Metal/Household Appliances,648
2023-09,TOPANGA,Multiple Streetlight Issue,17
2023-09,TOPANGA,Single Streetlight Issue,57
2023-09,VAN NUYS,Bulky Items,2943
2023-09,VAN NUYS,Dead Animal Removal,106
2023-09,VAN NUYS,Electronic Waste,148
2023-09,VAN NUYS,Graffiti Removal,815
2023-09,VAN NUYS,Homeless Encampment,227
2023-09,VAN NUYS,Illegal Dumping Pickup,394
2023-09,VAN NUYS,Metal/Household Appliances,485
2023-09,VAN NUYS,Multiple Streetlight Issue,56
2023-09,VAN NUYS,Single Streetlight Issue,43
2023-09,WEST LOS ANGELES,Bulky Items,2875
2023-09,WEST LOS ANGELES,Dead Animal Removal,137
2023-09,WEST LOS ANGELES,Electronic Waste,152
2023-09,WEST LOS ANGELES,Graffiti Removal,687
2023-09,WEST LOS ANGELES,Homeless Encampment,320
2023-09,WEST LOS ANGELES,Illegal Dumping Pickup,259
2023-09,WEST LOS ANGELES,Metal/Household Appliances,591
2023-09,WEST LOS ANGELES,Multiple Streetlight Issue,18
2023-09,WEST LOS ANGELES,Single Streetlight Issue,54
2023-09,WEST VALLEY,Bulky Items,3107
2023-09,WEST VALLEY,Dead Animal Removal,150
2023-09,WEST VALLEY,Electronic Waste,162
2023-09,WEST VALLEY,Graffiti Removal,1114
2023-09,WEST VALLEY,Homeless Encampment,297
2023-09,WEST VALLEY,Illegal Dumping Pickup,460
2023-09,WEST VALLEY,Metal/Household Appliances,604
2023-09,WEST VALLEY,Multiple Streetlight Issue,21
2023-09,WEST VALLEY,Single Streetlight Issue,36
2023-09,WILSHIRE,Bulky Items,2519
2023-09,WILSHIRE,Dead Animal Removal,93
2023-09,WILSHIRE,Electronic Waste,127
2023-09,WILSHIRE,Graffiti Removal,1426
2023-09,WILSHIRE,Homeless Encampment,326
2023-09,WILSHIRE,Illegal Dumping Pickup,373
2023-09,WILSHIRE,Metal/Household Appliances,497
2023-09,WILSHIRE,Multiple Streetlight Issue,47
2023-09,WILSHIRE,Single Streetlight Issue,82
2023-10,77TH STREET,Bulky Items,2998
2023-10,77TH STREET,Dead Animal Removal,231
2023-10,77TH STREET,Electronic Waste,189
2023-10,77TH STREET,Graffiti Removal,1086
2023-10,77TH STREET,Homeless Encampment,234
2023-10,77TH STREET,Illegal Dumping Pickup,837
2023-10,77TH STREET,Metal/Household Appliances,541
2023-10,77TH STREET,Multiple Streetlight Issue,162
2023-10,77TH STREET,Single Streetlight Issue,80
2023-10,CENTRAL,Bulky Items,329
2023-10,CENTRAL,Dead Animal Removal,20
2023-10,CENTRAL,Electronic Waste,15
2023-10,CENTRAL,Graffiti Removal,1839
2023-10,CENTRAL,Homeless Encampment,192
2023-10,CENTRAL,Illegal Dumping Pickup,84
2023-10,CENTRAL,Metal/Household Appliances,41
2023-10,CENTRAL,Multiple Streetlight Issue,84
2023-10,CENTRAL,Single Streetlight Issue,169
2023-10,DEVONSHIRE,Bulky Items,3600
2023-10,DEVONSHIRE,Dead Animal Removal,230
2023-10,DEVONSHIRE,Electronic Waste,257
2023-10,DEVONSHIRE,Graffiti Removal,734
2023-10,DEVONSHIRE,Homeless Encampment,221
2023-10,DEVONSHIRE,Illegal Dumping Pickup,357
2023-10,DEVONSHIRE,Metal/Household Appliances,837
2023-10,DEVONSHIRE,Multiple Streetlight Issue,85
2023-10,DEVONSHIRE,Single Streetlight Issue,73
2023-10,FOOTHILL,Bulky Items,3173
2023-10,FOOTHILL,Dead Animal Removal,142
2023-10,FOOTHILL,Electronic Waste,191
2023-10,FOOTHILL,Graffiti Removal,585
2023-10,FOOTHILL,Homeless Encampment,372
2023-10,FOOTHILL,Illegal Dumping Pickup,467
2023-10,FOOTHILL,Metal/Household Appliances,492
2023-10,FOOTHILL,Multiple Streetlight Issue,75
2023-10,FOOTHILL,Single Streetlight Issue,59
2023-10,HARBOR,Bulky Items,2611
2023-10,HARBOR,Dead Animal Removal,162
2023-10,HARBOR,Electronic Waste,193
2023-10,HARBOR,Graffiti Removal,1605
2023-10,HARBOR,Homeless Encampment,77
2023-10,HARBOR,Illegal Dumping Pickup,365
2023-10,HARBOR,Metal/Household Appliances,699
2023-10,HARBOR,Multiple Streetlight Issue,35
2023-10,HARBOR,Single Streetlight Issue,29
2023-10,HOLLENBECK,Bulky Items,2244
2023-10,HOLLENBECK,Dead Animal Removal,151
2023-10,HOLLENBECK,Electronic Waste,150
2023-10,HOLLENBECK,Graffiti Removal,2859
2023-10,HOLLENBECK,Homeless Encampment,210
2023-10,HOLLENBECK,Illegal Dumping Pickup,357
2023-10,HOLLENBECK,Metal/Household Appliances,367
2023-10,HOLLENBECK,Multiple Streetlight Issue,315
2023-10,HOLLENBECK,Single Streetlight Issue,114
2023-10,HOLLYWOOD,Bulky Items,2041
2023-10,HOLLYWOOD,Dead Animal Removal,48
2023-10,HOLLYWOOD,Electronic Waste,99
2023-10,HOLLYWOOD,Graffiti Removal,1124
2023-10,HOLLYWOOD,Homeless Encampment,338
2023-10,HOLLYWOOD,Illegal Dumping Pickup,240
2023-10,HOLLYWOOD,Metal/Household Appliances,337
2023-10,HOLLYWOOD,Multiple Streetlight Issue,80
2023-10,HOLLYWOOD,Single Streetlight Issue,67
2023-10,MISSION,Bulky Items,3295
2023-10,MISSION,Dead Animal Removal,202
2023-10,MISSION,Electronic Waste,195
2023-10,MISSION,Graffiti Removal,1550
2023-10,MISSION,Homeless Encampment,299
2023-10,MISSION,Illegal Dumping Pickup,448
2023-10,MISSION,Metal/Household Appliances,585
2023-10,MISSION,Multiple Streetlight Issue,93
2023-10,MISSION,Single Streetlight Issue,71
2023-10,NEWTON,Bulky Items,1485
2023-10,NEWTON,Dead Animal Removal,158
2023-10,NEWTON,Electronic Waste,83
2023-10,NEWTON,Graffiti Removal,2160
2023-10,NEWTON,Homeless Encampment,380
2023-10,NEWTON,Illegal Dumping Pickup,499
2023-10,NEWTON,Metal/Household Appliances,230
2023-10,NEWTON,Multiple Streetlight Issue,218
2023-10,NEWTON,Single Streetlight Issue,99
2023-10,NORTH HOLLYWOOD,Bulky Items,3182
2023-10,NORTH HOLLYWOOD,Dead Animal Removal,143
2023-10,NORTH HOLLYWOOD,Electronic Waste,164
2023-10,NORTH HOLLYWOOD,Graffiti Removal,1443
2023-10,NORTH HOLLYWOOD,Homeless Encampment,714
2023-10,NORTH HOLLYWOOD,Illegal Dumping Pickup,382
2023-10,NORTH HOLLYWOOD,Metal/Household Appliances,521
2023-10,NORTH HOLLYWOOD,Multiple Streetlight Issue,155
2023-10,NORTH HOLLYWOOD,Single Streetlight Issue,124
2023-10,NORTHEAST,Bulky Items,3787
2023-10,NORTHEAST,Dead Animal Removal,173
2023-10,NORTHEAST,Electronic Waste,244
2023-10,NORTHEAST,Graffiti Removal,1234
2023-10,NORTHEAST,Homeless Encampment,311
2023-10,NORTHEAST,Illegal Dumping Pickup,342
2023-10,NORTHEAST,Metal/Household Appliances,718
2023-10,NORTHEAST,Multiple Streetlight Issue,51
2023-10,NORTHEAST,Single Streetlight Issue,48
2023-10,OLYMPIC,Bulky Items,2144
2023-10,OLYMPIC,Dead Animal Removal,87
2023-10,OLYMPIC,Electronic Waste,107
2023-10,OLYMPIC,Graffiti Removal,1666
2023-10,OLYMPIC,Homeless Encampment,510
2023-10,OLYMPIC,Illegal Dumping Pickup,356
2023-10,OLYMPIC,Metal/Household Appliances,285
2023-10,OLYMPIC,Multiple Streetlight Issue,120
2023-10,OLYMPIC,Single Streetlight Issue,80
2023-10,PACIFIC,Bulky Items,2912
2023-10,PACIFIC,Dead Animal Removal,161
2023-10,PACIFIC,Electronic Waste,165
2023-10,PACIFIC,Graffiti Removal,1230
2023-10,PACIFIC,Homeless Encampment,556
2023-10,PACIFIC,Illegal Dumping Pickup,313
2023-10,PACIFIC,Metal/Household Appliances,616
2023-10,PACIFIC,Multiple Streetlight Issue,21
2023-10,PACIFIC,Single Streetlight Issue,52
2023-10,RAMPART,Bulky Items,1787
2023-10,RAMPART,Dead Animal Removal,51
2023-10,RAMPART,Electronic Waste,82
2023-10,RAMPART,Graffiti Removal,3510
2023-10,RAMPART,Homeless Encampment,1415
2023-10,RAMPART,Illegal Dumping Pickup,383
2023-10,RAMPART,Metal/Household Appliances,240
2023-10,RAMPART,Multiple Streetlight Issue,138
2023-10,RAMPART,Single Streetlight Issue,55
2023-10,SOUTHEAST,Bulky Items,1867
2023-10,SOUTHEAST,Dead Animal Removal,167
2023-10,SOUTHEAST,Electronic Waste,111
2023-10,SOUTHEAST,Graffiti Removal,1218
2023-10,SOUTHEAST,Homeless Encampment,174
2023-10,SOUTHEAST,Illegal Dumping Pickup,632
2023-10,SOUTHEAST,Metal/Household Appliances,284
2023-10,SOUTHEAST,Multiple Streetlight Issue,89
2023-10,SOUTHEAST,Single Streetlight Issue,85
2023-10,SOUTHWEST,Bulky Items,2759
2023-10,SOUTHWEST,Dead Animal Removal,162
2023-10,SOUTHWEST,Electronic Waste,169
2023-10,SOUTHWEST,Graffiti Removal,728
2023-10,SOUTHWEST,Homeless Encampment,165
2023-10,SOUTHWEST,Illegal Dumping Pickup,667
2023-10,SOUTHWEST,Metal/Household Appliances,474
2023-10,SOUTHWEST,Multiple Streetlight Issue,146
2023-10,SOUTHWEST,Single Streetlight Issue,77
2023-10,TOPANGA,Bulky Items,2832
2023-10,TOPANGA,Dead Animal Removal,146
2023-10,TOPANGA,Electronic Waste,184
2023-10,TOPANGA,Graffiti Removal,449
2023-10,TOPANGA,Homeless Encampment,272
2023-10,TOPANGA,Illegal Dumping Pickup,302
2023-10,TOPANGA,Metal/Household Appliances,600
2023-10,TOPANGA,Multiple Streetlight Issue,52
2023-10,TOPANGA,Single Streetlight Issue,38
2023-10,VAN NUYS,Bulky Items,2804
2023-10,VAN NUYS,Dead Animal Removal,101
2023-10,VAN NUYS,Electronic Waste,133
2023-10,VAN NUYS,Graffiti Removal,683
2023-10,VAN NUYS,Homeless Encampment,235
2023-10,VAN NUYS,Illegal Dumping Pickup,395
2023-10,VAN NUYS,Metal/Household Appliances,483
2023-10,VAN NUYS,Multiple Streetlight Issue,81
2023-10,VAN NUYS,Single Streetlight Issue,41
2023-10,WEST LOS ANGELES,Bulky Items,2616
2023-10,WEST LOS ANGELES,Dead Animal Removal,112
2023-10,WEST LOS ANGELES,Electronic Waste,158
2023-10,WEST LOS ANGELES,Graffiti Removal,924
2023-10,WEST LOS ANGELES,Homeless Encampment,264
2023-10,WEST LOS ANGELES,Illegal Dumping Pickup,258
2023-10,WEST LOS ANGELES,Metal/Household Appliances,550
2023-10,WEST LOS ANGELES,Multiple Streetlight Issue,37
2023-10,WEST LOS ANGELES,Single Streetlight Issue,64
2023-10,WEST VALLEY,Bulky Items,2928
2023-10,WEST VALLEY,Dead Animal Removal,158
2023-10,WEST VALLEY,Electronic Waste,191
2023-10,WEST VALLEY,Graffiti Removal,963
2023-10,WEST VALLEY,Homeless Encampment,209
2023-10,WEST VALLEY,Illegal Dumping Pickup,435
2023-10,WEST VALLEY,Metal/Household Appliances,592
2023-10,WEST VALLEY,Multiple Streetlight Issue,72
2023-10,WEST VALLEY,Single Streetlight Issue,36
2023-10,WILSHIRE,Bulky Items,2402
2023-10,WILSHIRE,Dead Animal Removal,94
2023-10,WILSHIRE,Electronic Waste,154
2023-10,WILSHIRE,Graffiti Removal,1609
2023-10,WILSHIRE,Homeless Encampment,340
2023-10,WILSHIRE,Illegal Dumping Pickup,323
2023-10,WILSHIRE,Metal/Household Appliances,500
2023-10,WILSHIRE,Multiple Streetlight Issue,56
2023-10,WILSHIRE,Single Streetlight Issue,90
2023-11,77TH STREET,Bulky Items,2802
2023-11,77TH STREET,Dead Animal Removal,223
2023-11,77TH STREET,Electronic Waste,167
2023-11,77TH STREET,Graffiti Removal,1105
2023-11,77TH STREET,Homeless Encampment,214
2023-11,77TH STREET,Illegal Dumping Pickup,794
2023-11,77TH STREET,Metal/Household Appliances,487
2023-11,77TH STREET,Multiple Streetlight Issue,120
2023-11,77TH STREET,Single Streetlight Issue,78
2023-11,CENTRAL,Bulky Items,293
2023-11,CENTRAL,Dead Animal Removal,24
2023-11,CENTRAL,Electronic Waste,19
2023-11,CENTRAL,Graffiti Removal,1644
2023-11,CENTRAL,Homeless Encampment,125
2023-11,CENTRAL,Illegal Dumping Pickup,82
2023-11,CENTRAL,Metal/Household Appliances,49
2023-11,CENTRAL,Multiple Streetlight Issue,93
2023-11,CENTRAL,Single Streetlight Issue,57
2023-11,DEVONSHIRE,Bulky Items,3436
2023-11,DEVONSHIRE,Dead Animal Removal,189
2023-11,DEVONSHIRE,Electronic Waste,233
2023-11,DEVONSHIRE,Graffiti Removal,649
2023-11,DEVONSHIRE,Homeless Encampment,267
2023-11,DEVONSHIRE,Illegal Dumping Pickup,311
2023-11,DEVONSHIRE,Metal/Household Appliances,780
2023-11,DEVONSHIRE,Multiple Streetlight Issue,80
2023-11,DEVONSHIRE,Single Streetlight Issue,74
2023-11,FOOTHILL,Bulky Items,2872
2023-11,FOOTHILL,Dead Animal Removal,140
2023-11,FOOTHILL,Electronic Waste,219
2023-11,FOOTHILL,Graffiti Removal,568
2023-11,FOOTHILL,Homeless Encampment,205
2023-11,FOOTHILL,Illegal Dumping Pickup,494
2023-11,FOOTHILL,Metal/Household Appliances,483
2023-11,FOOTHILL,Multiple Streetlight Issue,117
2023-11,FOOTHILL,Single Streetlight Issue,84
2023-11,HARBOR,Bulky Items,2756
2023-11,HARBOR,Dead Animal Removal,120
2023-11,HARBOR,Electronic Waste,184
2023-11,HARBOR,Graffiti Removal,1398
2023-11,HARBOR,Homeless Encampment,104
2023-11,HARBOR,Illegal Dumping Pickup,393
2023-11,HARBOR,Metal/Household Appliances,667
2023-11,HARBOR,Multiple Streetlight Issue,52
2023-11,HARBOR,Single Streetlight Issue,38
2023-11,HOLLENBECK,Bulky Items,1986
2023-11,HOLLENBECK,Dead Animal Removal,97
2023-11,HOLLENBECK,Electronic Waste,127
2023-11,HOLLENBECK,Graffiti Removal,3011
2023-11,HOLLENBECK,Homeless Encampment,200
2023-11,HOLLENBECK,Illegal Dumping Pickup,353
2023-11,HOLLENBECK,Metal/Household Appliances,329
2023-11,HOLLENBECK,Multiple Streetlight Issue,271
2023-11,HOLLENBECK,Single Streetlight Issue,98
2023-11,HOLLYWOOD,Bulky Items,1771
2023-11,HOLLYWOOD,Dead Animal Removal,35
2023-11,HOLLYWOOD,Electronic Waste,106
2023-11,HOLLYWOOD,Graffiti Removal,1442
2023-11,HOLLYWOOD,Homeless Encampment,393
2023-11,HOLLYWOOD,Illegal Dumping Pickup,221
2023-11,HOLLYWOOD,Metal/Household Appliances,309
2023-11,HOLLYWOOD,Multiple Streetlight Issue,75
2023-11,HOLLYWOOD,Single Streetlight Issue,135
2023-11,MISSION,Bulky Items,3157
2023-11,MISSION,Dead Animal Removal,156
2023-11,MISSION,Electronic Waste,226
2023-11,MISSION,Graffiti Removal,995
2023-11,MISSION,Homeless Encampment,164
2023-11,MISSION,Illegal Dumping Pickup,418
2023-11,MISSION,Metal/Household Appliances,529
2023-11,MISSION,Multiple Streetlight Issue,131
2023-11,MISSION,Single Streetlight Issue,95
2023-11,NEWTON,Bulky Items,1375
2023-11,NEWTON,Dead Animal Removal,161
2023-11,NEWTON,Electronic Waste,86
2023-11,NEWTON,Graffiti Removal,2481
2023-11,NEWTON,Homeless Encampment,368
2023-11,NEWTON,Illegal Dumping Pickup,465
2023-11,NEWTON,Metal/Household Appliances,208
2023-11,NEWTON,Multiple Streetlight Issue,154
2023-11,NEWTON,Single Streetlight Issue,102
2023-11,NORTH HOLLYWOOD,Bulky Items,2937
2023-11,NORTH HOLLYWOOD,Dead Animal Removal,98
2023-11,NORTH HOLLYWOOD,Electronic Waste,184
2023-11,NORTH HOLLYWOOD,Graffiti Removal,1455
2023-11,NORTH HOLLYWOOD,Homeless Encampment,548
2023-11,NORTH HOLLYWOOD,Illegal Dumping Pickup,371
2023-11,NORTH HOLLYWOOD,Metal/Household Appliances,516
2023-11,NORTH HOLLYWOOD,Multiple Streetlight Issue,165
2023-11,NORTH HOLLYWOOD,Single Streetlight Issue,138
2023-11,NORTHEAST,Bulky Items,3385
2023-11,NORTHEAST,Dead Animal Removal,116
2023-11,NORTHEAST,Electronic Waste,241
2023-11,NORTHEAST,Graffiti Removal,1466
2023-11,NORTHEAST,Homeless Encampment,267
2023-11,NORTHEAST,Illegal Dumping Pickup,347
2023-11,NORTHEAST,Metal/Household Appliances,627
2023-11,NORTHEAST,Multiple Streetlight Issue,38
2023-11,NORTHEAST,Single Streetlight Issue,52
2023-11,OLYMPIC,Bulky Items,2010
2023-11,OLYMPIC,Dead Animal Removal,57
2023-11,OLYMPIC,Electronic Waste,99
2023-11,OLYMPIC,Graffiti Removal,1715
2023-11,OLYMPIC,Homeless Encampment,439
2023-11,OLYMPIC,Illegal Dumping Pickup,295
2023-11,OLYMPIC,Metal/Household Appliances,312
2023-11,OLYMPIC,Multiple Streetlight Issue,108
2023-11,OLYMPIC,Single Streetlight Issue,67
2023-11,PACIFIC,Bulky Items,2719
2023-11,PACIFIC,Dead Animal Removal,146
2023-11,PACIFIC,Electronic Waste,175
2023-11,PACIFIC,Graffiti Removal,1002
2023-11,PACIFIC,Homeless Encampment,546
2023-11,PACIFIC,Illegal Dumping Pickup,282
2023-11,PACIFIC,Metal/Household Appliances,542
2023-11,PACIFIC,Multiple Streetlight Issue,35
2023-11,PACIFIC,Single Streetlight Issue,48
2023-11,RAMPART,Bulky Items,1578
2023-11,RAMPART,Dead Animal Removal,54
2023-11,RAMPART,Electronic Waste,89
2023-11,RAMPART,Graffiti Removal,2607
2023-11,RAMPART,Homeless Encampment,447
2023-11,RAMPART,Illegal Dumping Pickup,355
2023-11,RAMPART,Metal/Household Appliances,210
2023-11,RAMPART,Multiple Streetlight Issue,150
2023-11,RAMPART,Single Streetlight Issue,75
2023-11,SOUTHEAST,Bulky Items,1912
2023-11,SOUTHEAST,Dead Animal Removal,174
2023-11,SOUTHEAST,Electronic Waste,123
2023-11,SOUTHEAST,Graffiti Removal,1312
2023-11,SOUTHEAST,Homeless Encampment,139
2023-11,SOUTHEAST,Illegal Dumping Pickup,616
2023-11,SOUTHEAST,Metal/Household Appliances,320
2023-11,SOUTHEAST,Multiple Streetlight Issue,133
2023-11,SOUTHEAST,Single Streetlight Issue,62
2023-11,SOUTHWEST,Bulky Items,2732
2023-11,SOUTHWEST,Dead Animal Removal,158
2023-11,SOUTHWEST,Electronic Waste,184
2023-11,SOUTHWEST,Graffiti Removal,997
2023-11,SOUTHWEST,Homeless Encampment,118
2023-11,SOUTHWEST,Illegal Dumping Pickup,578
2023-11,SOUTHWEST,Metal/Household Appliances,469
2023-11,SOUTHWEST,Multiple Streetlight Issue,146
2023-11,SOUTHWEST,Single Streetlight Issue,85
2023-11,TOPANGA,Bulky Items,2950
2023-11,TOPANGA,Dead Animal Removal,129
2023-11,TOPANGA,Electronic Waste,214
2023-11,TOPANGA,Graffiti Removal,502
2023-11,TOPANGA,Homeless Encampment,238
2023-11,TOPANGA,Illegal Dumping Pickup,378
2023-11,TOPANGA,Metal/Household Appliances,645
2023-11,TOPANGA,Multiple Streetlight Issue,32
2023-11,TOPANGA,Single Streetlight Issue,51
2023-11,VAN NUYS,Bulky Items,2666
2023-11,VAN NUYS,Dead Animal Removal,81
2023-11,VAN NUYS,Electronic Waste,122
2023-11,VAN NUYS,Graffiti Removal,1249
2023-11,VAN NUYS,Homeless Encampment,525
2023-11,VAN NUYS,Illegal Dumping Pickup,356
2023-11,VAN NUYS,Metal/Household Appliances,430
2023-11,VAN NUYS,Multiple Streetlight Issue,74
2023-11,VAN NUYS,Single Streetlight Issue,61
2023-11,WEST LOS ANGELES,Bulky Items,2330
2023-11,WEST LOS ANGELES,Dead Animal Removal,71
2023-11,WEST LOS ANGELES,Electronic Waste,141
2023-11,WEST LOS ANGELES,Graffiti Removal,599
2023-11,WEST LOS ANGELES,Homeless Encampment,288
2023-11,WEST LOS ANGELES,Illegal Dumping Pickup,222
2023-11,WEST LOS ANGELES,Metal/Household Appliances,489
2023-11,WEST LOS ANGELES,Multiple Streetlight Issue,59
2023-11,WEST LOS ANGELES,Single Streetlight Issue,78
2023-11,WEST VALLEY,Bulky Items,2808
2023-11,WEST VALLEY,Dead Animal Removal,130
2023-11,WEST VALLEY,Electronic Waste,174
2023-11,WEST VALLEY,Graffiti Removal,927
2023-11,WEST VALLEY,Homeless Encampment,198
2023-11,WEST VALLEY,Illegal Dumping Pickup,336
2023-11,WEST VALLEY,Metal/Household Appliances,556
2023-11,WEST VALLEY,Multiple Streetlight Issue,87
2023-11,WEST VALLEY,Single Streetlight Issue,53
2023-11,WILSHIRE,Bulky Items,2217
2023-11,WILSHIRE,Dead Animal Removal,96
2023-11,WILSHIRE,Electronic Waste,149
2023-11,WILSHIRE,Graffiti Removal,929
2023-11,WILSHIRE,Homeless Encampment,313
2023-11,WILSHIRE,Illegal Dumping Pickup,314
2023-11,WILSHIRE,Metal/Household Appliances,416
2023-11,WILSHIRE,Multiple Streetlight Issue,72
2023-11,WILSHIRE,Single Streetlight Issue,100
2023-12,77TH STREET,Bulky Items,2562
2023-12,77TH STREET,Dead Animal Removal,159
2023-12,77TH STREET,Electronic Waste,175
2023-12,77TH STREET,Graffiti Removal,715
2023-12,77TH STREET,Homeless Encampment,159
2023-12,77TH STREET,Illegal Dumping Pickup,748
2023-12,77TH STREET,Metal/Household Appliances,398
2023-12,77TH STREET,Multiple Streetlight Issue,134
2023-12,77TH STREET,Single Streetlight Issue,81
2023-12,CENTRAL,Bulky Items,312
2023-12,CENTRAL,Dead Animal Removal,18
2023-12,CENTRAL,Electronic Waste,13
2023-12,CENTRAL,Graffiti Removal,1510
2023-12,CENTRAL,Homeless Encampment,81
2023-12,CENTRAL,Illegal Dumping Pickup,72
2023-12,CENTRAL,Metal/Household Appliances,41
2023-12,CENTRAL,Multiple Streetlight Issue,53
2023-12,CENTRAL,Single Streetlight Issue,33
2023-12,DEVONSHIRE,Bulky Items,3166
2023-12,DEVONSHIRE,Dead Animal Removal,171
2023-12,DEVONSHIRE,Electronic Waste,214
2023-12,DEVONSHIRE,Graffiti Removal,641
2023-12,DEVONSHIRE,Homeless Encampment,184
2023-12,DEVONSHIRE,Illegal Dumping Pickup,268
2023-12,DEVONSHIRE,Metal/Household Appliances,697
2023-12,DEVONSHIRE,Multiple Streetlight Issue,47
2023-12,DEVONSHIRE,Single Streetlight Issue,91
2023-12,FOOTHILL,Bulky Items,2782
2023-12,FOOTHILL,Dead Animal Removal,113
2023-12,FOOTHILL,Electronic Waste,190
2023-12,FOOTHILL,Graffiti Removal,529
2023-12,FOOTHILL,Homeless Encampment,239
2023-12,FOOTHILL,Illegal Dumping Pickup,421
2023-12,FOOTHILL,Metal/Household Appliances,376
2023-12,FOOTHILL,Multiple Streetlight Issue,111
2023-12,FOOTHILL,Single Streetlight Issue,52
2023-12,HARBOR,Bulky Items,2436
2023-12,HARBOR,Dead Animal Removal,132
2023-12,HARBOR,Electronic Waste,183
2023-12,HARBOR,Graffiti Removal,1362
2023-12,HARBOR,Homeless Encampment,94
2023-12,HARBOR,Illegal Dumping Pickup,383
2023-12,HARBOR,Metal/Household Appliances,565
2023-12,HARBOR,Multiple Streetlight Issue,24
2023-12,HARBOR,Single Streetlight Issue,33
2023-12,HOLLENBECK,Bulky Items,2023
2023-12,HOLLENBECK,Dead Animal Removal,84
2023-12,HOLLENBECK,Electronic Waste,130
2023-12,HOLLENBECK,Graffiti Removal,2901
2023-12,HOLLENBECK,Homeless Encampment,202
2023-12,HOLLENBECK,Illegal Dumping Pickup,333
2023-12,HOLLENBECK,Metal/Household Appliances,275
2023-12,HOLLENBECK,Multiple Streetlight Issue,172
2023-12,HOLLENBECK,Single Streetlight Issue,65
2023-12,HOLLYWOOD,Bulky Items,1651
2023-12,HOLLYWOOD,Dead Animal Removal,36
2023-12,HOLLYWOOD,Electronic Waste,104
2023-12,HOLLYWOOD,Graffiti Removal,1292
2023-12,HOLLYWOOD,Homeless Encampment,284
2023-12,HOLLYWOOD,Illegal Dumping Pickup,258
2023-12,HOLLYWOOD,Metal/Household Appliances,248
2023-12,HOLLYWOOD,Multiple Streetlight Issue,72
2023-12,HOLLYWOOD,Single Streetlight Issue,58
2023-12,MISSION,Bulky Items,2912
2023-12,MISSION,Dead Animal Removal,142
2023-12,MISSION,Electronic Waste,218
2023-12,MISSION,Graffiti Removal,1505
2023-12,MISSION,Homeless Encampment,205
2023-12,MISSION,Illegal Dumping Pickup,367
2023-12,MISSION,Metal/Household Appliances,505
2023-12,MISSION,Multiple Streetlight Issue,133
2023-12,MISSION,Single Streetlight Issue,85
2023-12,NEWTON,Bulky Items,1349
2023-12,NEWTON,Dead Animal Removal,96
2023-12,NEWTON,Electronic Waste,95
2023-12,NEWTON,Graffiti Removal,1410
2023-12,NEWTON,Homeless Encampment,329
2023-12,NEWTON,Illegal Dumping Pickup,378
2023-12,NEWTON,Metal/Household Appliances,200
2023-12,NEWTON,Multiple Streetlight Issue,96
2023-12,NEWTON,Single Streetlight Issue,57
2023-12,NORTH HOLLYWOOD,Bulky Items,2978
2023-12,NORTH HOLLYWOOD,Dead Animal Removal,102
2023-12,NORTH HOLLYWOOD,Electronic Waste,182
2023-12,NORTH HOLLYWOOD,Graffiti Removal,1234
2023-12,NORTH HOLLYWOOD,Homeless Encampment,419
2023-12,NORTH HOLLYWOOD,Illegal Dumping Pickup,394
2023-12,NORTH HOLLYWOOD,Metal/Household Appliances,447
2023-12,NORTH HOLLYWOOD,Multiple Streetlight Issue,106
2023-12,NORTH HOLLYWOOD,Single Streetlight Issue,92
2023-12,NORTHEAST,Bulky Items,3282
2023-12,NORTHEAST,Dead Animal Removal,143
2023-12,NORTHEAST,Electronic Waste,279
2023-12,NORTHEAST,Graffiti Removal,1307
2023-12,NORTHEAST,Homeless Encampment,367
2023-12,NORTHEAST,Illegal Dumping Pickup,400
2023-12,NORTHEAST,Metal/Household Appliances,575
2023-12,NORTHEAST,Multiple Streetlight Issue,17
2023-12,NORTHEAST,Single Streetlight Issue,48
2023-12,OLYMPIC,Bulky Items,1963
2023-12,OLYMPIC,Dead Animal Removal,68
2023-12,OLYMPIC,Electronic Waste,121
2023-12,OLYMPIC,Graffiti Removal,1654
2023-12,OLYMPIC,Homeless Encampment,602
2023-12,OLYMPIC,Illegal Dumping Pickup,325
2023-12,OLYMPIC,Metal/Household Appliances,217
2023-12,OLYMPIC,Multiple Streetlight Issue,79
2023-12,OLYMPIC,Single Streetlight Issue,76
2023-12,PACIFIC,Bulky Items,2597
2023-12,PACIFIC,Dead Animal Removal,108
2023-12,PACIFIC,Electronic Waste,131
2023-12,PACIFIC,Graffiti Removal,1172
2023-12,PACIFIC,Homeless Encampment,494
2023-12,PACIFIC,Illegal Dumping Pickup,308
2023-12,PACIFIC,Metal/Household Appliances,505
2023-12,PACIFIC,Multiple Streetlight Issue,31
2023-12,PACIFIC,Single Streetlight Issue,60
2023-12,RAMPART,Bulky Items,1581
2023-12,RAMPART,Dead Animal Removal,54
2023-12,RAMPART,Electronic Waste,91
2023-12,RAMPART,Graffiti Removal,1971
2023-12,RAMPART,Homeless Encampment,369
2023-12,RAMPART,Illegal Dumping Pickup,292
2023-12,RAMPART,Metal/Household Appliances,198
2023-12,RAMPART,Multiple Streetlight Issue,140
2023-12,RAMPART,Single Streetlight Issue,59
2023-12,SOUTHEAST,Bulky Items,1673
2023-12,SOUTHEAST,Dead Animal Removal,150
2023-12,SOUTHEAST,Electronic Waste,108
2023-12,SOUTHEAST,Graffiti Removal,1038
2023-12,SOUTHEAST,Homeless Encampment,167
2023-12,SOUTHEAST,Illegal Dumping Pickup,510
2023-12,SOUTHEAST,Metal/Household Appliances,243
2023-12,SOUTHEAST,Multiple Streetlight Issue,110
2023-12,SOUTHEAST,Single Streetlight Issue,67
2023-12,SOUTHWEST,Bulky Items,2496
2023-12,SOUTHWEST,Dead Animal Removal,140
2023-12,SOUTHWEST,Electronic Waste,154
2023-12,SOUTHWEST,Graffiti Removal,883
2023-12,SOUTHWEST,Homeless Encampment,127
2023-12,SOUTHWEST,Illegal Dumping Pickup,576
2023-12,SOUTHWEST,Metal/Household Appliances,404
2023-12,SOUTHWEST,Multiple Streetlight Issue,102
2023-12,SOUTHWEST,Single Streetlight Issue,60
2023-12,TOPANGA,Bulky Items,2824
2023-12,TOPANGA,Dead Animal Removal,128
2023-12,TOPANGA,Electronic Waste,209
2023-12,TOPANGA,Graffiti Removal,405
2023-12,TOPANGA,Homeless Encampment,169
2023-12,TOPANGA,Illegal Dumping Pickup,296
2023-12,TOPANGA,Metal/Household Appliances,609
2023-12,TOPANGA,Multiple Streetlight Issue,31
2023-12,TOPANGA,Single Streetlight Issue,90
2023-12,VAN NUYS,Bulky Items,2710
2023-12,VAN NUYS,Dead Animal Removal,105
2023-12,VAN NUYS,Electronic Waste,158
2023-12,VAN NUYS,Graffiti Removal,780
2023-12,VAN NUYS,Homeless Encampment,343
2023-12,VAN NUYS,Illegal Dumping Pickup,431
2023-12,VAN NUYS,Metal/Household Appliances,397
2023-12,VAN NUYS,Multiple Streetlight Issue,70
2023-12,VAN NUYS,Single Streetlight Issue,55
2023-12,WEST LOS ANGELES,Bulky Items,2417
2023-12,WEST LOS ANGELES,Dead Animal Removal,92
2023-12,WEST LOS ANGELES,Electronic Waste,160
2023-12,WEST LOS ANGELES,Graffiti Removal,612
2023-12,WEST LOS ANGELES,Homeless Encampment,338
2023-12,WEST LOS ANGELES,Illegal Dumping Pickup,229
2023-12,WEST LOS ANGELES,Metal/Household Appliances,441
2023-12,WEST LOS ANGELES,Multiple Streetlight Issue,57
2023-12,WEST LOS ANGELES,Single Streetlight Issue,78
2023-12,WEST VALLEY,Bulky Items,2607
2023-12,WEST VALLEY,Dead Animal Removal,137
2023-12,WEST VALLEY,Electronic Waste,192
2023-12,WEST VALLEY,Graffiti Removal,1040
2023-12,WEST VALLEY,Homeless Encampment,197
2023-12,WEST VALLEY,Illegal Dumping Pickup,369
2023-12,WEST VALLEY,Metal/Household Appliances,433
2023-12,WEST VALLEY,Multiple Streetlight Issue,81
2023-12,WEST VALLEY,Single Streetlight Issue,52
2023-12,WILSHIRE,Bulky Items,2158
2023-12,WILSHIRE,Dead Animal Removal,66
2023-12,WILSHIRE,Electronic Waste,129
2023-12,WILSHIRE,Graffiti Removal,1112
2023-12,WILSHIRE,Homeless Encampment,231
2023-12,WILSHIRE,Illegal Dumping Pickup,262
2023-12,WILSHIRE,Metal/Household Appliances,367
2023-12,WILSHIRE,Multiple Streetlight Issue,81
2023-12,WILSHIRE,Single Streetlight Issue,71
2024-01,77TH STREET,Bulky Items,3121
2024-01,77TH STREET,Dead Animal Removal,188
2024-01,77TH STREET,Electronic Waste,189
2024-01,77TH STREET,Graffiti Removal,914
2024-01,77TH STREET,Homeless Encampment,272
2024-01,77TH STREET,Illegal Dumping Pickup,830
2024-01,77TH STREET,Metal/Household Appliances,439
2024-01,77TH STREET,Multiple Streetlight Issue,183
2024-01,77TH STREET,Single Streetlight Issue,99
2024-01,CENTRAL,Bulky Items,376
2024-01,CENTRAL,Dead Animal Removal,20
2024-01,CENTRAL,Electronic Waste,26
2024-01,CENTRAL,Graffiti Removal,1730
2024-01,CENTRAL,Homeless Encampment,165
2024-01,CENTRAL,Illegal Dumping Pickup,76
2024-01,CENTRAL,Metal/Household Appliances,48
2024-01,CENTRAL,Multiple Streetlight Issue,137
2024-01,CENTRAL,Single Streetlight Issue,48
2024-01,DEVONSHIRE,Bulky Items,4036
2024-01,DEVONSHIRE,Dead Animal Removal,307
2024-01,DEVONSHIRE,Electronic Waste,250
2024-01,DEVONSHIRE,Graffiti Removal,807
2024-01,DEVONSHIRE,Homeless Encampment,238
2024-01,DEVONSHIRE,Illegal Dumping Pickup,376
2024-01,DEVONSHIRE,Metal/Household Appliances,777
2024-01,DEVONSHIRE,Multiple Streetlight Issue,83
2024-01,DEVONSHIRE,Single Streetlight Issue,79
2024-01,FOOTHILL,Bulky Items,2975
2024-01,FOOTHILL,Dead Animal Removal,118
2024-01,FOOTHILL,Electronic Waste,211
2024-01,FOOTHILL,Graffiti Removal,500
2024-01,FOOTHILL,Homeless Encampment,391
2024-01,FOOTHILL,Illegal Dumping Pickup,509
2024-01,FOOTHILL,Metal/Household Appliances,444
2024-01,FOOTHILL,Multiple Streetlight Issue,186
2024-01,FOOTHILL,Single Streetlight Issue,49
2024-01,HARBOR,Bulky Items,3099
2024-01,HARBOR,Dead Animal Removal,159
2024-01,HARBOR,Electronic Waste,195
2024-01,HARBOR,Graffiti Removal,1376
2024-01,HARBOR,Homeless Encampment,131
2024-01,HARBOR,Illegal Dumping Pickup,404
2024-01,HARBOR,Metal/Household Appliances,664
2024-01,HARBOR,Multiple Streetlight Issue,35
2024-01,HARBOR,Single Streetlight Issue,54
2024-01,HOLLENBECK,Bulky Items,2362
2024-01,HOLLENBECK,Dead Animal Removal,121
2024-01,HOLLENBECK,Electronic Waste,156
2024-01,HOLLENBECK,Graffiti Removal,3219
2024-01,HOLLENBECK,Homeless Encampment,254
2024-01,HOLLENBECK,Illegal Dumping Pickup,352
2024-01,HOLLENBECK,Metal/Household Appliances,289
2024-01,HOLLENBECK,Multiple Streetlight Issue,165
2024-01,HOLLENBECK,Single Streetlight Issue,93
2024-01,HOLLYWOOD,Bulky Items,2374
2024-01,HOLLYWOOD,Dead Animal Removal,36
2024-01,HOLLYWOOD,Electronic Waste,138
2024-01,HOLLYWOOD,Graffiti Removal,1319
2024-01,HOLLYWOOD,Homeless Encampment,413
2024-01,HOLLYWOOD,Illegal Dumping Pickup,274
2024-01,HOLLYWOOD,Metal/Household Appliances,310
2024-01,HOLLYWOOD,Multiple Streetlight Issue,64
2024-01,HOLLYWOOD,Single Streetlight Issue,80
2024-01,MISSION,Bulky Items,3539
2024-01,MISSION,Dead Animal Removal,173
2024-01,MISSION,Electronic Waste,225
2024-01,MISSION,Graffiti Removal,1280
2024-01,MISSION,Homeless Encampment,242
2024-01,MISSION,Illegal Dumping Pickup,560
2024-01,MISSION,Metal/Household Appliances,540
2024-01,MISSION,Multiple Streetlight Issue,208
2024-01,MISSION,Single Streetlight Issue,115
2024-01,NEWTON,Bulky Items,1735
2024-01,NEWTON,Dead Animal Removal,119
2024-01,NEWTON,Electronic Waste,97
2024-01,NEWTON,Graffiti Removal,1001
2024-01,NEWTON,Homeless Encampment,421
2024-01,NEWTON,Illegal Dumping Pickup,555
2024-01,NEWTON,Metal/Household Appliances,209
2024-01,NEWTON,Multiple Streetlight Issue,158
2024-01,NEWTON,Single Streetlight Issue,76
2024-01,NORTH HOLLYWOOD,Bulky Items,4111
2024-01,NORTH HOLLYWOOD,Dead Animal Removal,98
2024-01,NORTH HOLLYWOOD,Electronic Waste,192
2024-01,NORTH HOLLYWOOD,Graffiti Removal,1520
2024-01,NORTH HOLLYWOOD,Homeless Encampment,503
2024-01,NORTH HOLLYWOOD,Illegal Dumping Pickup,439
2024-01,NORTH HOLLYWOOD,Metal/Household Appliances,506
2024-01,NORTH HOLLYWOOD,Multiple Streetlight Issue,103
2024-01,NORTH HOLLYWOOD,Single Streetlight Issue,57
2024-01,NORTHEAST,Bulky Items,4936
2024-01,NORTHEAST,Dead Animal Removal,133
2024-01,NORTHEAST,Electronic Waste,320
2024-01,NORTHEAST,Graffiti Removal,1569
2024-01,NORTHEAST,Homeless Encampment,399
2024-01,NORTHEAST,Illegal Dumping Pickup,456
2024-01,NORTHEAST,Metal/Household Appliances,775
2024-01,NORTHEAST,Multiple Streetlight Issue,56
2024-01,NORTHEAST,Single Streetlight Issue,73
2024-01,OLYMPIC,Bulky Items,2152
2024-01,OLYMPIC,Dead Animal Removal,52
2024-01,OLYMPIC,Electronic Waste,118
2024-01,OLYMPIC,Graffiti Removal,1732
2024-01,OLYMPIC,Homeless Encampment,369
2024-01,OLYMPIC,Illegal Dumping Pickup,322
2024-01,OLYMPIC,Metal/Household Appliances,255
2024-01,OLYMPIC,Multiple Streetlight Issue,74
2024-01,OLYMPIC,Single Streetlight Issue,81
2024-01,PACIFIC,Bulky Items,3756
2024-01,PACIFIC,Dead Animal Removal,104
2024-01,PACIFIC,Electronic Waste,206
2024-01,PACIFIC,Graffiti Removal,1043
2024-01,PACIFIC,Homeless Encampment,572
2024-01,PACIFIC,Illegal Dumping Pickup,381
2024-01,PACIFIC,Metal/Household Appliances,532
2024-01,PACIFIC,Multiple Streetlight Issue,44
2024-01,PACIFIC,Single Streetlight Issue,66
2024-01,RAMPART,Bulky Items,1911
2024-01,RAMPART,Dead Animal Removal,46
2024-01,RAMPART,Electronic Waste,89
2024-01,RAMPART,Graffiti Removal,2494
2024-01,RAMPART,Homeless Encampment,840
2024-01,RAMPART,Illegal Dumping Pickup,356
2024-01,RAMPART,Metal/Household Appliances,221
2024-01,RAMPART,Multiple Streetlight Issue,162
2024-01,RAMPART,Single Streetlight Issue,81
2024-01,SOUTHEAST,Bulky Items,1844
2024-01,SOUTHEAST,Dead Animal Removal,180
2024-01,SOUTHEAST,Electronic Waste,86
2024-01,SOUTHEAST,Graffiti Removal,1212
2024-01,SOUTHEAST,Homeless Encampment,184
2024-01,SOUTHEAST,Illegal Dumping Pickup,719
2024-01,SOUTHEAST,Metal/Household Appliances,263
2024-01,SOUTHEAST,Multiple Streetlight Issue,98
2024-01,SOUTHEAST,Single Streetlight Issue,61
2024-01,SOUTHWEST,Bulky Items,2954
2024-01,SOUTHWEST,Dead Animal Removal,109
2024-01,SOUTHWEST,Electronic Waste,178
2024-01,SOUTHWEST,Graffiti Removal,849
2024-01,SOUTHWEST,Homeless Encampment,182
2024-01,SOUTHWEST,Illegal Dumping Pickup,611
2024-01,SOUTHWEST,Metal/Household Appliances,428
2024-01,SOUTHWEST,Multiple Streetlight Issue,80
2024-01,SOUTHWEST,Single Streetlight Issue,97
2024-01,TOPANGA,Bulky Items,3256
2024-01,TOPANGA,Dead Animal Removal,154
2024-01,TOPANGA,Electronic Waste,210
2024-01,TOPANGA,Graffiti Removal,503
2024-01,TOPANGA,Homeless Encampment,246
2024-01,TOPANGA,Illegal Dumping Pickup,301
2024-01,TOPANGA,Metal/Household Appliances,566
2024-01,TOPANGA,Multiple Streetlight Issue,62
2024-01,TOPANGA,Single Streetlight Issue,58
2024-01,VAN NUYS,Bulky Items,3479
2024-01,VAN NUYS,Dead Animal Removal,91
2024-01,VAN NUYS,Electronic Waste,175
2024-01,VAN NUYS,Graffiti Removal,863
2024-01,VAN NUYS,Homeless Encampment,186
2024-01,VAN NUYS,Illegal Dumping Pickup,372
2024-01,VAN NUYS,Metal/Household Appliances,464
2024-01,VAN NUYS,Multiple Streetlight Issue,59
2024-01,VAN NUYS,Single Streetlight Issue,54
2024-01,WEST LOS ANGELES,Bulky Items,3529
2024-01,WEST LOS ANGELES,Dead Animal Removal,102
2024-01,WEST LOS ANGELES,Electronic Waste,193
2024-01,WEST LOS ANGELES,Graffiti Removal,620
2024-01,WEST LOS ANGELES,Homeless Encampment,326
2024-01,WEST LOS ANGELES,Illegal Dumping Pickup,244
2024-01,WEST LOS ANGELES,Metal/Household Appliances,566
2024-01,WEST LOS ANGELES,Multiple Streetlight Issue,78
2024-01,WEST LOS ANGELES,Single Streetlight Issue,103
2024-01,WEST VALLEY,Bulky Items,3490
2024-01,WEST VALLEY,Dead Animal Removal,190
2024-01,WEST VALLEY,Electronic Waste,193
2024-01,WEST VALLEY,Graffiti Removal,1136
2024-01,WEST VALLEY,Homeless Encampment,287
2024-01,WEST VALLEY,Illegal Dumping Pickup,398
2024-01,WEST VALLEY,Metal/Household Appliances,559
2024-01,WEST VALLEY,Multiple Streetlight Issue,46
2024-01,WEST VALLEY,Single Streetlight Issue,59
2024-01,WILSHIRE,Bulky Items,2826
2024-01,WILSHIRE,Dead Animal Removal,78
2024-01,WILSHIRE,Electronic Waste,162
2024-01,WILSHIRE,Graffiti Removal,1208
2024-01,WILSHIRE,Homeless Encampment,304
2024-01,WILSHIRE,Illegal Dumping Pickup,347
2024-01,WILSHIRE,Metal/Household Appliances,452
2024-01,WILSHIRE,Multiple Streetlight Issue,100
2024-01,WILSHIRE,Single Streetlight Issue,95
2024-02,77TH STREET,Bulky Items,2423
2024-02,77TH STREET,Dead Animal Removal,180
2024-02,77TH STREET,Electronic Waste,123
2024-02,77TH STREET,Graffiti Removal,899
2024-02,77TH STREET,Homeless Encampment,211
2024-02,77TH STREET,Illegal Dumping Pickup,673
2024-02,77TH STREET,Metal/Household Appliances,368
2024-02,77TH STREET,Multiple Streetlight Issue,151
2024-02,77TH STREET,Single Streetlight Issue,94
2024-02,CENTRAL,Bulky Items,276
2024-02,CENTRAL,Dead Animal Removal,17
2024-02,CENTRAL,Electronic Waste,18
2024-02,CENTRAL,Graffiti Removal,1741
2024-02,CENTRAL,Homeless Encampment,174
2024-02,CENTRAL,Illegal Dumping Pickup,93
2024-02,CENTRAL,Metal/Household Appliances,39
2024-02,CENTRAL,Multiple Streetlight Issue,57
2024-02,CENTRAL,Single Streetlight Issue,123
2024-02,DEVONSHIRE,Bulky Items,2643
2024-02,DEVONSHIRE,Dead Animal Removal,215
2024-02,DEVONSHIRE,Electronic Waste,169
2024-02,DEVONSHIRE,Graffiti Removal,678
2024-02,DEVONSHIRE,Homeless Encampment,242
2024-02,DEVONSHIRE,Illegal Dumping Pickup,268
2024-02,DEVONSHIRE,Metal/Household Appliances,589
2024-02,DEVONSHIRE,Multiple Streetlight Issue,69
2024-02,DEVONSHIRE,Single Streetlight Issue,83
2024-02,FOOTHILL,Bulky Items,2422
2024-02,FOOTHILL,Dead Animal Removal,109
2024-02,FOOTHILL,Electronic Waste,157
2024-02,FOOTHILL,Graffiti Removal,493
2024-02,FOOTHILL,Homeless Encampment,378
2024-02,FOOTHILL,Illegal Dumping Pickup,414
2024-02,FOOTHILL,Metal/Household Appliances,378
2024-02,FOOTHILL,Multiple Streetlight Issue,92
2024-02,FOOTHILL,Single Streetlight Issue,62
2024-02,HARBOR,Bulky Items,2131
2024-02,HARBOR,Dead Animal Removal,122
2024-02,HARBOR,Electronic Waste,136
2024-02,HARBOR,Graffiti Removal,1161
2024-02,HARBOR,Homeless Encampment,100
2024-02,HARBOR,Illegal Dumping Pickup,290
2024-02,HARBOR,Metal/Household Appliances,513
2024-02,HARBOR,Multiple Streetlight Issue,34
2024-02,HARBOR,Single Streetlight Issue,62
2024-02,HOLLENBECK,Bulky Items,1827
2024-02,HOLLENBECK,Dead Animal Removal,85
2024-02,HOLLENBECK,Electronic Waste,128
2024-02,HOLLENBECK,Graffiti Removal,2696
2024-02,HOLLENBECK,Homeless Encampment,235
2024-02,HOLLENBECK,Illegal Dumping Pickup,271
2024-02,HOLLENBECK,Metal/Household Appliances,276
2024-02,HOLLENBECK,Multiple Streetlight Issue,150
2024-02,HOLLENBECK,Single Streetlight Issue,73
2024-02,HOLLYWOOD,Bulky Items,1746
2024-02,HOLLYWOOD,Dead Animal Removal,28
2024-02,HOLLYWOOD,Electronic Waste,107
2024-02,HOLLYWOOD,Graffiti Removal,1158
2024-02,HOLLYWOOD,Homeless Encampment,396
2024-02,HOLLYWOOD,Illegal Dumping Pickup,236
2024-02,HOLLYWOOD,Metal/Household Appliances,290
2024-02,HOLLYWOOD,Multiple Streetlight Issue,81
2024-02,HOLLYWOOD,Single Streetlight Issue,90
2024-02,MISSION,Bulky Items,2873
2024-02,MISSION,Dead Animal Removal,133
2024-02,MISSION,Electronic Waste,173
2024-02,MISSION,Graffiti Removal,1101
2024-02,MISSION,Homeless Encampment,264
2024-02,MISSION,Illegal Dumping Pickup,513
2024-02,MISSION,Metal/Household Appliances,505
2024-02,MISSION,Multiple Streetlight Issue,175
2024-02,MISSION,Single Streetlight Issue,90
2024-02,NEWTON,Bulky Items,1406
2024-02,NEWTON,Dead Animal Removal,111
2024-02,NEWTON,Electronic Waste,57
2024-02,NEWTON,Graffiti Removal,867
2024-02,NEWTON,Homeless Encampment,313
2024-02,NEWTON,Illegal Dumping Pickup,504
2024-02,NEWTON,Metal/Household Appliances,189
2024-02,NEWTON,Multiple Streetlight Issue,163
2024-02,NEWTON,Single Streetlight Issue,115
2024-02,NORTH HOLLYWOOD,Bulky Items,2874
2024-02,NORTH HOLLYWOOD,Dead Animal Removal,70
2024-02,NORTH HOLLYWOOD,Electronic Waste,131
2024-02,NORTH HOLLYWOOD,Graffiti Removal,1137
2024-02,NORTH HOLLYWOOD,Homeless Encampment,417
2024-02,NORTH HOLLYWOOD,Illegal Dumping Pickup,388
2024-02,NORTH HOLLYWOOD,Metal/Household Appliances,460
2024-02,NORTH HOLLYWOOD,Multiple Streetlight Issue,78
2024-02,NORTH HOLLYWOOD,Single Streetlight Issue,110
2024-02,NORTHEAST,Bulky Items,3039
2024-02,NORTHEAST,Dead Animal Removal,98
2024-02,NORTHEAST,Electronic Waste,232
2024-02,NORTHEAST,Graffiti Removal,1238
2024-02,NORTHEAST,Homeless Encampment,358
2024-02,NORTHEAST,Illegal Dumping Pickup,350
2024-02,NORTHEAST,Metal/Household Appliances,549
2024-02,NORTHEAST,Multiple Streetlight Issue,41
2024-02,NORTHEAST,Single Streetlight Issue,58
2024-02,OLYMPIC,Bulky Items,1709
2024-02,OLYMPIC,Dead Animal Removal,47
2024-02,OLYMPIC,Electronic Waste,91
2024-02,OLYMPIC,Graffiti Removal,1812
2024-02,OLYMPIC,Homeless Encampment,351
2024-02,OLYMPIC,Illegal Dumping Pickup,254
2024-02,OLYMPIC,Metal/Household Appliances,206
2024-02,OLYMPIC,Multiple Streetlight Issue,83
2024-02,OLYMPIC,Single Streetlight Issue,60
2024-02,PACIFIC,Bulky Items,2454
2024-02,PACIFIC,Dead Animal Removal,59
2024-02,PACIFIC,Electronic Waste,139
2024-02,PACIFIC,Graffiti Removal,953
2024-02,PACIFIC,Homeless Encampment,366
2024-02,PACIFIC,Illegal Dumping Pickup,272
2024-02,PACIFIC,Metal/Household Appliances,416
2024-02,PACIFIC,Multiple Streetlight Issue,37
2024-02,PACIFIC,Single Streetlight Issue,52
2024-02,RAMPART,Bulky Items,1364
2024-02,RAMPART,Dead Animal Removal,30
2024-02,RAMPART,Electronic Waste,71
2024-02,RAMPART,Graffiti Removal,1865
2024-02,RAMPART,Homeless Encampment,514
2024-02,RAMPART,Illegal Dumping Pickup,313
2024-02,RAMPART,Metal/Household Appliances,180
2024-02,RAMPART,Multiple Streetlight Issue,118
2024-02,RAMPART,Single Streetlight Issue,55
2024-02,SOUTHEAST,Bulky Items,1683
2024-02,SOUTHEAST,Dead Animal Removal,115
2024-02,SOUTHEAST,Electronic Waste,87
2024-02,SOUTHEAST,Graffiti Removal,1051
2024-02,SOUTHEAST,Homeless Encampment,141
2024-02,SOUTHEAST,Illegal Dumping Pickup,496
2024-02,SOUTHEAST,Metal/Household Appliances,238
2024-02,SOUTHEAST,Multiple Streetlight Issue,89
2024-02,SOUTHEAST,Single Streetlight Issue,63
2024-02,SOUTHWEST,Bulky Items,2147
2024-02,SOUTHWEST,Dead Animal Removal,113
2024-02,SOUTHWEST,Electronic Waste,121
2024-02,SOUTHWEST,Graffiti Removal,831
2024-02,SOUTHWEST,Homeless Encampment,144
2024-02,SOUTHWEST,Illegal Dumping Pickup,581
2024-02,SOUTHWEST,Metal/Household Appliances,346
2024-02,SOUTHWEST,Multiple Streetlight Issue,89
2024-02,SOUTHWEST,Single Streetlight Issue,68
2024-02,TOPANGA,Bulky Items,2431
2024-02,TOPANGA,Dead Animal Removal,88
2024-02,TOPANGA,Electronic Waste,168
2024-02,TOPANGA,Graffiti Removal,438
2024-02,TOPANGA,Homeless Encampment,249
2024-02,TOPANGA,Illegal Dumping Pickup,212
2024-02,TOPANGA,Metal/Household Appliances,533
2024-02,TOPANGA,Multiple Streetlight Issue,48
2024-02,TOPANGA,Single Streetlight Issue,49
2024-02,VAN NUYS,Bulky Items,2399
2024-02,VAN NUYS,Dead Animal Removal,66
2024-02,VAN NUYS,Electronic Waste,129
2024-02,VAN NUYS,Graffiti Removal,984
2024-02,VAN NUYS,Homeless Encampment,191
2024-02,VAN NUYS,Illegal Dumping Pickup,382
2024-02,VAN NUYS,Metal/Household Appliances,390
2024-02,VAN NUYS,Multiple Streetlight Issue,44
2024-02,VAN NUYS,Single Streetlight Issue,38
2024-02,WEST LOS ANGELES,Bulky Items,2259
2024-02,WEST LOS ANGELES,Dead Animal Removal,68
2024-02,WEST LOS ANGELES,Electronic Waste,133
2024-02,WEST LOS ANGELES,Graffiti Removal,652
2024-02,WEST LOS ANGELES,Homeless Encampment,274
2024-02,WEST LOS ANGELES,Illegal Dumping Pickup,223
2024-02,WEST LOS ANGELES,Metal/Household Appliances,450
2024-02,WEST LOS ANGELES,Multiple Streetlight Issue,69
2024-02,WEST LOS ANGELES,Single Streetlight Issue,78
2024-02,WEST VALLEY,Bulky Items,2499
2024-02,WEST VALLEY,Dead Animal Removal,103
2024-02,WEST VALLEY,Electronic Waste,145
2024-02,WEST VALLEY,Graffiti Removal,881
2024-02,WEST VALLEY,Homeless Encampment,252
2024-02,WEST VALLEY,Illegal Dumping Pickup,309
2024-02,WEST VALLEY,Metal/Household Appliances,498
2024-02,WEST VALLEY,Multiple Streetlight Issue,33
2024-02,WEST VALLEY,Single Streetlight Issue,43
2024-02,WILSHIRE,Bulky Items,2029
2024-02,WILSHIRE,Dead Animal Removal,57
2024-02,WILSHIRE,Electronic Waste,106
2024-02,WILSHIRE,Graffiti Removal,948
2024-02,WILSHIRE,Homeless Encampment,301
2024-02,WILSHIRE,Illegal Dumping Pickup,285
2024-02,WILSHIRE,Metal/Household Appliances,358
2024-02,WILSHIRE,Multiple Streetlight Issue,84
2024-02,WILSHIRE,Single Streetlight Issue,109
2024-03,77TH STREET,Bulky Items,3280
2024-03,77TH STREET,Dead Animal Removal,175
2024-03,77TH STREET,Electronic Waste,186
2024-03,77TH STREET,Graffiti Removal,906
2024-03,77TH STREET,Homeless Encampment,229
2024-03,77TH STREET,Illegal Dumping Pickup,948
2024-03,77TH STREET,Metal/Household Appliances,510
2024-03,77TH STREET,Multiple Streetlight Issue,118
2024-03,77TH STREET,Single Streetlight Issue,93
2024-03,CENTRAL,Bulky Items,362
2024-03,CENTRAL,Dead Animal Removal,21
2024-03,CENTRAL,Electronic Waste,20
2024-03,CENTRAL,Graffiti Removal,1398
2024-03,CENTRAL,Homeless Encampment,217
2024-03,CENTRAL,Illegal Dumping Pickup,165
2024-03,CENTRAL,Metal/Household Appliances,57
2024-03,CENTRAL,Multiple Streetlight Issue,56
2024-03,CENTRAL,Single Streetlight Issue,183
2024-03,DEVONSHIRE,Bulky Items,3497
2024-03,DEVONSHIRE,Dead Animal Removal,195
2024-03,DEVONSHIRE,Electronic Waste,242
2024-03,DEVONSHIRE,Graffiti Removal,676
2024-03,DEVONSHIRE,Homeless Encampment,210
2024-03,DEVONSHIRE,Illegal Dumping Pickup,334
2024-03,DEVONSHIRE,Metal/Household Appliances,768
2024-03,DEVONSHIRE,Multiple Streetlight Issue,52
2024-03,DEVONSHIRE,Single Streetlight Issue,98
2024-03,FOOTHILL,Bulky Items,3088
2024-03,FOOTHILL,Dead Animal Removal,126
2024-03,FOOTHILL,Electronic Waste,211
2024-03,FOOTHILL,Graffiti Removal,631
2024-03,FOOTHILL,Homeless Encampment,433
2024-03,FOOTHILL,Illegal Dumping Pickup,505
2024-03,FOOTHILL,Metal/Household Appliances,525
2024-03,FOOTHILL,Multiple Streetlight Issue,97
2024-03,FOOTHILL,Single Streetlight Issue,94
2024-03,HARBOR,Bulky Items,2760
2024-03,HARBOR,Dead Animal Removal,120
2024-03,HARBOR,Electronic Waste,168
2024-03,HARBOR,Graffiti Removal,1301
2024-03,HARBOR,Homeless Encampment,141
2024-03,HARBOR,Illegal Dumping Pickup,310
2024-03,HARBOR,Metal/Household Appliances,671
2024-03,HARBOR,Multiple Streetlight Issue,21
2024-03,HARBOR,Single Streetlight Issue,45
2024-03,HOLLENBECK,Bulky Items,2329
2024-03,HOLLENBECK,Dead Animal Removal,89
2024-03,HOLLENBECK,Electronic Waste,168
2024-03,HOLLENBECK,Graffiti Removal,2586
2024-03,HOLLENBECK,Homeless Encampment,242
2024-03,HOLLENBECK,Illegal Dumping Pickup,349
2024-03,HOLLENBECK,Metal/Household Appliances,339
2024-03,HOLLENBECK,Multiple Streetlight Issue,177
2024-03,HOLLENBECK,Single Streetlight Issue,110
2024-03,HOLLYWOOD,Bulky Items,1837
2024-03,HOLLYWOOD,Dead Animal Removal,30
2024-03,HOLLYWOOD,Electronic Waste,101
2024-03,HOLLYWOOD,Graffiti Removal,1314
2024-03,HOLLYWOOD,Homeless Encampment,401
2024-03,HOLLYWOOD,Illegal Dumping Pickup,243
2024-03,HOLLYWOOD,Metal/Household Appliances,288
2024-03,HOLLYWOOD,Multiple Streetlight Issue,56
2024-03,HOLLYWOOD,Single Streetlight Issue,65
2024-03,MISSION,Bulky Items,3311
2024-03,MISSION,Dead Animal Removal,145
2024-03,MISSION,Electronic Waste,231
2024-03,MISSION,Graffiti Removal,1780
2024-03,MISSION,Homeless Encampment,252
2024-03,MISSION,Illegal Dumping Pickup,497
2024-03,MISSION,Metal/Household Appliances,564
2024-03,MISSION,Multiple Streetlight Issue,223
2024-03,MISSION,Single Streetlight Issue,170
2024-03,NEWTON,Bulky Items,1747
2024-03,NEWTON,Dead Animal Removal,114
2024-03,NEWTON,Electronic Waste,82
2024-03,NEWTON,Graffiti Removal,916
2024-03,NEWTON,Homeless Encampment,447
2024-03,NEWTON,Illegal Dumping Pickup,621
2024-03,NEWTON,Metal/Household Appliances,227
2024-03,NEWTON,Multiple Streetlight Issue,196
2024-03,NEWTON,Single Streetlight Issue,191
2024-03,NORTH HOLLYWOOD,Bulky Items,3304
2024-03,NORTH HOLLYWOOD,Dead Animal Removal,126
2024-03,NORTH HOLLYWOOD,Electronic Waste,179
2024-03,NORTH HOLLYWOOD,Graffiti Removal,1705
2024-03,NORTH HOLLYWOOD,Homeless Encampment,603
2024-03,NORTH HOLLYWOOD,Illegal Dumping Pickup,594
2024-03,NORTH HOLLYWOOD,Metal/Household Appliances,511
2024-03,NORTH HOLLYWOOD,Multiple Streetlight Issue,91
2024-03,NORTH HOLLYWOOD,Single Streetlight Issue,94
2024-03,NORTHEAST,Bulky Items,3826
2024-03,NORTHEAST,Dead Animal Removal,102
2024-03,NORTHEAST,Electronic Waste,254
2024-03,NORTHEAST,Graffiti Removal,1548
2024-03,NORTHEAST,Homeless Encampment,335
2024-03,NORTHEAST,Illegal Dumping Pickup,295
2024-03,NORTHEAST,Metal/Household Appliances,631
2024-03,NORTHEAST,Multiple Streetlight Issue,53
2024-03,NORTHEAST,Single Streetlight Issue,90
2024-03,OLYMPIC,Bulky Items,2086
2024-03,OLYMPIC,Dead Animal Removal,44
2024-03,OLYMPIC,Electronic Waste,98
2024-03,OLYMPIC,Graffiti Removal,1974
2024-03,OLYMPIC,Homeless Encampment,369
2024-03,OLYMPIC,Illegal Dumping Pickup,284
2024-03,OLYMPIC,Metal/Household Appliances,261
2024-03,OLYMPIC,Multiple Streetlight Issue,87
2024-03,OLYMPIC,Single Streetlight Issue,48
2024-03,PACIFIC,Bulky Items,2859
2024-03,PACIFIC,Dead Animal Removal,99
2024-03,PACIFIC,Electronic Waste,161
2024-03,PACIFIC,Graffiti Removal,1096
2024-03,PACIFIC,Homeless Encampment,543
2024-03,PACIFIC,Illegal Dumping Pickup,243
2024-03,PACIFIC,Metal/Household Appliances,569
2024-03,PACIFIC,Multiple Streetlight Issue,32
2024-03,PACIFIC,Single Streetlight Issue,51
2024-03,RAMPART,Bulky Items,1556
2024-03,RAMPART,Dead Animal Removal,40
2024-03,RAMPART,Electronic Waste,74
2024-03,RAMPART,Graffiti Removal,2732
2024-03,RAMPART,Homeless Encampment,735
2024-03,RAMPART,Illegal Dumping Pickup,302
2024-03,RAMPART,Metal/Household Appliances,219
2024-03,RAMPART,Multiple Streetlight Issue,114
2024-03,RAMPART,Single Streetlight Issue,72
2024-03,SOUTHEAST,Bulky Items,1989
2024-03,SOUTHEAST,Dead Animal Removal,130
2024-03,SOUTHEAST,Electronic Waste,111
2024-03,SOUTHEAST,Graffiti Removal,980
2024-03,SOUTHEAST,Homeless Encampment,174
2024-03,SOUTHEAST,Illegal Dumping Pickup,711
2024-03,SOUTHEAST,Metal/Household Appliances,311
2024-03,SOUTHEAST,Multiple Streetlight Issue,80
2024-03,SOUTHEAST,Single Streetlight Issue,90
2024-03,SOUTHWEST,Bulky Items,2836
2024-03,SOUTHWEST,Dead Animal Removal,103
2024-03,SOUTHWEST,Electronic Waste,172
2024-03,SOUTHWEST,Graffiti Removal,898
2024-03,SOUTHWEST,Homeless Encampment,190
2024-03,SOUTHWEST,Illegal Dumping Pickup,579
2024-03,SOUTHWEST,Metal/Household Appliances,424
2024-03,SOUTHWEST,Multiple Streetlight Issue,133
2024-03,SOUTHWEST,Single Streetlight Issue,107
2024-03,TOPANGA,Bulky Items,2730
2024-03,TOPANGA,Dead Animal Removal,123
2024-03,TOPANGA,Electronic Waste,181
2024-03,TOPANGA,Graffiti Removal,414
2024-03,TOPANGA,Homeless Encampment,336
2024-03,TOPANGA,Illegal Dumping Pickup,250
2024-03,TOPANGA,Metal/Household Appliances,621
2024-03,TOPANGA,Multiple Streetlight Issue,36
2024-03,TOPANGA,Single Streetlight Issue,77
2024-03,VAN NUYS,Bulky Items,2719
2024-03,VAN NUYS,Dead Animal Removal,82
2024-03,VAN NUYS,Electronic Waste,148
2024-03,VAN NUYS,Graffiti Removal,809
2024-03,VAN NUYS,Homeless Encampment,319
2024-03,VAN NUYS,Illegal Dumping Pickup,486
2024-03,VAN NUYS,Metal/Household Appliances,430
2024-03,VAN NUYS,Multiple Streetlight Issue,48
2024-03,VAN NUYS,Single Streetlight Issue,53
2024-03,WEST LOS ANGELES,Bulky Items,2504
2024-03,WEST LOS ANGELES,Dead Animal Removal,89
2024-03,WEST LOS ANGELES,Electronic Waste,147
2024-03,WEST LOS ANGELES,Graffiti Removal,674
2024-03,WEST LOS ANGELES,Homeless Encampment,322
2024-03,WEST LOS ANGELES,Illegal Dumping Pickup,212
2024-03,WEST LOS ANGELES,Metal/Household Appliances,509
2024-03,WEST LOS ANGELES,Multiple Streetlight Issue,76
2024-03,WEST LOS ANGELES,Single Streetlight Issue,78
2024-03,WEST VALLEY,Bulky Items,2829
2024-03,WEST VALLEY,Dead Animal Removal,174
2024-03,WEST VALLEY,Electronic Waste,178
2024-03,WEST VALLEY,Graffiti Removal,956
2024-03,WEST VALLEY,Homeless Encampment,284
2024-03,WEST VALLEY,Illegal Dumping Pickup,461
2024-03,WEST VALLEY,Metal/Household Appliances,579
2024-03,WEST VALLEY,Multiple Streetlight Issue,52
2024-03,WEST VALLEY,Single Streetlight Issue,80
2024-03,WILSHIRE,Bulky Items,2217
2024-03,WILSHIRE,Dead Animal Removal,69
2024-03,WILSHIRE,Electronic Waste,137
2024-03,WILSHIRE,Graffiti Removal,1250
2024-03,WILSHIRE,Homeless Encampment,370
2024-03,WILSHIRE,Illegal Dumping Pickup,297
2024-03,WILSHIRE,Metal/Household Appliances,436
2024-03,WILSHIRE,Multiple Streetlight Issue,72
2024-03,WILSHIRE,Single Streetlight Issue,121
2024-04,77TH STREET,Bulky Items,3362
2024-04,77TH STREET,Dead Animal Removal,232
2024-04,77TH STREET,Electronic Waste,206
2024-04,77TH STREET,Graffiti Removal,1080
2024-04,77TH STREET,Homeless Encampment,273
2024-04,77TH STREET,Illegal Dumping Pickup,1025
2024-04,77TH STREET,Metal/Household Appliances,550
2024-04,77TH STREET,Multiple Streetlight Issue,90
2024-04,77TH STREET,Single Streetlight Issue,83
2024-04,CENTRAL,Bulky Items,344
2024-04,CENTRAL,Dead Animal Removal,25
2024-04,CENTRAL,Electronic Waste,20
2024-04,CENTRAL,Graffiti Removal,2015
2024-04,CENTRAL,Homeless Encampment,180
2024-04,CENTRAL,Illegal Dumping Pickup,149
2024-04,CENTRAL,Metal/Household Appliances,44
2024-04,CENTRAL,Multiple Streetlight Issue,133
2024-04,CENTRAL,Single Streetlight Issue,53
2024-04,DEVONSHIRE,Bulky Items,3605
2024-04,DEVONSHIRE,Dead Animal Removal,288
2024-04,DEVONSHIRE,Electronic Waste,221
2024-04,DEVONSHIRE,Graffiti Removal,764
2024-04,DEVONSHIRE,Homeless Encampment,303
2024-04,DEVONSHIRE,Illegal Dumping Pickup,326
2024-04,DEVONSHIRE,Metal/Household Appliances,835
2024-04,DEVONSHIRE,Multiple Streetlight Issue,54
2024-04,DEVONSHIRE,Single Streetlight Issue,86
2024-04,FOOTHILL,Bulky Items,2895
2024-04,FOOTHILL,Dead Animal Removal,143
2024-04,FOOTHILL,Electronic Waste,185
2024-04,FOOTHILL,Graffiti Removal,567
2024-04,FOOTHILL,Homeless Encampment,366
2024-04,FOOTHILL,Illegal Dumping Pickup,465
2024-04,FOOTHILL,Metal/Household Appliances,481
2024-04,FOOTHILL,Multiple Streetlight Issue,82
2024-04,FOOTHILL,Single Streetlight Issue,71
2024-04,HARBOR,Bulky Items,2855
2024-04,HARBOR,Dead Animal Removal,150
2024-04,HARBOR,Electronic Waste,187
2024-04,HARBOR,Graffiti Removal,1296
2024-04,HARBOR,Homeless Encampment,130
2024-04,HARBOR,Illegal Dumping Pickup,347
2024-04,HARBOR,Metal/Household Appliances,680
2024-04,HARBOR,Multiple Streetlight Issue,34
2024-04,HARBOR,Single Streetlight Issue,43
2024-04,HOLLENBECK,Bulky Items,2279
2024-04,HOLLENBECK,Dead Animal Removal,119
2024-04,HOLLENBECK,Electronic Waste,136
2024-04,HOLLENBECK,Graffiti Removal,3518
2024-04,HOLLENBECK,Homeless Encampment,409
2024-04,HOLLENBECK,Illegal Dumping Pickup,336
2024-04,HOLLENBECK,Metal/Household Appliances,323
2024-04,HOLLENBECK,Multiple Streetlight Issue,164
2024-04,HOLLENBECK,Single Streetlight Issue,81
2024-04,HOLLYWOOD,Bulky Items,1814
2024-04,HOLLYWOOD,Dead Animal Removal,52
2024-04,HOLLYWOOD,Electronic Waste,101
2024-04,HOLLYWOOD,Graffiti Removal,1452
2024-04,HOLLYWOOD,Homeless Encampment,339
2024-04,HOLLYWOOD,Illegal Dumping Pickup,231
2024-04,HOLLYWOOD,Metal/Household Appliances,299
2024-04,HOLLYWOOD,Multiple Streetlight Issue,26
2024-04,HOLLYWOOD,Single Streetlight Issue,68
2024-04,MISSION,Bulky Items,3451
2024-04,MISSION,Dead Animal Removal,229
2024-04,MISSION,Electronic Waste,220
2024-04,MISSION,Graffiti Removal,1413
2024-04,MISSION,Homeless Encampment,285
2024-04,MISSION,Illegal Dumping Pickup,498
2024-04,MISSION,Metal/Household Appliances,594
2024-04,MISSION,Multiple Streetlight Issue,192
2024-04,MISSION,Single Streetlight Issue,172
2024-04,NEWTON,Bulky Items,1705
2024-04,NEWTON,Dead Animal Removal,135
2024-04,NEWTON,Electronic Waste,110
2024-04,NEWTON,Graffiti Removal,1208
2024-04,NEWTON,Homeless Encampment,497
2024-04,NEWTON,Illegal Dumping Pickup,583
2024-04,NEWTON,Metal/Household Appliances,265
2024-04,NEWTON,Multiple Streetlight Issue,158
2024-04,NEWTON,Single Streetlight Issue,60
2024-04,NORTH HOLLYWOOD,Bulky Items,3536
2024-04,NORTH HOLLYWOOD,Dead Animal Removal,141
2024-04,NORTH HOLLYWOOD,Electronic Waste,179
2024-04,NORTH HOLLYWOOD,Graffiti Removal,1133
2024-04,NORTH HOLLYWOOD,Homeless Encampment,453
2024-04,NORTH HOLLYWOOD,Illegal Dumping Pickup,506
2024-04,NORTH HOLLYWOOD,Metal/Household Appliances,569
2024-04,NORTH HOLLYWOOD,Multiple Streetlight Issue,64
2024-04,NORTH HOLLYWOOD,Single Streetlight Issue,61
2024-04,NORTHEAST,Bulky Items,3940
2024-04,NORTHEAST,Dead Animal Removal,147
2024-04,NORTHEAST,Electronic Waste,244
2024-04,NORTHEAST,Graffiti Removal,1678
2024-04,NORTHEAST,Homeless Encampment,328
2024-04,NORTHEAST,Illegal Dumping Pickup,361
2024-04,NORTHEAST,Metal/Household Appliances,747
2024-04,NORTHEAST,Multiple Streetlight Issue,57
2024-04,NORTHEAST,Single Streetlight Issue,71
2024-04,OLYMPIC,Bulky Items,2017
2024-04,OLYMPIC,Dead Animal Removal,59
2024-04,OLYMPIC,Electronic Waste,82
2024-04,OLYMPIC,Graffiti Removal,1828
2024-04,OLYMPIC,Homeless Encampment,446
2024-04,OLYMPIC,Illegal Dumping Pickup,330
2024-04,OLYMPIC,Metal/Household Appliances,268
2024-04,OLYMPIC,Multiple Streetlight Issue,96
2024-04,OLYMPIC,Single Streetlight Issue,66
2024-04,PACIFIC,Bulky Items,2668
2024-04,PACIFIC,Dead Animal Removal,136
2024-04,PACIFIC,Electronic Waste,157
2024-04,PACIFIC,Graffiti Removal,1108
2024-04,PACIFIC,Homeless Encampment,515
2024-04,PACIFIC,Illegal Dumping Pickup,338
2024-04,PACIFIC,Metal/Household Appliances,589
2024-04,PACIFIC,Multiple Streetlight Issue,21
2024-04,PACIFIC,Single Streetlight Issue,47
2024-04,RAMPART,Bulky Items,1538
2024-04,RAMPART,Dead Animal Removal,56
2024-04,RAMPART,Electronic Waste,84
2024-04,RAMPART,Graffiti Removal,2416
2024-04,RAMPART,Homeless Encampment,472
2024-04,RAMPART,Illegal Dumping Pickup,317
2024-04,RAMPART,Metal/Household Appliances,219
2024-04,RAMPART,Multiple Streetlight Issue,80
2024-04,RAMPART,Single Streetlight Issue,46
2024-04,SOUTHEAST,Bulky Items,1841
2024-04,SOUTHEAST,Dead Animal Removal,155
2024-04,SOUTHEAST,Electronic Waste,110
2024-04,SOUTHEAST,Graffiti Removal,1118
2024-04,SOUTHEAST,Homeless Encampment,185
2024-04,SOUTHEAST,Illegal Dumping Pickup,665
2024-04,SOUTHEAST,Metal/Household Appliances,298
2024-04,SOUTHEAST,Multiple Streetlight Issue,80
2024-04,SOUTHEAST,Single Streetlight Issue,66
2024-04,SOUTHWEST,Bulky Items,2801
2024-04,SOUTHWEST,Dead Animal Removal,169
2024-04,SOUTHWEST,Electronic Waste,178
2024-04,SOUTHWEST,Graffiti Removal,1055
2024-04,SOUTHWEST,Homeless Encampment,142
2024-04,SOUTHWEST,Illegal Dumping Pickup,671
2024-04,SOUTHWEST,Metal/Household Appliances,485
2024-04,SOUTHWEST,Multiple Streetlight Issue,139
2024-04,SOUTHWEST,Single Streetlight Issue,162
2024-04,TOPANGA,Bulky Items,2895
2024-04,TOPANGA,Dead Animal Removal,160
2024-04,TOPANGA,Electronic Waste,178
2024-04,TOPANGA,Graffiti Removal,468
2024-04,TOPANGA,Homeless Encampment,330
2024-04,TOPANGA,Illegal Dumping Pickup,340
2024-04,TOPANGA,Metal/Household Appliances,637
2024-04,TOPANGA,Multiple Streetlight Issue,46
2024-04,TOPANGA,Single Streetlight Issue,62
2024-04,VAN NUYS,Bulky Items,3043
2024-04,VAN NUYS,Dead Animal Removal,118
2024-04,VAN NUYS,Electronic Waste,139
2024-04,VAN NUYS,Graffiti Removal,900
2024-04,VAN NUYS,Homeless Encampment,261
2024-04,VAN NUYS,Illegal Dumping Pickup,383
2024-04,VAN NUYS,Metal/Household Appliances,495
2024-04,VAN NUYS,Multiple Streetlight Issue,39
2024-04,VAN NUYS,Single Streetlight Issue,48
2024-04,WEST LOS ANGELES,Bulky Items,2778
2024-04,WEST LOS ANGELES,Dead Animal Removal,97
2024-04,WEST LOS ANGELES,Electronic Waste,139
2024-04,WEST LOS ANGELES,Graffiti Removal,636
2024-04,WEST LOS ANGELES,Homeless Encampment,376
2024-04,WEST LOS ANGELES,Illegal Dumping Pickup,233
2024-04,WEST LOS ANGELES,Metal/Household Appliances,583
2024-04,WEST LOS ANGELES,Multiple Streetlight Issue,49
2024-04,WEST LOS ANGELES,Single Streetlight Issue,88
2024-04,WEST VALLEY,Bulky Items,3152
2024-04,WEST VALLEY,Dead Animal Removal,173
2024-04,WEST VALLEY,Electronic Waste,174
2024-04,WEST VALLEY,Graffiti Removal,926
2024-04,WEST VALLEY,Homeless Encampment,260
2024-04,WEST VALLEY,Illegal Dumping Pickup,452
2024-04,WEST VALLEY,Metal/Household Appliances,625
2024-04,WEST VALLEY,Multiple Streetlight Issue,35
2024-04,WEST VALLEY,Single Streetlight Issue,39
2024-04,WILSHIRE,Bulky Items,2337
2024-04,WILSHIRE,Dead Animal Removal,113
2024-04,WILSHIRE,Electronic Waste,147
2024-04,WILSHIRE,Graffiti Removal,1148
2024-04,WILSHIRE,Homeless Encampment,339
2024-04,WILSHIRE,Illegal Dumping Pickup,316
2024-04,WILSHIRE,Metal/Household Appliances,436
2024-04,WILSHIRE,Multiple Streetlight Issue,74
2024-04,WILSHIRE,Single Streetlight Issue,116
2024-05,77TH STREET,Bulky Items,3124
2024-05,77TH STREET,Dead Animal Removal,225
2024-05,77TH STREET,Electronic Waste,209
2024-05,77TH STREET,Graffiti Removal,1110
2024-05,77TH STREET,Homeless Encampment,219
2024-05,77TH STREET,Illegal Dumping Pickup,884
2024-05,77TH STREET,Metal/Household Appliances,549
2024-05,77TH STREET,Multiple Streetlight Issue,75
2024-05,77TH STREET,Single Streetlight Issue,73
2024-05,CENTRAL,Bulky Items,324
2024-05,CENTRAL,Dead Animal Removal,40
2024-05,CENTRAL,Electronic Waste,19
2024-05,CENTRAL,Graffiti Removal,1822
2024-05,CENTRAL,Homeless Encampment,171
2024-05,CENTRAL,Illegal Dumping Pickup,101
2024-05,CENTRAL,Metal/Household Appliances,54
2024-05,CENTRAL,Multiple Streetlight Issue,79
2024-05,CENTRAL,Single Streetlight Issue,55
2024-05,DEVONSHIRE,Bulky Items,3568
2024-05,DEVONSHIRE,Dead Animal Removal,334
2024-05,DEVONSHIRE,Electronic Waste,216
2024-05,DEVONSHIRE,Graffiti Removal,685
2024-05,DEVONSHIRE,Homeless Encampment,271
2024-05,DEVONSHIRE,Illegal Dumping Pickup,323
2024-05,DEVONSHIRE,Metal/Household Appliances,865
2024-05,DEVONSHIRE,Multiple Streetlight Issue,39
2024-05,DEVONSHIRE,Single Streetlight Issue,95
2024-05,FOOTHILL,Bulky Items,3575
2024-05,FOOTHILL,Dead Animal Removal,184
2024-05,FOOTHILL,Electronic Waste,205
2024-05,FOOTHILL,Graffiti Removal,625
2024-05,FOOTHILL,Homeless Encampment,392
2024-05,FOOTHILL,Illegal Dumping Pickup,680
2024-05,FOOTHILL,Metal/Household Appliances,582
2024-05,FOOTHILL,Multiple Streetlight Issue,69
2024-05,FOOTHILL,Single Streetlight Issue,57
2024-05,HARBOR,Bulky Items,2549
2024-05,HARBOR,Dead Animal Removal,132
2024-05,HARBOR,Electronic Waste,204
2024-05,HARBOR,Graffiti Removal,1339
2024-05,HARBOR,Homeless Encampment,157
2024-05,HARBOR,Illegal Dumping Pickup,326
2024-05,HARBOR,Metal/Household Appliances,631
2024-05,HARBOR,Multiple Streetlight Issue,49
2024-05,HARBOR,Single Streetlight Issue,48
2024-05,HOLLENBECK,Bulky Items,2251
2024-05,HOLLENBECK,Dead Animal Removal,101
2024-05,HOLLENBECK,Electronic Waste,130
2024-05,HOLLENBECK,Graffiti Removal,3616
2024-05,HOLLENBECK,Homeless Encampment,299
2024-05,HOLLENBECK,Illegal Dumping Pickup,360
2024-05,HOLLENBECK,Metal/Household Appliances,365
2024-05,HOLLENBECK,Multiple Streetlight Issue,154
2024-05,HOLLENBECK,Single Streetlight Issue,87
2024-05,HOLLYWOOD,Bulky Items,2049
2024-05,HOLLYWOOD,Dead Animal Removal,40
2024-05,HOLLYWOOD,Electronic Waste,113
2024-05,HOLLYWOOD,Graffiti Removal,1469
2024-05,HOLLYWOOD,Homeless Encampment,349
2024-05,HOLLYWOOD,Illegal Dumping Pickup,292
2024-05,HOLLYWOOD,Metal/Household Appliances,347
2024-05,HOLLYWOOD,Multiple Streetlight Issue,32
2024-05,HOLLYWOOD,Single Streetlight Issue,51
2024-05,MISSION,Bulky Items,3329
2024-05,MISSION,Dead Animal Removal,213
2024-05,MISSION,Electronic Waste,217
2024-05,MISSION,Graffiti Removal,1069
2024-05,MISSION,Homeless Encampment,277
2024-05,MISSION,Illegal Dumping Pickup,696
2024-05,MISSION,Metal/Household Appliances,579
2024-05,MISSION,Multiple Streetlight Issue,180
2024-05,MISSION,Single Streetlight Issue,103
2024-05,NEWTON,Bulky Items,1739
2024-05,NEWTON,Dead Animal Removal,135
2024-05,NEWTON,Electronic Waste,108
2024-05,NEWTON,Graffiti Removal,1171
2024-05,NEWTON,Homeless Encampment,446
2024-05,NEWTON,Illegal Dumping Pickup,596
2024-05,NEWTON,Metal/Household Appliances,227
2024-05,NEWTON,Multiple Streetlight Issue,75
2024-05,NEWTON,Single Streetlight Issue,55
2024-05,NORTH HOLLYWOOD,Bulky Items,3329
2024-05,NORTH HOLLYWOOD,Dead Animal Removal,150
2024-05,NORTH HOLLYWOOD,Electronic Waste,197
2024-05,NORTH HOLLYWOOD,Graffiti Removal,1489
2024-05,NORTH HOLLYWOOD,Homeless Encampment,510
2024-05,NORTH HOLLYWOOD,Illegal Dumping Pickup,450
2024-05,NORTH HOLLYWOOD,Metal/Household Appliances,544
2024-05,NORTH HOLLYWOOD,Multiple Streetlight Issue,66
2024-05,NORTH HOLLYWOOD,Single Streetlight Issue,57
2024-05,NORTHEAST,Bulky Items,3781
2024-05,NORTHEAST,Dead Animal Removal,173
2024-05,NORTHEAST,Electronic Waste,218
2024-05,NORTHEAST,Graffiti Removal,1504
2024-05,NORTHEAST,Homeless Encampment,313
2024-05,NORTHEAST,Illegal Dumping Pickup,361
2024-05,NORTHEAST,Metal/Household Appliances,733
2024-05,NORTHEAST,Multiple Streetlight Issue,35
2024-05,NORTHEAST,Single Streetlight Issue,48
2024-05,OLYMPIC,Bulky Items,2087
2024-05,OLYMPIC,Dead Animal Removal,80
2024-05,OLYMPIC,Electronic Waste,122
2024-05,OLYMPIC,Graffiti Removal,1796
2024-05,OLYMPIC,Homeless Encampment,500
2024-05,OLYMPIC,Illegal Dumping Pickup,319
2024-05,OLYMPIC,Metal/Household Appliances,308
2024-05,OLYMPIC,Multiple Streetlight Issue,102
2024-05,OLYMPIC,Single Streetlight Issue,118
2024-05,PACIFIC,Bulky Items,2867
2024-05,PACIFIC,Dead Animal Removal,155
2024-05,PACIFIC,Electronic Waste,151
2024-05,PACIFIC,Graffiti Removal,543
2024-05,PACIFIC,Homeless Encampment,543
2024-05,PACIFIC,Illegal Dumping Pickup,290
2024-05,PACIFIC,Metal/Household Appliances,607
2024-05,PACIFIC,Multiple Streetlight Issue,48
2024-05,PACIFIC,Single Streetlight Issue,46
2024-05,RAMPART,Bulky Items,1612
2024-05,RAMPART,Dead Animal Removal,69
2024-05,RAMPART,Electronic Waste,80
2024-05,RAMPART,Graffiti Removal,2325
2024-05,RAMPART,Homeless Encampment,905
2024-05,RAMPART,Illegal Dumping Pickup,348
2024-05,RAMPART,Metal/Household Appliances,230
2024-05,RAMPART,Multiple Streetlight Issue,99
2024-05,RAMPART,Single Streetlight Issue,56
2024-05,SOUTHEAST,Bulky Items,2025
2024-05,SOUTHEAST,Dead Animal Removal,180
2024-05,SOUTHEAST,Electronic Waste,103
2024-05,SOUTHEAST,Graffiti Removal,1119
2024-05,SOUTHEAST,Homeless Encampment,190
2024-05,SOUTHEAST,Illegal Dumping Pickup,676
2024-05,SOUTHEAST,Metal/Household Appliances,332
2024-05,SOUTHEAST,Multiple Streetlight Issue,62
2024-05,SOUTHEAST,Single Streetlight Issue,55
2024-05,SOUTHWEST,Bulky Items,2729
2024-05,SOUTHWEST,Dead Animal Removal,149
2024-05,SOUTHWEST,Electronic Waste,175
2024-05,SOUTHWEST,Graffiti Removal,1104
2024-05,SOUTHWEST,Homeless Encampment,158
2024-05,SOUTHWEST,Illegal Dumping Pickup,606
2024-05,SOUTHWEST,Metal/Household Appliances,481
2024-05,SOUTHWEST,Multiple Streetlight Issue,109
2024-05,SOUTHWEST,Single Streetlight Issue,67
2024-05,TOPANGA,Bulky Items,3293
2024-05,TOPANGA,Dead Animal Removal,157
2024-05,TOPANGA,Electronic Waste,217
2024-05,TOPANGA,Graffiti Removal,517
2024-05,TOPANGA,Homeless Encampment,353
2024-05,TOPANGA,Illegal Dumping Pickup,379
2024-05,TOPANGA,Metal/Household Appliances,699
2024-05,TOPANGA,Multiple Streetlight Issue,71
2024-05,TOPANGA,Single Streetlight Issue,64
2024-05,VAN NUYS,Bulky Items,2946
2024-05,VAN NUYS,Dead Animal Removal,151
2024-05,VAN NUYS,Electronic Waste,136
2024-05,VAN NUYS,Graffiti Removal,934
2024-05,VAN NUYS,Homeless Encampment,233
2024-05,VAN NUYS,Illegal Dumping Pickup,400
2024-05,VAN NUYS,Metal/Household Appliances,494
2024-05,VAN NUYS,Multiple Streetlight Issue,39
2024-05,VAN NUYS,Single Streetlight Issue,51
2024-05,WEST LOS ANGELES,Bulky Items,2849
2024-05,WEST LOS ANGELES,Dead Animal Removal,114
2024-05,WEST LOS ANGELES,Electronic Waste,153
2024-05,WEST LOS ANGELES,Graffiti Removal,411
2024-05,WEST LOS ANGELES,Homeless Encampment,444
2024-05,WEST LOS ANGELES,Illegal Dumping Pickup,229
2024-05,WEST LOS ANGELES,Metal/Household Appliances,670
2024-05,WEST LOS ANGELES,Multiple Streetlight Issue,62
2024-05,WEST LOS ANGELES,Single Streetlight Issue,49
2024-05,WEST VALLEY,Bulky Items,3209
2024-05,WEST VALLEY,Dead Animal Removal,208
2024-05,WEST VALLEY,Electronic Waste,189
2024-05,WEST VALLEY,Graffiti Removal,1042
2024-05,WEST VALLEY,Homeless Encampment,331
2024-05,WEST VALLEY,Illegal Dumping Pickup,471
2024-05,WEST VALLEY,Metal/Household Appliances,638
2024-05,WEST VALLEY,Multiple Streetlight Issue,52
2024-05,WEST VALLEY,Single Streetlight Issue,56
2024-05,WILSHIRE,Bulky Items,2480
2024-05,WILSHIRE,Dead Animal Removal,103
2024-05,WILSHIRE,Electronic Waste,155
2024-05,WILSHIRE,Graffiti Removal,579
2024-05,WILSHIRE,Homeless Encampment,309
2024-05,WILSHIRE,Illegal Dumping Pickup,308
2024-05,WILSHIRE,Metal/Household Appliances,441
2024-05,WILSHIRE,Multiple Streetlight Issue,76
2024-05,WILSHIRE,Single Streetlight Issue,124
2024-06,77TH STREET,Bulky Items,2998
2024-06,77TH STREET,Dead Animal Removal,210
2024-06,77TH STREET,Electronic Waste,182
2024-06,77TH STREET,Graffiti Removal,731
2024-06,77TH STREET,Homeless Encampment,240
2024-06,77TH STREET,Illegal Dumping Pickup,827
2024-06,77TH STREET,Metal/Household Appliances,552
2024-06,77TH STREET,Multiple Streetlight Issue,96
2024-06,77TH STREET,Single Streetlight Issue,63
2024-06,CENTRAL,Bulky Items,388
2024-06,CENTRAL,Dead Animal Removal,36
2024-06,CENTRAL,Electronic Waste,13
2024-06,CENTRAL,Graffiti Removal,1428
2024-06,CENTRAL,Homeless Encampment,172
2024-06,CENTRAL,Illegal Dumping Pickup,77
2024-06,CENTRAL,Metal/Household Appliances,43
2024-06,CENTRAL,Multiple Streetlight Issue,132
2024-06,CENTRAL,Single Streetlight Issue,73
2024-06,DEVONSHIRE,Bulky Items,3965
2024-06,DEVONSHIRE,Dead Animal Removal,243
2024-06,DEVONSHIRE,Electronic Waste,241
2024-06,DEVONSHIRE,Graffiti Removal,616
2024-06,DEVONSHIRE,Homeless Encampment,231
2024-06,DEVONSHIRE,Illegal Dumping Pickup,346
2024-06,DEVONSHIRE,Metal/Household Appliances,981
2024-06,DEVONSHIRE,Multiple Streetlight Issue,33
2024-06,DEVONSHIRE,Single Streetlight Issue,73
2024-06,FOOTHILL,Bulky Items,3012
2024-06,FOOTHILL,Dead Animal Removal,168
2024-06,FOOTHILL,Electronic Waste,194
2024-06,FOOTHILL,Graffiti Removal,391
2024-06,FOOTHILL,Homeless Encampment,404
2024-06,FOOTHILL,Illegal Dumping Pickup,495
2024-06,FOOTHILL,Metal/Household Appliances,542
2024-06,FOOTHILL,Multiple Streetlight Issue,67
2024-06,FOOTHILL,Single Streetlight Issue,46
2024-06,HARBOR,Bulky Items,2736
2024-06,HARBOR,Dead Animal Removal,153
2024-06,HARBOR,Electronic Waste,190
2024-06,HARBOR,Graffiti Removal,1078
2024-06,HARBOR,Homeless Encampment,163
2024-06,HARBOR,Illegal Dumping Pickup,346
2024-06,HARBOR,Metal/Household Appliances,751
2024-06,HARBOR,Multiple Streetlight Issue,19
2024-06,HARBOR,Single Streetlight Issue,35
2024-06,HOLLENBECK,Bulky Items,2631
2024-06,HOLLENBECK,Dead Animal Removal,124
2024-06,HOLLENBECK,Electronic Waste,138
2024-06,HOLLENBECK,Graffiti Removal,2862
2024-06,HOLLENBECK,Homeless Encampment,264
2024-06,HOLLENBECK,Illegal Dumping Pickup,338
2024-06,HOLLENBECK,Metal/Household Appliances,373
2024-06,HOLLENBECK,Multiple Streetlight Issue,127
2024-06,HOLLENBECK,Single Streetlight Issue,70
2024-06,HOLLYWOOD,Bulky Items,1875
2024-06,HOLLYWOOD,Dead Animal Removal,38
2024-06,HOLLYWOOD,Electronic Waste,110
2024-06,HOLLYWOOD,Graffiti Removal,1455
2024-06,HOLLYWOOD,Homeless Encampment,328
2024-06,HOLLYWOOD,Illegal Dumping Pickup,276
2024-06,HOLLYWOOD,Metal/Household Appliances,369
2024-06,HOLLYWOOD,Multiple Streetlight Issue,20
2024-06,HOLLYWOOD,Single Streetlight Issue,56
2024-06,MISSION,Bulky Items,3214
2024-06,MISSION,Dead Animal Removal,184
2024-06,MISSION,Electronic Waste,204
2024-06,MISSION,Graffiti Removal,747
2024-06,MISSION,Homeless Encampment,383
2024-06,MISSION,Illegal Dumping Pickup,543
2024-06,MISSION,Metal/Household Appliances,589
2024-06,MISSION,Multiple Streetlight Issue,191
2024-06,MISSION,Single Streetlight Issue,147
2024-06,NEWTON,Bulky Items,1722
2024-06,NEWTON,Dead Animal Removal,146
2024-06,NEWTON,Electronic Waste,87
2024-06,NEWTON,Graffiti Removal,1154
2024-06,NEWTON,Homeless Encampment,398
2024-06,NEWTON,Illegal Dumping Pickup,451
2024-06,NEWTON,Metal/Household Appliances,274
2024-06,NEWTON,Multiple Streetlight Issue,73
2024-06,NEWTON,Single Streetlight Issue,60
2024-06,NORTH HOLLYWOOD,Bulky Items,3480
2024-06,NORTH HOLLYWOOD,Dead Animal Removal,155
2024-06,NORTH HOLLYWOOD,Electronic Waste,183
2024-06,NORTH HOLLYWOOD,Graffiti Removal,1055
2024-06,NORTH HOLLYWOOD,Homeless Encampment,528
2024-06,NORTH HOLLYWOOD,Illegal Dumping Pickup,402
2024-06,NORTH HOLLYWOOD,Metal/Household Appliances,604
2024-06,NORTH HOLLYWOOD,Multiple Streetlight Issue,53
2024-06,NORTH HOLLYWOOD,Single Streetlight Issue,40
2024-06,NORTHEAST,Bulky Items,3927
2024-06,NORTHEAST,Dead Animal Removal,171
2024-06,NORTHEAST,Electronic Waste,282
2024-06,NORTHEAST,Graffiti Removal,1405
2024-06,NORTHEAST,Homeless Encampment,276
2024-06,NORTHEAST,Illegal Dumping Pickup,328
2024-06,NORTHEAST,Metal/Household Appliances,818
2024-06,NORTHEAST,Multiple Streetlight Issue,63
2024-06,NORTHEAST,Single Streetlight Issue,55
2024-06,OLYMPIC,Bulky Items,2124
2024-06,OLYMPIC,Dead Animal Removal,84
2024-06,OLYMPIC,Electronic Waste,105
2024-06,OLYMPIC,Graffiti Removal,1818
2024-06,OLYMPIC,Homeless Encampment,464
2024-06,OLYMPIC,Illegal Dumping Pickup,276
2024-06,OLYMPIC,Metal/Household Appliances,312
2024-06,OLYMPIC,Multiple Streetlight Issue,86
2024-06,OLYMPIC,Single Streetlight Issue,41
2024-06,PACIFIC,Bulky Items,3278
2024-06,PACIFIC,Dead Animal Removal,162
2024-06,PACIFIC,Electronic Waste,181
2024-06,PACIFIC,Graffiti Removal,674
2024-06,PACIFIC,Homeless Encampment,537
2024-06,PACIFIC,Illegal Dumping Pickup,255
2024-06,PACIFIC,Metal/Household Appliances,665
2024-06,PACIFIC,Multiple Streetlight Issue,37
2024-06,PACIFIC,Single Streetlight Issue,64
2024-06,RAMPART,Bulky Items,1716
2024-06,RAMPART,Dead Animal Removal,76
2024-06,RAMPART,Electronic Waste,102
2024-06,RAMPART,Graffiti Removal,2418
2024-06,RAMPART,Homeless Encampment,616
2024-06,RAMPART,Illegal Dumping Pickup,282
2024-06,RAMPART,Metal/Household Appliances,251
2024-06,RAMPART,Multiple Streetlight Issue,78
2024-06,RAMPART,Single Streetlight Issue,50
2024-06,SOUTHEAST,Bulky Items,1803
2024-06,SOUTHEAST,Dead Animal Removal,192
2024-06,SOUTHEAST,Electronic Waste,101
2024-06,SOUTHEAST,Graffiti Removal,882
2024-06,SOUTHEAST,Homeless Encampment,181
2024-06,SOUTHEAST,Illegal Dumping Pickup,562
2024-06,SOUTHEAST,Metal/Household Appliances,329
2024-06,SOUTHEAST,Multiple Streetlight Issue,87
2024-06,SOUTHEAST,Single Streetlight Issue,72
2024-06,SOUTHWEST,Bulky Items,3082
2024-06,SOUTHWEST,Dead Animal Removal,146
2024-06,SOUTHWEST,Electronic Waste,178
2024-06,SOUTHWEST,Graffiti Removal,824
2024-06,SOUTHWEST,Homeless Encampment,185
2024-06,SOUTHWEST,Illegal Dumping Pickup,711
2024-06,SOUTHWEST,Metal/Household Appliances,496
2024-06,SOUTHWEST,Multiple Streetlight Issue,86
2024-06,SOUTHWEST,Single Streetlight Issue,73
2024-06,TOPANGA,Bulky Items,2999
2024-06,TOPANGA,Dead Animal Removal,156
2024-06,TOPANGA,Electronic Waste,174
2024-06,TOPANGA,Graffiti Removal,462
2024-06,TOPANGA,Homeless Encampment,483
2024-06,TOPANGA,Illegal Dumping Pickup,308
2024-06,TOPANGA,Metal/Household Appliances,747
2024-06,TOPANGA,Multiple Streetlight Issue,47
2024-06,TOPANGA,Single Streetlight Issue,82
2024-06,VAN NUYS,Bulky Items,2918
2024-06,VAN NUYS,Dead Animal Removal,125
2024-06,VAN NUYS,Electronic Waste,125
2024-06,VAN NUYS,Graffiti Removal,1115
2024-06,VAN NUYS,Homeless Encampment,298
2024-06,VAN NUYS,Illegal Dumping Pickup,377
2024-06,VAN NUYS,Metal/Household Appliances,561
2024-06,VAN NUYS,Multiple Streetlight Issue,24
2024-06,VAN NUYS,Single Streetlight Issue,44
2024-06,WEST LOS ANGELES,Bulky Items,3101
2024-06,WEST LOS ANGELES,Dead Animal Removal,123
2024-06,WEST LOS ANGELES,Electronic Waste,180
2024-06,WEST LOS ANGELES,Graffiti Removal,376
2024-06,WEST LOS ANGELES,Homeless Encampment,384
2024-06,WEST LOS ANGELES,Illegal Dumping Pickup,201
2024-06,WEST LOS ANGELES,Metal/Household Appliances,634
2024-06,WEST LOS ANGELES,Multiple Streetlight Issue,40
2024-06,WEST LOS ANGELES,Single Streetlight Issue,60
2024-06,WEST VALLEY,Bulky Items,3248
2024-06,WEST VALLEY,Dead Animal Removal,168
2024-06,WEST VALLEY,Electronic Waste,190
2024-06,WEST VALLEY,Graffiti Removal,792
2024-06,WEST VALLEY,Homeless Encampment,340
2024-06,WEST VALLEY,Illegal Dumping Pickup,470
2024-06,WEST VALLEY,Metal/Household Appliances,652
2024-06,WEST VALLEY,Multiple Streetlight Issue,68
2024-06,WEST VALLEY,Single Streetlight Issue,66
2024-06,WILSHIRE,Bulky Items,2381
2024-06,WILSHIRE,Dead Animal Removal,91
2024-06,WILSHIRE,Electronic Waste,137
2024-06,WILSHIRE,Graffiti Removal,654
2024-06,WILSHIRE,Homeless Encampment,311
2024-06,WILSHIRE,Illegal Dumping Pickup,326
2024-06,WILSHIRE,Metal/Household Appliances,455
2024-06,WILSHIRE,Multiple Streetlight Issue,95
2024-06,WILSHIRE,Single Streetlight Issue,64
2024-07,77TH STREET,Bulky Items,3994
2024-07,77TH STREET,Dead Animal Removal,257
2024-07,77TH STREET,Electronic Waste,218
2024-07,77TH STREET,Graffiti Removal,1161
2024-07,77TH STREET,Homeless Encampment,302
2024-07,77TH STREET,Illegal Dumping Pickup,1290
2024-07,77TH STREET,Metal/Household Appliances,706
2024-07,77TH STREET,Multiple Streetlight Issue,105
2024-07,77TH STREET,Single Streetlight Issue,58
2024-07,CENTRAL,Bulky Items,437
2024-07,CENTRAL,Dead Animal Removal,32
2024-07,CENTRAL,Electronic Waste,30
2024-07,CENTRAL,Graffiti Removal,2078
2024-07,CENTRAL,Homeless Encampment,174
2024-07,CENTRAL,Illegal Dumping Pickup,117
2024-07,CENTRAL,Metal/Household Appliances,70
2024-07,CENTRAL,Multiple Streetlight Issue,43
2024-07,CENTRAL,Single Streetlight Issue,31
2024-07,DEVONSHIRE,Bulky Items,4339
2024-07,DEVONSHIRE,Dead Animal Removal,218
2024-07,DEVONSHIRE,Electronic Waste,280
2024-07,DEVONSHIRE,Graffiti Removal,652
2024-07,DEVONSHIRE,Homeless Encampment,293
2024-07,DEVONSHIRE,Illegal Dumping Pickup,419
2024-07,DEVONSHIRE,Metal/Household Appliances,1047
2024-07,DEVONSHIRE,Multiple Streetlight Issue,58
2024-07,DEVONSHIRE,Single Streetlight Issue,56
2024-07,FOOTHILL,Bulky Items,3259
2024-07,FOOTHILL,Dead Animal Removal,172
2024-07,FOOTHILL,Electronic Waste,178
2024-07,FOOTHILL,Graffiti Removal,631
2024-07,FOOTHILL,Homeless Encampment,410
2024-07,FOOTHILL,Illegal Dumping Pickup,608
2024-07,FOOTHILL,Metal/Household Appliances,547
2024-07,FOOTHILL,Multiple Streetlight Issue,67
2024-07,FOOTHILL,Single Streetlight Issue,59
2024-07,HARBOR,Bulky Items,3301
2024-07,HARBOR,Dead Animal Removal,190
2024-07,HARBOR,Electronic Waste,203
2024-07,HARBOR,Graffiti Removal,1472
2024-07,HARBOR,Homeless Encampment,182
2024-07,HARBOR,Illegal Dumping Pickup,455
2024-07,HARBOR,Metal/Household Appliances,762
2024-07,HARBOR,Multiple Streetlight Issue,41
2024-07,HARBOR,Single Streetlight Issue,44
2024-07,HOLLENBECK,Bulky Items,2648
2024-07,HOLLENBECK,Dead Animal Removal,144
2024-07,HOLLENBECK,Electronic Waste,163
2024-07,HOLLENBECK,Graffiti Removal,2952
2024-07,HOLLENBECK,Homeless Encampment,273
2024-07,HOLLENBECK,Illegal Dumping Pickup,428
2024-07,HOLLENBECK,Metal/Household Appliances,428
2024-07,HOLLENBECK,Multiple Streetlight Issue,143
2024-07,HOLLENBECK,Single Streetlight Issue,91
2024-07,HOLLYWOOD,Bulky Items,2313
2024-07,HOLLYWOOD,Dead Animal Removal,72
2024-07,HOLLYWOOD,Electronic Waste,118
2024-07,HOLLYWOOD,Graffiti Removal,1747
2024-07,HOLLYWOOD,Homeless Encampment,426
2024-07,HOLLYWOOD,Illegal Dumping Pickup,320
2024-07,HOLLYWOOD,Metal/Household Appliances,406
2024-07,HOLLYWOOD,Multiple Streetlight Issue,35
2024-07,HOLLYWOOD,Single Streetlight Issue,91
2024-07,MISSION,Bulky Items,3917
2024-07,MISSION,Dead Animal Removal,220
2024-07,MISSION,Electronic Waste,237
2024-07,MISSION,Graffiti Removal,3082
2024-07,MISSION,Homeless Encampment,312
2024-07,MISSION,Illegal Dumping Pickup,656
2024-07,MISSION,Metal/Household Appliances,738
2024-07,MISSION,Multiple Streetlight Issue,195
2024-07,MISSION,Single Streetlight Issue,121
2024-07,NEWTON,Bulky Items,2293
2024-07,NEWTON,Dead Animal Removal,186
2024-07,NEWTON,Electronic Waste,103
2024-07,NEWTON,Graffiti Removal,2483
2024-07,NEWTON,Homeless Encampment,434
2024-07,NEWTON,Illegal Dumping Pickup,644
2024-07,NEWTON,Metal/Household Appliances,338
2024-07,NEWTON,Multiple Streetlight Issue,74
2024-07,NEWTON,Single Streetlight Issue,41
2024-07,NORTH HOLLYWOOD,Bulky Items,3962
2024-07,NORTH HOLLYWOOD,Dead Animal Removal,123
2024-07,NORTH HOLLYWOOD,Electronic Waste,223
2024-07,NORTH HOLLYWOOD,Graffiti Removal,1193
2024-07,NORTH HOLLYWOOD,Homeless Encampment,601
2024-07,NORTH HOLLYWOOD,Illegal Dumping Pickup,515
2024-07,NORTH HOLLYWOOD,Metal/Household Appliances,709
2024-07,NORTH HOLLYWOOD,Multiple Streetlight Issue,59
2024-07,NORTH HOLLYWOOD,Single Streetlight Issue,49
2024-07,NORTHEAST,Bulky Items,4617
2024-07,NORTHEAST,Dead Animal Removal,186
2024-07,NORTHEAST,Electronic Waste,323
2024-07,NORTHEAST,Graffiti Removal,1613
2024-07,NORTHEAST,Homeless Encampment,317
2024-07,NORTHEAST,Illegal Dumping Pickup,404
2024-07,NORTHEAST,Metal/Household Appliances,976
2024-07,NORTHEAST,Multiple Streetlight Issue,36
2024-07,NORTHEAST,Single Streetlight Issue,57
2024-07,OLYMPIC,Bulky Items,2487
2024-07,OLYMPIC,Dead Animal Removal,48
2024-07,OLYMPIC,Electronic Waste,114
2024-07,OLYMPIC,Graffiti Removal,1706
2024-07,OLYMPIC,Homeless Encampment,479
2024-07,OLYMPIC,Illegal Dumping Pickup,403
2024-07,OLYMPIC,Metal/Household Appliances,356
2024-07,OLYMPIC,Multiple Streetlight Issue,88
2024-07,OLYMPIC,Single Streetlight Issue,47
2024-07,PACIFIC,Bulky Items,3390
2024-07,PACIFIC,Dead Animal Removal,182
2024-07,PACIFIC,Electronic Waste,193
2024-07,PACIFIC,Graffiti Removal,770
2024-07,PACIFIC,Homeless Encampment,657
2024-07,PACIFIC,Illegal Dumping Pickup,308
2024-07,PACIFIC,Metal/Household Appliances,691
2024-07,PACIFIC,Multiple Streetlight Issue,61
2024-07,PACIFIC,Single Streetlight Issue,48
2024-07,RAMPART,Bulky Items,2093
2024-07,RAMPART,Dead Animal Removal,81
2024-07,RAMPART,Electronic Waste,110
2024-07,RAMPART,Graffiti Removal,2789
2024-07,RAMPART,Homeless Encampment,959
2024-07,RAMPART,Illegal Dumping Pickup,405
2024-07,RAMPART,Metal/Household Appliances,327
2024-07,RAMPART,Multiple Streetlight Issue,100
2024-07,RAMPART,Single Streetlight Issue,51
2024-07,SOUTHEAST,Bulky Items,2359
2024-07,SOUTHEAST,Dead Animal Removal,201
2024-07,SOUTHEAST,Electronic Waste,120
2024-07,SOUTHEAST,Graffiti Removal,865
2024-07,SOUTHEAST,Homeless Encampment,199
2024-07,SOUTHEAST,Illegal Dumping Pickup,832
2024-07,SOUTHEAST,Metal/Household Appliances,388
2024-07,SOUTHEAST,Multiple Streetlight Issue,87
2024-07,SOUTHEAST,Single Streetlight Issue,85
2024-07,SOUTHWEST,Bulky Items,3604
2024-07,SOUTHWEST,Dead Animal Removal,173
2024-07,SOUTHWEST,Electronic Waste,193
2024-07,SOUTHWEST,Graffiti Removal,1013
2024-07,SOUTHWEST,Homeless Encampment,219
2024-07,SOUTHWEST,Illegal Dumping Pickup,843
2024-07,SOUTHWEST,Metal/Household Appliances,615
2024-07,SOUTHWEST,Multiple Streetlight Issue,145
2024-07,SOUTHWEST,Single Streetlight Issue,150
2024-07,TOPANGA,Bulky Items,3484
2024-07,TOPANGA,Dead Animal Removal,162
2024-07,TOPANGA,Electronic Waste,207
2024-07,TOPANGA,Graffiti Removal,467
2024-07,TOPANGA,Homeless Encampment,532
2024-07,TOPANGA,Illegal Dumping Pickup,377
2024-07,TOPANGA,Metal/Household Appliances,770
2024-07,TOPANGA,Multiple Streetlight Issue,69
2024-07,TOPANGA,Single Streetlight Issue,56
2024-07,VAN NUYS,Bulky Items,3478
2024-07,VAN NUYS,Dead Animal Removal,162
2024-07,VAN NUYS,Electronic Waste,161
2024-07,VAN NUYS,Graffiti Removal,888
2024-07,VAN NUYS,Homeless Encampment,318
2024-07,VAN NUYS,Illegal Dumping Pickup,533
2024-07,VAN NUYS,Metal/Household Appliances,652
2024-07,VAN NUYS,Multiple Streetlight Issue,35
2024-07,VAN NUYS,Single Streetlight Issue,34
2024-07,WEST LOS ANGELES,Bulky Items,3480
2024-07,WEST LOS ANGELES,Dead Animal Removal,145
2024-07,WEST LOS ANGELES,Electronic Waste,170
2024-07,WEST LOS ANGELES,Graffiti Removal,406
2024-07,WEST LOS ANGELES,Homeless Encampment,389
2024-07,WEST LOS ANGELES,Illegal Dumping Pickup,299
2024-07,WEST LOS ANGELES,Metal/Household Appliances,771
2024-07,WEST LOS ANGELES,Multiple Streetlight Issue,37
2024-07,WEST LOS ANGELES,Single Streetlight Issue,74
2024-07,WEST VALLEY,Bulky Items,3581
2024-07,WEST VALLEY,Dead Animal Removal,167
2024-07,WEST VALLEY,Electronic Waste,190
2024-07,WEST VALLEY,Graffiti Removal,1020
2024-07,WEST VALLEY,Homeless Encampment,346
2024-07,WEST VALLEY,Illegal Dumping Pickup,635
2024-07,WEST VALLEY,Metal/Household Appliances,754
2024-07,WEST VALLEY,Multiple Streetlight Issue,54
2024-07,WEST VALLEY,Single Streetlight Issue,45
2024-07,WILSHIRE,Bulky Items,2893
2024-07,WILSHIRE,Dead Animal Removal,99
2024-07,WILSHIRE,Electronic Waste,157
2024-07,WILSHIRE,Graffiti Removal,750
2024-07,WILSHIRE,Homeless Encampment,359
2024-07,WILSHIRE,Illegal Dumping Pickup,362
2024-07,WILSHIRE,Metal/Household Appliances,553
2024-07,WILSHIRE,Multiple Streetlight Issue,92
2024-07,WILSHIRE,Single Streetlight Issue,94
2024-08,77TH STREET,Bulky Items,3480
2024-08,77TH STREET,Dead Animal Removal,247
2024-08,77TH STREET,Electronic Waste,176
2024-08,77TH STREET,Graffiti Removal,1251
2024-08,77TH STREET,Homeless Encampment,335
2024-08,77TH STREET,Illegal Dumping Pickup,1116
2024-08,77TH STREET,Metal/Household Appliances,570
2024-08,77TH STREET,Multiple Streetlight Issue,140
2024-08,77TH STREET,Single Streetlight Issue,75
2024-08,CENTRAL,Bulky Items,406
2024-08,CENTRAL,Dead Animal Removal,40
2024-08,CENTRAL,Electronic Waste,13
2024-08,CENTRAL,Graffiti Removal,1630
2024-08,CENTRAL,Homeless Encampment,197
2024-08,CENTRAL,Illegal Dumping Pickup,132
2024-08,CENTRAL,Metal/Household Appliances,71
2024-08,CENTRAL,Multiple Streetlight Issue,177
2024-08,CENTRAL,Single Streetlight Issue,79
2024-08,DEVONSHIRE,Bulky Items,3885
2024-08,DEVONSHIRE,Dead Animal Removal,210
2024-08,DEVONSHIRE,Electronic Waste,244
2024-08,DEVONSHIRE,Graffiti Removal,668
2024-08,DEVONSHIRE,Homeless Encampment,276
2024-08,DEVONSHIRE,Illegal Dumping Pickup,380
2024-08,DEVONSHIRE,Metal/Household Appliances,840
2024-08,DEVONSHIRE,Multiple Streetlight Issue,90
2024-08,DEVONSHIRE,Single Streetlight Issue,90
2024-08,FOOTHILL,Bulky Items,3251
2024-08,FOOTHILL,Dead Animal Removal,155
2024-08,FOOTHILL,Electronic Waste,195
2024-08,FOOTHILL,Graffiti Removal,446
2024-08,FOOTHILL,Homeless Encampment,381
2024-08,FOOTHILL,Illegal Dumping Pickup,624
2024-08,FOOTHILL,Metal/Household Appliances,539
2024-08,FOOTHILL,Multiple Streetlight Issue,105
2024-08,FOOTHILL,Single Streetlight Issue,61
2024-08,HARBOR,Bulky Items,2957
2024-08,HARBOR,Dead Animal Removal,159
2024-08,HARBOR,Electronic Waste,159
2024-08,HARBOR,Graffiti Removal,1162
2024-08,HARBOR,Homeless Encampment,175
2024-08,HARBOR,Illegal Dumping Pickup,367
2024-08,HARBOR,Metal/Household Appliances,683
2024-08,HARBOR,Multiple Streetlight Issue,22
2024-08,HARBOR,Single Streetlight Issue,36
2024-08,HOLLENBECK,Bulky Items,2485
2024-08,HOLLENBECK,Dead Animal Removal,136
2024-08,HOLLENBECK,Electronic Waste,162
2024-08,HOLLENBECK,Graffiti Removal,2985
2024-08,HOLLENBECK,Homeless Encampment,342
2024-08,HOLLENBECK,Illegal Dumping Pickup,431
2024-08,HOLLENBECK,Metal/Household Appliances,439
2024-08,HOLLENBECK,Multiple Streetlight Issue,207
2024-08,HOLLENBECK,Single Streetlight Issue,85
2024-08,HOLLYWOOD,Bulky Items,2264
2024-08,HOLLYWOOD,Dead Animal Removal,53
2024-08,HOLLYWOOD,Electronic Waste,108
2024-08,HOLLYWOOD,Graffiti Removal,1588
2024-08,HOLLYWOOD,Homeless Encampment,342
2024-08,HOLLYWOOD,Illegal Dumping Pickup,338
2024-08,HOLLYWOOD,Metal/Household Appliances,361
2024-08,HOLLYWOOD,Multiple Streetlight Issue,27
2024-08,HOLLYWOOD,Single Streetlight Issue,98
2024-08,MISSION,Bulky Items,3521
2024-08,MISSION,Dead Animal Removal,176
2024-08,MISSION,Electronic Waste,196
2024-08,MISSION,Graffiti Removal,2329
2024-08,MISSION,Homeless Encampment,347
2024-08,MISSION,Illegal Dumping Pickup,699
2024-08,MISSION,Metal/Household Appliances,590
2024-08,MISSION,Multiple Streetlight Issue,205
2024-08,MISSION,Single Streetlight Issue,104
2024-08,NEWTON,Bulky Items,2035
2024-08,NEWTON,Dead Animal Removal,235
2024-08,NEWTON,Electronic Waste,91
2024-08,NEWTON,Graffiti Removal,1319
2024-08,NEWTON,Homeless Encampment,544
2024-08,NEWTON,Illegal Dumping Pickup,696
2024-08,NEWTON,Metal/Household Appliances,276
2024-08,NEWTON,Multiple Streetlight Issue,74
2024-08,NEWTON,Single Streetlight Issue,44
2024-08,NORTH HOLLYWOOD,Bulky Items,3527
2024-08,NORTH HOLLYWOOD,Dead Animal Removal,152
2024-08,NORTH HOLLYWOOD,Electronic Waste,179
2024-08,NORTH HOLLYWOOD,Graffiti Removal,1429
2024-08,NORTH HOLLYWOOD,Homeless Encampment,564
2024-08,NORTH HOLLYWOOD,Illegal Dumping Pickup,478
2024-08,NORTH HOLLYWOOD,Metal/Household Appliances,598
2024-08,NORTH HOLLYWOOD,Multiple Streetlight Issue,50
2024-08,NORTH HOLLYWOOD,Single Streetlight Issue,51
2024-08,NORTHEAST,Bulky Items,4080
2024-08,NORTHEAST,Dead Animal Removal,173
2024-08,NORTHEAST,Electronic Waste,283
2024-08,NORTHEAST,Graffiti Removal,1331
2024-08,NORTHEAST,Homeless Encampment,269
2024-08,NORTHEAST,Illegal Dumping Pickup,370
2024-08,NORTHEAST,Metal/Household Appliances,832
2024-08,NORTHEAST,Multiple Streetlight Issue,90
2024-08,NORTHEAST,Single Streetlight Issue,103
2024-08,OLYMPIC,Bulky Items,2496
2024-08,OLYMPIC,Dead Animal Removal,77
2024-08,OLYMPIC,Electronic Waste,120
2024-08,OLYMPIC,Graffiti Removal,1758
2024-08,OLYMPIC,Homeless Encampment,616
2024-08,OLYMPIC,Illegal Dumping Pickup,331
2024-08,OLYMPIC,Metal/Household Appliances,348
2024-08,OLYMPIC,Multiple Streetlight Issue,115
2024-08,OLYMPIC,Single Streetlight Issue,118
2024-08,PACIFIC,Bulky Items,3412
2024-08,PACIFIC,Dead Animal Removal,138
2024-08,PACIFIC,Electronic Waste,158
2024-08,PACIFIC,Graffiti Removal,1024
2024-08,PACIFIC,Homeless Encampment,578
2024-08,PACIFIC,Illegal Dumping Pickup,304
2024-08,PACIFIC,Metal/Household Appliances,694
2024-08,PACIFIC,Multiple Streetlight Issue,26
2024-08,PACIFIC,Single Streetlight Issue,53
2024-08,RAMPART,Bulky Items,1887
2024-08,RAMPART,Dead Animal Removal,85
2024-08,RAMPART,Electronic Waste,85
2024-08,RAMPART,Graffiti Removal,2496
2024-08,RAMPART,Homeless Encampment,1138
2024-08,RAMPART,Illegal Dumping Pickup,403
2024-08,RAMPART,Metal/Household Appliances,271
2024-08,RAMPART,Multiple Streetlight Issue,187
2024-08,RAMPART,Single Streetlight Issue,95
2024-08,SOUTHEAST,Bulky Items,2343
2024-08,SOUTHEAST,Dead Animal Removal,158
2024-08,SOUTHEAST,Electronic Waste,113
2024-08,SOUTHEAST,Graffiti Removal,1295
2024-08,SOUTHEAST,Homeless Encampment,232
2024-08,SOUTHEAST,Illegal Dumping Pickup,761
2024-08,SOUTHEAST,Metal/Household Appliances,354
2024-08,SOUTHEAST,Multiple Streetlight Issue,131
2024-08,SOUTHEAST,Single Streetlight Issue,105
2024-08,SOUTHWEST,Bulky Items,3433
2024-08,SOUTHWEST,Dead Animal Removal,154
2024-08,SOUTHWEST,Electronic Waste,177
2024-08,SOUTHWEST,Graffiti Removal,804
2024-08,SOUTHWEST,Homeless Encampment,273
2024-08,SOUTHWEST,Illegal Dumping Pickup,916
2024-08,SOUTHWEST,Metal/Household Appliances,557
2024-08,SOUTHWEST,Multiple Streetlight Issue,156
2024-08,SOUTHWEST,Single Streetlight Issue,97
2024-08,TOPANGA,Bulky Items,3326
2024-08,TOPANGA,Dead Animal Removal,146
2024-08,TOPANGA,Electronic Waste,190
2024-08,TOPANGA,Graffiti Removal,526
2024-08,TOPANGA,Homeless Encampment,603
2024-08,TOPANGA,Illegal Dumping Pickup,408
2024-08,TOPANGA,Metal/Household Appliances,672
2024-08,TOPANGA,Multiple Streetlight Issue,116
2024-08,TOPANGA,Single Streetlight Issue,78
2024-08,VAN NUYS,Bulky Items,2964
2024-08,VAN NUYS,Dead Animal Removal,128
2024-08,VAN NUYS,Electronic Waste,137
2024-08,VAN NUYS,Graffiti Removal,887
2024-08,VAN NUYS,Homeless Encampment,329
2024-08,VAN NUYS,Illegal Dumping Pickup,460
2024-08,VAN NUYS,Metal/Household Appliances,498
2024-08,VAN NUYS,Multiple Streetlight Issue,32
2024-08,VAN NUYS,Single Streetlight Issue,51
2024-08,WEST LOS ANGELES,Bulky Items,3337
2024-08,WEST LOS ANGELES,Dead Animal Removal,149
2024-08,WEST LOS ANGELES,Electronic Waste,172
2024-08,WEST LOS ANGELES,Graffiti Removal,648
2024-08,WEST LOS ANGELES,Homeless Encampment,495
2024-08,WEST LOS ANGELES,Illegal Dumping Pickup,285
2024-08,WEST LOS ANGELES,Metal/Household Appliances,701
2024-08,WEST LOS ANGELES,Multiple Streetlight Issue,99
2024-08,WEST LOS ANGELES,Single Streetlight Issue,117
2024-08,WEST VALLEY,Bulky Items,3284
2024-08,WEST VALLEY,Dead Animal Removal,153
2024-08,WEST VALLEY,Electronic Waste,174
2024-08,WEST VALLEY,Graffiti Removal,1059
2024-08,WEST VALLEY,Homeless Encampment,437
2024-08,WEST VALLEY,Illegal Dumping Pickup,535
2024-08,WEST VALLEY,Metal/Household Appliances,617
2024-08,WEST VALLEY,Multiple Streetlight Issue,42
2024-08,WEST VALLEY,Single Streetlight Issue,68
2024-08,WILSHIRE,Bulky Items,2777
2024-08,WILSHIRE,Dead Animal Removal,136
2024-08,WILSHIRE,Electronic Waste,124
2024-08,WILSHIRE,Graffiti Removal,901
2024-08,WILSHIRE,Homeless Encampment,257
2024-08,WILSHIRE,Illegal Dumping Pickup,356
2024-08,WILSHIRE,Metal/Household Appliances,490
2024-08,WILSHIRE,Multiple Streetlight Issue,88
2024-08,WILSHIRE,Single Streetlight Issue,137
2024-09,77TH STREET,Bulky Items,3323
2024-09,77TH STREET,Dead Animal Removal,271
2024-09,77TH STREET,Electronic Waste,175
2024-09,77TH STREET,Graffiti Removal,1639
2024-09,77TH STREET,Homeless Encampment,289
2024-09,77TH STREET,Illegal Dumping Pickup,1106
2024-09,77TH STREET,Metal/Household Appliances,535
2024-09,77TH STREET,Multiple Streetlight Issue,79
2024-09,77TH STREET,Single Streetlight Issue,66
2024-09,CENTRAL,Bulky Items,327
2024-09,CENTRAL,Dead Animal Removal,23
2024-09,CENTRAL,Electronic Waste,19
2024-09,CENTRAL,Graffiti Removal,1710
2024-09,CENTRAL,Homeless Encampment,280
2024-09,CENTRAL,Illegal Dumping Pickup,141
2024-09,CENTRAL,Metal/Household Appliances,59
2024-09,CENTRAL,Multiple Streetlight Issue,101
2024-09,CENTRAL,Single Streetlight Issue,50
2024-09,DEVONSHIRE,Bulky Items,3837
2024-09,DEVONSHIRE,Dead Animal Removal,203
2024-09,DEVONSHIRE,Electronic Waste,215
2024-09,DEVONSHIRE,Graffiti Removal,665
2024-09,DEVONSHIRE,Homeless Encampment,256
2024-09,DEVONSHIRE,Illegal Dumping Pickup,447
2024-09,DEVONSHIRE,Metal/Household Appliances,855
2024-09,DEVONSHIRE,Multiple Streetlight Issue,92
2024-09,DEVONSHIRE,Single Streetlight Issue,70
2024-09,FOOTHILL,Bulky Items,3394
2024-09,FOOTHILL,Dead Animal Removal,145
2024-09,FOOTHILL,Electronic Waste,195
2024-09,FOOTHILL,Graffiti Removal,822
2024-09,FOOTHILL,Homeless Encampment,444
2024-09,FOOTHILL,Illegal Dumping Pickup,885
2024-09,FOOTHILL,Metal/Household Appliances,477
2024-09,FOOTHILL,Multiple Streetlight Issue,156
2024-09,FOOTHILL,Single Streetlight Issue,129
2024-09,HARBOR,Bulky Items,2881
2024-09,HARBOR,Dead Animal Removal,196
2024-09,HARBOR,Electronic Waste,173
2024-09,HARBOR,Graffiti Removal,1394
2024-09,HARBOR,Homeless Encampment,120
2024-09,HARBOR,Illegal Dumping Pickup,373
2024-09,HARBOR,Metal/Household Appliances,725
2024-09,HARBOR,Multiple Streetlight Issue,52
2024-09,HARBOR,Single Streetlight Issue,25
2024-09,HOLLENBECK,Bulky Items,2360
2024-09,HOLLENBECK,Dead Animal Removal,132
2024-09,HOLLENBECK,Electronic Waste,157
2024-09,HOLLENBECK,Graffiti Removal,2700
2024-09,HOLLENBECK,Homeless Encampment,305
2024-09,HOLLENBECK,Illegal Dumping Pickup,388
2024-09,HOLLENBECK,Metal/Household Appliances,343
2024-09,HOLLENBECK,Multiple Streetlight Issue,156
2024-09,HOLLENBECK,Single Streetlight Issue,73
2024-09,HOLLYWOOD,Bulky Items,2136
2024-09,HOLLYWOOD,Dead Animal Removal,41
2024-09,HOLLYWOOD,Electronic Waste,111
2024-09,HOLLYWOOD,Graffiti Removal,1237
2024-09,HOLLYWOOD,Homeless Encampment,322
2024-09,HOLLYWOOD,Illegal Dumping Pickup,324
2024-09,HOLLYWOOD,Metal/Household Appliances,338
2024-09,HOLLYWOOD,Multiple Streetlight Issue,41
2024-09,HOLLYWOOD,Single Streetlight Issue,116
2024-09,MISSION,Bulky Items,3676
2024-09,MISSION,Dead Animal Removal,206
2024-09,MISSION,Electronic Waste,217
2024-09,MISSION,Graffiti Removal,2151
2024-09,MISSION,Homeless Encampment,336
2024-09,MISSION,Illegal Dumping Pickup,788
2024-09,MISSION,Metal/Household Appliances,571
2024-09,MISSION,Multiple Streetlight Issue,239
2024-09,MISSION,Single Streetlight Issue,141
2024-09,NEWTON,Bulky Items,1854
2024-09,NEWTON,Dead Animal Removal,163
2024-09,NEWTON,Electronic Waste,79
2024-09,NEWTON,Graffiti Removal,1424
2024-09,NEWTON,Homeless Encampment,476
2024-09,NEWTON,Illegal Dumping Pickup,660
2024-09,NEWTON,Metal/Household Appliances,251
2024-09,NEWTON,Multiple Streetlight Issue,66
2024-09,NEWTON,Single Streetlight Issue,62
2024-09,NORTH HOLLYWOOD,Bulky Items,3688
2024-09,NORTH HOLLYWOOD,Dead Animal Removal,137
2024-09,NORTH HOLLYWOOD,Electronic Waste,212
2024-09,NORTH HOLLYWOOD,Graffiti Removal,1044
2024-09,NORTH HOLLYWOOD,Homeless Encampment,619
2024-09,NORTH HOLLYWOOD,Illegal Dumping Pickup,493
2024-09,NORTH HOLLYWOOD,Metal/Household Appliances,578
2024-09,NORTH HOLLYWOOD,Multiple Streetlight Issue,56
2024-09,NORTH HOLLYWOOD,Single Streetlight Issue,50
2024-09,NORTHEAST,Bulky Items,4011
2024-09,NORTHEAST,Dead Animal Removal,153
2024-09,NORTHEAST,Electronic Waste,272
2024-09,NORTHEAST,Graffiti Removal,1146
2024-09,NORTHEAST,Homeless Encampment,332
2024-09,NORTHEAST,Illegal Dumping Pickup,442
2024-09,NORTHEAST,Metal/Household Appliances,758
2024-09,NORTHEAST,Multiple Streetlight Issue,78
2024-09,NORTHEAST,Single Streetlight Issue,72
2024-09,OLYMPIC,Bulky Items,2305
2024-09,OLYMPIC,Dead Animal Removal,61
2024-09,OLYMPIC,Electronic Waste,102
2024-09,OLYMPIC,Graffiti Removal,1699
2024-09,OLYMPIC,Homeless Encampment,554
2024-09,OLYMPIC,Illegal Dumping Pickup,365
2024-09,OLYMPIC,Metal/Household Appliances,328
2024-09,OLYMPIC,Multiple Streetlight Issue,161
2024-09,OLYMPIC,Single Streetlight Issue,120
2024-09,PACIFIC,Bulky Items,3023
2024-09,PACIFIC,Dead Animal Removal,147
2024-09,PACIFIC,Electronic Waste,178
2024-09,PACIFIC,Graffiti Removal,987
2024-09,PACIFIC,Homeless Encampment,524
2024-09,PACIFIC,Illegal Dumping Pickup,294
2024-09,PACIFIC,Metal/Household Appliances,586
2024-09,PACIFIC,Multiple Streetlight Issue,46
2024-09,PACIFIC,Single Streetlight Issue,69
2024-09,RAMPART,Bulky Items,1849
2024-09,RAMPART,Dead Animal Removal,60
2024-09,RAMPART,Electronic Waste,87
2024-09,RAMPART,Graffiti Removal,2784
2024-09,RAMPART,Homeless Encampment,1038
2024-09,RAMPART,Illegal Dumping Pickup,390
2024-09,RAMPART,Metal/Household Appliances,293
2024-09,RAMPART,Multiple Streetlight Issue,193
2024-09,RAMPART,Single Streetlight Issue,118
2024-09,SOUTHEAST,Bulky Items,2065
2024-09,SOUTHEAST,Dead Animal Removal,199
2024-09,SOUTHEAST,Electronic Waste,90
2024-09,SOUTHEAST,Graffiti Removal,1300
2024-09,SOUTHEAST,Homeless Encampment,212
2024-09,SOUTHEAST,Illegal Dumping Pickup,782
2024-09,SOUTHEAST,Metal/Household Appliances,287
2024-09,SOUTHEAST,Multiple Streetlight Issue,82
2024-09,SOUTHEAST,Single Streetlight Issue,78
2024-09,SOUTHWEST,Bulky Items,3329
2024-09,SOUTHWEST,Dead Animal Removal,166
2024-09,SOUTHWEST,Electronic Waste,175
2024-09,SOUTHWEST,Graffiti Removal,920
2024-09,SOUTHWEST,Homeless Encampment,190
2024-09,SOUTHWEST,Illegal Dumping Pickup,913
2024-09,SOUTHWEST,Metal/Household Appliances,511
2024-09,SOUTHWEST,Multiple Streetlight Issue,142
2024-09,SOUTHWEST,Single Streetlight Issue,80
2024-09,TOPANGA,Bulky Items,3005
2024-09,TOPANGA,Dead Animal Removal,162
2024-09,TOPANGA,Electronic Waste,163
2024-09,TOPANGA,Graffiti Removal,384
2024-09,TOPANGA,Homeless Encampment,429
2024-09,TOPANGA,Illegal Dumping Pickup,325
2024-09,TOPANGA,Metal/Household Appliances,621
2024-09,TOPANGA,Multiple Streetlight Issue,91
2024-09,TOPANGA,Single Streetlight Issue,86
2024-09,VAN NUYS,Bulky Items,3118
2024-09,VAN NUYS,Dead Animal Removal,127
2024-09,VAN NUYS,Electronic Waste,142
2024-09,VAN NUYS,Graffiti Removal,1019
2024-09,VAN NUYS,Homeless Encampment,405
2024-09,VAN NUYS,Illegal Dumping Pickup,478
2024-09,VAN NUYS,Metal/Household Appliances,501
2024-09,VAN NUYS,Multiple Streetlight Issue,54
2024-09,VAN NUYS,Single Streetlight Issue,95
2024-09,WEST LOS ANGELES,Bulky Items,3147
2024-09,WEST LOS ANGELES,Dead Animal Removal,182
2024-09,WEST LOS ANGELES,Electronic Waste,177
2024-09,WEST LOS ANGELES,Graffiti Removal,596
2024-09,WEST LOS ANGELES,Homeless Encampment,520
2024-09,WEST LOS ANGELES,Illegal Dumping Pickup,331
2024-09,WEST LOS ANGELES,Metal/Household Appliances,676
2024-09,WEST LOS ANGELES,Multiple Streetlight Issue,124
2024-09,WEST LOS ANGELES,Single Streetlight Issue,103
2024-09,WEST VALLEY,Bulky Items,3252
2024-09,WEST VALLEY,Dead Animal Removal,156
2024-09,WEST VALLEY,Electronic Waste,184
2024-09,WEST VALLEY,Graffiti Removal,1021
2024-09,WEST VALLEY,Homeless Encampment,334
2024-09,WEST VALLEY,Illegal Dumping Pickup,632
2024-09,WEST VALLEY,Metal/Household Appliances,600
2024-09,WEST VALLEY,Multiple Streetlight Issue,78
2024-09,WEST VALLEY,Single Streetlight Issue,90
2024-09,WILSHIRE,Bulky Items,2538
2024-09,WILSHIRE,Dead Animal Removal,123
2024-09,WILSHIRE,Electronic Waste,151
2024-09,WILSHIRE,Graffiti Removal,876
2024-09,WILSHIRE,Homeless Encampment,236
2024-09,WILSHIRE,Illegal Dumping Pickup,344
2024-09,WILSHIRE,Metal/Household Appliances,485
2024-09,WILSHIRE,Multiple Streetlight Issue,94
2024-09,WILSHIRE,Single Streetlight Issue,130
2024-10,77TH STREET,Bulky Items,3330
2024-10,77TH STREET,Dead Animal Removal,254
2024-10,77TH STREET,Electronic Waste,185
2024-10,77TH STREET,Graffiti Removal,1228
2024-10,77TH STREET,Homeless Encampment,346
2024-10,77TH STREET,Illegal Dumping Pickup,1096
2024-10,77TH STREET,Metal/Household Appliances,590
2024-10,77TH STREET,Multiple Streetlight Issue,141
2024-10,77TH STREET,Single Streetlight Issue,86
2024-10,CENTRAL,Bulky Items,388
2024-10,CENTRAL,Dead Animal Removal,36
2024-10,CENTRAL,Electronic Waste,18
2024-10,CENTRAL,Graffiti Removal,2046
2024-10,CENTRAL,Homeless Encampment,131
2024-10,CENTRAL,Illegal Dumping Pickup,154
2024-10,CENTRAL,Metal/Household Appliances,54
2024-10,CENTRAL,Multiple Streetlight Issue,152
2024-10,CENTRAL,Single Streetlight Issue,66
2024-10,DEVONSHIRE,Bulky Items,3585
2024-10,DEVONSHIRE,Dead Animal Removal,207
2024-10,DEVONSHIRE,Electronic Waste,244
2024-10,DEVONSHIRE,Graffiti Removal,679
2024-10,DEVONSHIRE,Homeless Encampment,268
2024-10,DEVONSHIRE,Illegal Dumping Pickup,428
2024-10,DEVONSHIRE,Metal/Household Appliances,752
2024-10,DEVONSHIRE,Multiple Streetlight Issue,185
2024-10,DEVONSHIRE,Single Streetlight Issue,104
2024-10,FOOTHILL,Bulky Items,3373
2024-10,FOOTHILL,Dead Animal Removal,155
2024-10,FOOTHILL,Electronic Waste,220
2024-10,FOOTHILL,Graffiti Removal,748
2024-10,FOOTHILL,Homeless Encampment,443
2024-10,FOOTHILL,Illegal Dumping Pickup,1008
2024-10,FOOTHILL,Metal/Household Appliances,447
2024-10,FOOTHILL,Multiple Streetlight Issue,130
2024-10,FOOTHILL,Single Streetlight Issue,83
2024-10,HARBOR,Bulky Items,2873
2024-10,HARBOR,Dead Animal Removal,142
2024-10,HARBOR,Electronic Waste,195
2024-10,HARBOR,Graffiti Removal,1404
2024-10,HARBOR,Homeless Encampment,93
2024-10,HARBOR,Illegal Dumping Pickup,447
2024-10,HARBOR,Metal/Household Appliances,701
2024-10,HARBOR,Multiple Streetlight Issue,44
2024-10,HARBOR,Single Streetlight Issue,50
2024-10,HOLLENBECK,Bulky Items,2176
2024-10,HOLLENBECK,Dead Animal Removal,124
2024-10,HOLLENBECK,Electronic Waste,154
2024-10,HOLLENBECK,Graffiti Removal,3134
2024-10,HOLLENBECK,Homeless Encampment,298
2024-10,HOLLENBECK,Illegal Dumping Pickup,393
2024-10,HOLLENBECK,Metal/Household Appliances,310
2024-10,HOLLENBECK,Multiple Streetlight Issue,231
2024-10,HOLLENBECK,Single Streetlight Issue,110
2024-10,HOLLYWOOD,Bulky Items,2081
2024-10,HOLLYWOOD,Dead Animal Removal,50
2024-10,HOLLYWOOD,Electronic Waste,138
2024-10,HOLLYWOOD,Graffiti Removal,1246
2024-10,HOLLYWOOD,Homeless Encampment,332
2024-10,HOLLYWOOD,Illegal Dumping Pickup,361
2024-10,HOLLYWOOD,Metal/Household Appliances,379
2024-10,HOLLYWOOD,Multiple Streetlight Issue,58
2024-10,HOLLYWOOD,Single Streetlight Issue,73
2024-10,MISSION,Bulky Items,3412
2024-10,MISSION,Dead Animal Removal,174
2024-10,MISSION,Electronic Waste,203
2024-10,MISSION,Graffiti Removal,1780
2024-10,MISSION,Homeless Encampment,395
2024-10,MISSION,Illegal Dumping Pickup,739
2024-10,MISSION,Metal/Household Appliances,546
2024-10,MISSION,Multiple Streetlight Issue,259
2024-10,MISSION,Single Streetlight Issue,140
2024-10,NEWTON,Bulky Items,1749
2024-10,NEWTON,Dead Animal Removal,166
2024-10,NEWTON,Electronic Waste,102
2024-10,NEWTON,Graffiti Removal,1724
2024-10,NEWTON,Homeless Encampment,627
2024-10,NEWTON,Illegal Dumping Pickup,682
2024-10,NEWTON,Metal/Household Appliances,229
2024-10,NEWTON,Multiple Streetlight Issue,97
2024-10,NEWTON,Single Streetlight Issue,82
2024-10,NORTH HOLLYWOOD,Bulky Items,3413
2024-10,NORTH HOLLYWOOD,Dead Animal Removal,150
2024-10,NORTH HOLLYWOOD,Electronic Waste,194
2024-10,NORTH HOLLYWOOD,Graffiti Removal,1320
2024-10,NORTH HOLLYWOOD,Homeless Encampment,555
2024-10,NORTH HOLLYWOOD,Illegal Dumping Pickup,499
2024-10,NORTH HOLLYWOOD,Metal/Household Appliances,532
2024-10,NORTH HOLLYWOOD,Multiple Streetlight Issue,75
2024-10,NORTH HOLLYWOOD,Single Streetlight Issue,60
2024-10,NORTHEAST,Bulky Items,3564
2024-10,NORTHEAST,Dead Animal Removal,143
2024-10,NORTHEAST,Electronic Waste,275
2024-10,NORTHEAST,Graffiti Removal,1284
2024-10,NORTHEAST,Homeless Encampment,338
2024-10,NORTHEAST,Illegal Dumping Pickup,439
2024-10,NORTHEAST,Metal/Household Appliances,660
2024-10,NORTHEAST,Multiple Streetlight Issue,86
2024-10,NORTHEAST,Single Streetlight Issue,65
2024-10,OLYMPIC,Bulky Items,2454
2024-10,OLYMPIC,Dead Animal Removal,85
2024-10,OLYMPIC,Electronic Waste,123
2024-10,OLYMPIC,Graffiti Removal,1851
2024-10,OLYMPIC,Homeless Encampment,525
2024-10,OLYMPIC,Illegal Dumping Pickup,432
2024-10,OLYMPIC,Metal/Household Appliances,303
2024-10,OLYMPIC,Multiple Streetlight Issue,188
2024-10,OLYMPIC,Single Streetlight Issue,107
2024-10,PACIFIC,Bulky Items,2921
2024-10,PACIFIC,Dead Animal Removal,150
2024-10,PACIFIC,Electronic Waste,151
2024-10,PACIFIC,Graffiti Removal,649
2024-10,PACIFIC,Homeless Encampment,426
2024-10,PACIFIC,Illegal Dumping Pickup,290
2024-10,PACIFIC,Metal/Household Appliances,544
2024-10,PACIFIC,Multiple Streetlight Issue,56
2024-10,PACIFIC,Single Streetlight Issue,54
2024-10,RAMPART,Bulky Items,1780
2024-10,RAMPART,Dead Animal Removal,77
2024-10,RAMPART,Electronic Waste,81
2024-10,RAMPART,Graffiti Removal,2192
2024-10,RAMPART,Homeless Encampment,489
2024-10,RAMPART,Illegal Dumping Pickup,353
2024-10,RAMPART,Metal/Household Appliances,220
2024-10,RAMPART,Multiple Streetlight Issue,354
2024-10,RAMPART,Single Streetlight Issue,99
2024-10,SOUTHEAST,Bulky Items,2036
2024-10,SOUTHEAST,Dead Animal Removal,162
2024-10,SOUTHEAST,Electronic Waste,115
2024-10,SOUTHEAST,Graffiti Removal,1426
2024-10,SOUTHEAST,Homeless Encampment,191
2024-10,SOUTHEAST,Illegal Dumping Pickup,790
2024-10,SOUTHEAST,Metal/Household Appliances,314
2024-10,SOUTHEAST,Multiple Streetlight Issue,108
2024-10,SOUTHEAST,Single Streetlight Issue,75
2024-10,SOUTHWEST,Bulky Items,2788
2024-10,SOUTHWEST,Dead Animal Removal,155
2024-10,SOUTHWEST,Electronic Waste,165
2024-10,SOUTHWEST,Graffiti Removal,861
2024-10,SOUTHWEST,Homeless Encampment,182
2024-10,SOUTHWEST,Illegal Dumping Pickup,736
2024-10,SOUTHWEST,Metal/Household Appliances,444
2024-10,SOUTHWEST,Multiple Streetlight Issue,255
2024-10,SOUTHWEST,Single Streetlight Issue,97
2024-10,TOPANGA,Bulky Items,3077
2024-10,TOPANGA,Dead Animal Removal,123
2024-10,TOPANGA,Electronic Waste,199
2024-10,TOPANGA,Graffiti Removal,428
2024-10,TOPANGA,Homeless Encampment,503
2024-10,TOPANGA,Illegal Dumping Pickup,346
2024-10,TOPANGA,Metal/Household Appliances,664
2024-10,TOPANGA,Multiple Streetlight Issue,103
2024-10,TOPANGA,Single Streetlight Issue,112
2024-10,VAN NUYS,Bulky Items,2975
2024-10,VAN NUYS,Dead Animal Removal,125
2024-10,VAN NUYS,Electronic Waste,132
2024-10,VAN NUYS,Graffiti Removal,827
2024-10,VAN NUYS,Homeless Encampment,265
2024-10,VAN NUYS,Illegal Dumping Pickup,569
2024-10,VAN NUYS,Metal/Household Appliances,442
2024-10,VAN NUYS,Multiple Streetlight Issue,60
2024-10,VAN NUYS,Single Streetlight Issue,52
2024-10,WEST LOS ANGELES,Bulky Items,2832
2024-10,WEST LOS ANGELES,Dead Animal Removal,124
2024-10,WEST LOS ANGELES,Electronic Waste,182
2024-10,WEST LOS ANGELES,Graffiti Removal,420
2024-10,WEST LOS ANGELES,Homeless Encampment,490
2024-10,WEST LOS ANGELES,Illegal Dumping Pickup,289
2024-10,WEST LOS ANGELES,Metal/Household Appliances,613
2024-10,WEST LOS ANGELES,Multiple Streetlight Issue,148
2024-10,WEST LOS ANGELES,Single Streetlight Issue,109
2024-10,WEST VALLEY,Bulky Items,3148
2024-10,WEST VALLEY,Dead Animal Removal,129
2024-10,WEST VALLEY,Electronic Waste,171
2024-10,WEST VALLEY,Graffiti Removal,1131
2024-10,WEST VALLEY,Homeless Encampment,301
2024-10,WEST VALLEY,Illegal Dumping Pickup,592
2024-10,WEST VALLEY,Metal/Household Appliances,542
2024-10,WEST VALLEY,Multiple Streetlight Issue,139
2024-10,WEST VALLEY,Single Streetlight Issue,107
2024-10,WILSHIRE,Bulky Items,2435
2024-10,WILSHIRE,Dead Animal Removal,145
2024-10,WILSHIRE,Electronic Waste,152
2024-10,WILSHIRE,Graffiti Removal,711
2024-10,WILSHIRE,Homeless Encampment,275
2024-10,WILSHIRE,Illegal Dumping Pickup,354
2024-10,WILSHIRE,Metal/Household Appliances,443
2024-10,WILSHIRE,Multiple Streetlight Issue,221
2024-10,WILSHIRE,Single Streetlight Issue,123
2024-11,77TH STREET,Bulky Items,2712
2024-11,77TH STREET,Dead Animal Removal,219
2024-11,77TH STREET,Electronic Waste,163
2024-11,77TH STREET,Graffiti Removal,774
2024-11,77TH STREET,Homeless Encampment,188
2024-11,77TH STREET,Illegal Dumping Pickup,938
2024-11,77TH STREET,Metal/Household Appliances,435
2024-11,77TH STREET,Multiple Streetlight Issue,133
2024-11,77TH STREET,Single Streetlight Issue,99
2024-11,CENTRAL,Bulky Items,306
2024-11,CENTRAL,Dead Animal Removal,22
2024-11,CENTRAL,Electronic Waste,15
2024-11,CENTRAL,Graffiti Removal,1842
2024-11,CENTRAL,Homeless Encampment,85
2024-11,CENTRAL,Illegal Dumping Pickup,101
2024-11,CENTRAL,Metal/Household Appliances,53
2024-11,CENTRAL,Multiple Streetlight Issue,79
2024-11,CENTRAL,Single Streetlight Issue,65
2024-11,DEVONSHIRE,Bulky Items,3344
2024-11,DEVONSHIRE,Dead Animal Removal,131
2024-11,DEVONSHIRE,Electronic Waste,201
2024-11,DEVONSHIRE,Graffiti Removal,657
2024-11,DEVONSHIRE,Homeless Encampment,167
2024-11,DEVONSHIRE,Illegal Dumping Pickup,385
2024-11,DEVONSHIRE,Metal/Household Appliances,693
2024-11,DEVONSHIRE,Multiple Streetlight Issue,150
2024-11,DEVONSHIRE,Single Streetlight Issue,202
2024-11,FOOTHILL,Bulky Items,2764
2024-11,FOOTHILL,Dead Animal Removal,134
2024-11,FOOTHILL,Electronic Waste,211
2024-11,FOOTHILL,Graffiti Removal,599
2024-11,FOOTHILL,Homeless Encampment,308
2024-11,FOOTHILL,Illegal Dumping Pickup,756
2024-11,FOOTHILL,Metal/Household Appliances,406
2024-11,FOOTHILL,Multiple Streetlight Issue,147
2024-11,FOOTHILL,Single Streetlight Issue,84
2024-11,HARBOR,Bulky Items,2388
2024-11,HARBOR,Dead Animal Removal,103
2024-11,HARBOR,Electronic Waste,190
2024-11,HARBOR,Graffiti Removal,1000
2024-11,HARBOR,Homeless Encampment,66
2024-11,HARBOR,Illegal Dumping Pickup,385
2024-11,HARBOR,Metal/Household Appliances,554
2024-11,HARBOR,Multiple Streetlight Issue,38
2024-11,HARBOR,Single Streetlight Issue,29
2024-11,HOLLENBECK,Bulky Items,2151
2024-11,HOLLENBECK,Dead Animal Removal,84
2024-11,HOLLENBECK,Electronic Waste,173
2024-11,HOLLENBECK,Graffiti Removal,3230
2024-11,HOLLENBECK,Homeless Encampment,238
2024-11,HOLLENBECK,Illegal Dumping Pickup,418
2024-11,HOLLENBECK,Metal/Household Appliances,299
2024-11,HOLLENBECK,Multiple Streetlight Issue,225
2024-11,HOLLENBECK,Single Streetlight Issue,68
2024-11,HOLLYWOOD,Bulky Items,1709
2024-11,HOLLYWOOD,Dead Animal Removal,34
2024-11,HOLLYWOOD,Electronic Waste,95
2024-11,HOLLYWOOD,Graffiti Removal,1334
2024-11,HOLLYWOOD,Homeless Encampment,257
2024-11,HOLLYWOOD,Illegal Dumping Pickup,322
2024-11,HOLLYWOOD,Metal/Household Appliances,286
2024-11,HOLLYWOOD,Multiple Streetlight Issue,131
2024-11,HOLLYWOOD,Single Streetlight Issue,147
2024-11,MISSION,Bulky Items,3044
2024-11,MISSION,Dead Animal Removal,164
2024-11,MISSION,Electronic Waste,178
2024-11,MISSION,Graffiti Removal,2037
2024-11,MISSION,Homeless Encampment,277
2024-11,MISSION,Illegal Dumping Pickup,549
2024-11,MISSION,Metal/Household Appliances,468
2024-11,MISSION,Multiple Streetlight Issue,180
2024-11,MISSION,Single Streetlight Issue,141
2024-11,NEWTON,Bulky Items,1389
2024-11,NEWTON,Dead Animal Removal,133
2024-11,NEWTON,Electronic Waste,76
2024-11,NEWTON,Graffiti Removal,1395
2024-11,NEWTON,Homeless Encampment,361
2024-11,NEWTON,Illegal Dumping Pickup,619
2024-11,NEWTON,Metal/Household Appliances,231
2024-11,NEWTON,Multiple Streetlight Issue,98
2024-11,NEWTON,Single Streetlight Issue,136
2024-11,NORTH HOLLYWOOD,Bulky Items,2943
2024-11,NORTH HOLLYWOOD,Dead Animal Removal,124
2024-11,NORTH HOLLYWOOD,Electronic Waste,183
2024-11,NORTH HOLLYWOOD,Graffiti Removal,864
2024-11,NORTH HOLLYWOOD,Homeless Encampment,480
2024-11,NORTH HOLLYWOOD,Illegal Dumping Pickup,501
2024-11,NORTH HOLLYWOOD,Metal/Household Appliances,444
2024-11,NORTH HOLLYWOOD,Multiple Streetlight Issue,90
2024-11,NORTH HOLLYWOOD,Single Streetlight Issue,87
2024-11,NORTHEAST,Bulky Items,3506
2024-11,NORTHEAST,Dead Animal Removal,108
2024-11,NORTHEAST,Electronic Waste,269
2024-11,NORTHEAST,Graffiti Removal,1153
2024-11,NORTHEAST,Homeless Encampment,319
2024-11,NORTHEAST,Illegal Dumping Pickup,412
2024-11,NORTHEAST,Metal/Household Appliances,648
2024-11,NORTHEAST,Multiple Streetlight Issue,102
2024-11,NORTHEAST,Single Streetlight Issue,74
2024-11,OLYMPIC,Bulky Items,1859
2024-11,OLYMPIC,Dead Animal Removal,41
2024-11,OLYMPIC,Electronic Waste,107
2024-11,OLYMPIC,Graffiti Removal,1732
2024-11,OLYMPIC,Homeless Encampment,395
2024-11,OLYMPIC,Illegal Dumping Pickup,308
2024-11,OLYMPIC,Metal/Household Appliances,239
2024-11,OLYMPIC,Multiple Streetlight Issue,244
2024-11,OLYMPIC,Single Streetlight Issue,134
2024-11,PACIFIC,Bulky Items,2571
2024-11,PACIFIC,Dead Animal Removal,106
2024-11,PACIFIC,Electronic Waste,162
2024-11,PACIFIC,Graffiti Removal,1008
2024-11,PACIFIC,Homeless Encampment,320
2024-11,PACIFIC,Illegal Dumping Pickup,238
2024-11,PACIFIC,Metal/Household Appliances,528
2024-11,PACIFIC,Multiple Streetlight Issue,45
2024-11,PACIFIC,Single Streetlight Issue,38
2024-11,RAMPART,Bulky Items,1465
2024-11,RAMPART,Dead Animal Removal,42
2024-11,RAMPART,Electronic Waste,89
2024-11,RAMPART,Graffiti Removal,2053
2024-11,RAMPART,Homeless Encampment,462
2024-11,RAMPART,Illegal Dumping Pickup,338
2024-11,RAMPART,Metal/Household Appliances,191
2024-11,RAMPART,Multiple Streetlight Issue,393
2024-11,RAMPART,Single Streetlight Issue,154
2024-11,SOUTHEAST,Bulky Items,1722
2024-11,SOUTHEAST,Dead Animal Removal,145
2024-11,SOUTHEAST,Electronic Waste,85
2024-11,SOUTHEAST,Graffiti Removal,858
2024-11,SOUTHEAST,Homeless Encampment,157
2024-11,SOUTHEAST,Illegal Dumping Pickup,582
2024-11,SOUTHEAST,Metal/Household Appliances,221
2024-11,SOUTHEAST,Multiple Streetlight Issue,109
2024-11,SOUTHEAST,Single Streetlight Issue,69
2024-11,SOUTHWEST,Bulky Items,2492
2024-11,SOUTHWEST,Dead Animal Removal,130
2024-11,SOUTHWEST,Electronic Waste,141
2024-11,SOUTHWEST,Graffiti Removal,730
2024-11,SOUTHWEST,Homeless Encampment,140
2024-11,SOUTHWEST,Illegal Dumping Pickup,636
2024-11,SOUTHWEST,Metal/Household Appliances,370
2024-11,SOUTHWEST,Multiple Streetlight Issue,231
2024-11,SOUTHWEST,Single Streetlight Issue,75
2024-11,TOPANGA,Bulky Items,2711
2024-11,TOPANGA,Dead Animal Removal,110
2024-11,TOPANGA,Electronic Waste,200
2024-11,TOPANGA,Graffiti Removal,428
2024-11,TOPANGA,Homeless Encampment,498
2024-11,TOPANGA,Illegal Dumping Pickup,336
2024-11,TOPANGA,Metal/Household Appliances,599
2024-11,TOPANGA,Multiple Streetlight Issue,131
2024-11,TOPANGA,Single Streetlight Issue,139
2024-11,VAN NUYS,Bulky Items,2686
2024-11,VAN NUYS,Dead Animal Removal,82
2024-11,VAN NUYS,Electronic Waste,132
2024-11,VAN NUYS,Graffiti Removal,775
2024-11,VAN NUYS,Homeless Encampment,211
2024-11,VAN NUYS,Illegal Dumping Pickup,530
2024-11,VAN NUYS,Metal/Household Appliances,391
2024-11,VAN NUYS,Multiple Streetlight Issue,69
2024-11,VAN NUYS,Single Streetlight Issue,88
2024-11,WEST LOS ANGELES,Bulky Items,2377
2024-11,WEST LOS ANGELES,Dead Animal Removal,84
2024-11,WEST LOS ANGELES,Electronic Waste,152
2024-11,WEST LOS ANGELES,Graffiti Removal,517
2024-11,WEST LOS ANGELES,Homeless Encampment,301
2024-11,WEST LOS ANGELES,Illegal Dumping Pickup,199
2024-11,WEST LOS ANGELES,Metal/Household Appliances,520
2024-11,WEST LOS ANGELES,Multiple Streetlight Issue,105
2024-11,WEST LOS ANGELES,Single Streetlight Issue,161
2024-11,WEST VALLEY,Bulky Items,2671
2024-11,WEST VALLEY,Dead Animal Removal,151
2024-11,WEST VALLEY,Electronic Waste,155
2024-11,WEST VALLEY,Graffiti Removal,960
2024-11,WEST VALLEY,Homeless Encampment,268
2024-11,WEST VALLEY,Illegal Dumping Pickup,456
2024-11,WEST VALLEY,Metal/Household Appliances,480
2024-11,WEST VALLEY,Multiple Streetlight Issue,123
2024-11,WEST VALLEY,Single Streetlight Issue,77
2024-11,WILSHIRE,Bulky Items,2054
2024-11,WILSHIRE,Dead Animal Removal,55
2024-11,WILSHIRE,Electronic Waste,127
2024-11,WILSHIRE,Graffiti Removal,857
2024-11,WILSHIRE,Homeless Encampment,243
2024-11,WILSHIRE,Illegal Dumping Pickup,288
2024-11,WILSHIRE,Metal/Household Appliances,338
2024-11,WILSHIRE,Multiple Streetlight Issue,225
2024-11,WILSHIRE,Single Streetlight Issue,121
2024-12,77TH STREET,Bulky Items,3093
2024-12,77TH STREET,Dead Animal Removal,156
2024-12,77TH STREET,Electronic Waste,195
2024-12,77TH STREET,Graffiti Removal,981
2024-12,77TH STREET,Homeless Encampment,178
2024-12,77TH STREET,Illegal Dumping Pickup,1149
2024-12,77TH STREET,Metal/Household Appliances,507
2024-12,77TH STREET,Multiple Streetlight Issue,110
2024-12,77TH STREET,Single Streetlight Issue,88
2024-12,CENTRAL,Bulky Items,324
2024-12,CENTRAL,Dead Animal Removal,28
2024-12,CENTRAL,Electronic Waste,15
2024-12,CENTRAL,Graffiti Removal,1681
2024-12,CENTRAL,Homeless Encampment,100
2024-12,CENTRAL,Illegal Dumping Pickup,111
2024-12,CENTRAL,Metal/Household Appliances,37
2024-12,CENTRAL,Multiple Streetlight Issue,155
2024-12,CENTRAL,Single Streetlight Issue,157
2024-12,DEVONSHIRE,Bulky Items,3909
2024-12,DEVONSHIRE,Dead Animal Removal,192
2024-12,DEVONSHIRE,Electronic Waste,284
2024-12,DEVONSHIRE,Graffiti Removal,726
2024-12,DEVONSHIRE,Homeless Encampment,204
2024-12,DEVONSHIRE,Illegal Dumping Pickup,468
2024-12,DEVONSHIRE,Metal/Household Appliances,786
2024-12,DEVONSHIRE,Multiple Streetlight Issue,109
2024-12,DEVONSHIRE,Single Streetlight Issue,63
2024-12,FOOTHILL,Bulky Items,3398
2024-12,FOOTHILL,Dead Animal Removal,103
2024-12,FOOTHILL,Electronic Waste,211
2024-12,FOOTHILL,Graffiti Removal,734
2024-12,FOOTHILL,Homeless Encampment,307
2024-12,FOOTHILL,Illegal Dumping Pickup,1030
2024-12,FOOTHILL,Metal/Household Appliances,490
2024-12,FOOTHILL,Multiple Streetlight Issue,162
2024-12,FOOTHILL,Single Streetlight Issue,138
2024-12,HARBOR,Bulky Items,2569
2024-12,HARBOR,Dead Animal Removal,152
2024-12,HARBOR,Electronic Waste,178
2024-12,HARBOR,Graffiti Removal,908
2024-12,HARBOR,Homeless Encampment,92
2024-12,HARBOR,Illegal Dumping Pickup,408
2024-12,HARBOR,Metal/Household Appliances,560
2024-12,HARBOR,Multiple Streetlight Issue,38
2024-12,HARBOR,Single Streetlight Issue,23
2024-12,HOLLENBECK,Bulky Items,2251
2024-12,HOLLENBECK,Dead Animal Removal,129
2024-12,HOLLENBECK,Electronic Waste,168
2024-12,HOLLENBECK,Graffiti Removal,3422
2024-12,HOLLENBECK,Homeless Encampment,260
2024-12,HOLLENBECK,Illegal Dumping Pickup,468
2024-12,HOLLENBECK,Metal/Household Appliances,296
2024-12,HOLLENBECK,Multiple Streetlight Issue,221
2024-12,HOLLENBECK,Single Streetlight Issue,89
2024-12,HOLLYWOOD,Bulky Items,2090
2024-12,HOLLYWOOD,Dead Animal Removal,39
2024-12,HOLLYWOOD,Electronic Waste,127
2024-12,HOLLYWOOD,Graffiti Removal,1471
2024-12,HOLLYWOOD,Homeless Encampment,342
2024-12,HOLLYWOOD,Illegal Dumping Pickup,357
2024-12,HOLLYWOOD,Metal/Household Appliances,302
2024-12,HOLLYWOOD,Multiple Streetlight Issue,107
2024-12,HOLLYWOOD,Single Streetlight Issue,122
2024-12,MISSION,Bulky Items,3216
2024-12,MISSION,Dead Animal Removal,142
2024-12,MISSION,Electronic Waste,216
2024-12,MISSION,Graffiti Removal,1911
2024-12,MISSION,Homeless Encampment,277
2024-12,MISSION,Illegal Dumping Pickup,575
2024-12,MISSION,Metal/Household Appliances,522
2024-12,MISSION,Multiple Streetlight Issue,186
2024-12,MISSION,Single Streetlight Issue,123
2024-12,NEWTON,Bulky Items,1621
2024-12,NEWTON,Dead Animal Removal,107
2024-12,NEWTON,Electronic Waste,83
2024-12,NEWTON,Graffiti Removal,1107
2024-12,NEWTON,Homeless Encampment,369
2024-12,NEWTON,Illegal Dumping Pickup,656
2024-12,NEWTON,Metal/Household Appliances,234
2024-12,NEWTON,Multiple Streetlight Issue,110
2024-12,NEWTON,Single Streetlight Issue,83
2024-12,NORTH HOLLYWOOD,Bulky Items,3615
2024-12,NORTH HOLLYWOOD,Dead Animal Removal,95
2024-12,NORTH HOLLYWOOD,Electronic Waste,216
2024-12,NORTH HOLLYWOOD,Graffiti Removal,1063
2024-12,NORTH HOLLYWOOD,Homeless Encampment,556
2024-12,NORTH HOLLYWOOD,Illegal Dumping Pickup,586
2024-12,NORTH HOLLYWOOD,Metal/Household Appliances,490
2024-12,NORTH HOLLYWOOD,Multiple Streetlight Issue,82
2024-12,NORTH HOLLYWOOD,Single Streetlight Issue,80
2024-12,NORTHEAST,Bulky Items,3933
2024-12,NORTHEAST,Dead Animal Removal,158
2024-12,NORTHEAST,Electronic Waste,279
2024-12,NORTHEAST,Graffiti Removal,1161
2024-12,NORTHEAST,Homeless Encampment,259
2024-12,NORTHEAST,Illegal Dumping Pickup,449
2024-12,NORTHEAST,Metal/Household Appliances,708
2024-12,NORTHEAST,Multiple Streetlight Issue,82
2024-12,NORTHEAST,Single Streetlight Issue,97
2024-12,OLYMPIC,Bulky Items,2085
2024-12,OLYMPIC,Dead Animal Removal,58
2024-12,OLYMPIC,Electronic Waste,127
2024-12,OLYMPIC,Graffiti Removal,1757
2024-12,OLYMPIC,Homeless Encampment,406
2024-12,OLYMPIC,Illegal Dumping Pickup,332
2024-12,OLYMPIC,Metal/Household Appliances,262
2024-12,OLYMPIC,Multiple Streetlight Issue,329
2024-12,OLYMPIC,Single Streetlight Issue,135
2024-12,PACIFIC,Bulky Items,2744
2024-12,PACIFIC,Dead Animal Removal,112
2024-12,PACIFIC,Electronic Waste,189
2024-12,PACIFIC,Graffiti Removal,776
2024-12,PACIFIC,Homeless Encampment,426
2024-12,PACIFIC,Illegal Dumping Pickup,247
2024-12,PACIFIC,Metal/Household Appliances,492
2024-12,PACIFIC,Multiple Streetlight Issue,79
2024-12,PACIFIC,Single Streetlight Issue,57
2024-12,RAMPART,Bulky Items,1586
2024-12,RAMPART,Dead Animal Removal,56
2024-12,RAMPART,Electronic Waste,91
2024-12,RAMPART,Graffiti Removal,2471
2024-12,RAMPART,Homeless Encampment,419
2024-12,RAMPART,Illegal Dumping Pickup,415
2024-12,RAMPART,Metal/Household Appliances,188
2024-12,RAMPART,Multiple Streetlight Issue,245
2024-12,RAMPART,Single Streetlight Issue,121
2024-12,SOUTHEAST,Bulky Items,1850
2024-12,SOUTHEAST,Dead Animal Removal,131
2024-12,SOUTHEAST,Electronic Waste,107
2024-12,SOUTHEAST,Graffiti Removal,1040
2024-12,SOUTHEAST,Homeless Encampment,178
2024-12,SOUTHEAST,Illegal Dumping Pickup,752
2024-12,SOUTHEAST,Metal/Household Appliances,222
2024-12,SOUTHEAST,Multiple Streetlight Issue,128
2024-12,SOUTHEAST,Single Streetlight Issue,44
2024-12,SOUTHWEST,Bulky Items,3031
2024-12,SOUTHWEST,Dead Animal Removal,133
2024-12,SOUTHWEST,Electronic Waste,180
2024-12,SOUTHWEST,Graffiti Removal,952
2024-12,SOUTHWEST,Homeless Encampment,160
2024-12,SOUTHWEST,Illegal Dumping Pickup,764
2024-12,SOUTHWEST,Metal/Household Appliances,422
2024-12,SOUTHWEST,Multiple Streetlight Issue,213
2024-12,SOUTHWEST,Single Streetlight Issue,98
2024-12,TOPANGA,Bulky Items,3152
2024-12,TOPANGA,Dead Animal Removal,115
2024-12,TOPANGA,Electronic Waste,216
2024-12,TOPANGA,Graffiti Removal,396
2024-12,TOPANGA,Homeless Encampment,522
2024-12,TOPANGA,Illegal Dumping Pickup,375
2024-12,TOPANGA,Metal/Household Appliances,579
2024-12,TOPANGA,Multiple Streetlight Issue,112
2024-12,TOPANGA,Single Streetlight Issue,68
2024-12,VAN NUYS,Bulky Items,3242
2024-12,VAN NUYS,Dead Animal Removal,104
2024-12,VAN NUYS,Electronic Waste,182
2024-12,VAN NUYS,Graffiti Removal,814
2024-12,VAN NUYS,Homeless Encampment,303
2024-12,VAN NUYS,Illegal Dumping Pickup,539
2024-12,VAN NUYS,Metal/Household Appliances,500
2024-12,VAN NUYS,Multiple Streetlight Issue,65
2024-12,VAN NUYS,Single Streetlight Issue,40
2024-12,WEST LOS ANGELES,Bulky Items,2651
2024-12,WEST LOS ANGELES,Dead Animal Removal,112
2024-12,WEST LOS ANGELES,Electronic Waste,165
2024-12,WEST LOS ANGELES,Graffiti Removal,624
2024-12,WEST LOS ANGELES,Homeless Encampment,321
2024-12,WEST LOS ANGELES,Illegal Dumping Pickup,214
2024-12,WEST LOS ANGELES,Metal/Household Appliances,517
2024-12,WEST LOS ANGELES,Multiple Streetlight Issue,63
2024-12,WEST LOS ANGELES,Single Streetlight Issue,86
2024-12,WEST VALLEY,Bulky Items,3065
2024-12,WEST VALLEY,Dead Animal Removal,155
2024-12,WEST VALLEY,Electronic Waste,191
2024-12,WEST VALLEY,Graffiti Removal,1048
2024-12,WEST VALLEY,Homeless Encampment,310
2024-12,WEST VALLEY,Illegal Dumping Pickup,532
2024-12,WEST VALLEY,Metal/Household Appliances,575
2024-12,WEST VALLEY,Multiple Streetlight Issue,70
2024-12,WEST VALLEY,Single Streetlight Issue,57
2024-12,WILSHIRE,Bulky Items,2271
2024-12,WILSHIRE,Dead Animal Removal,68
2024-12,WILSHIRE,Electronic Waste,145
2024-12,WILSHIRE,Graffiti Removal,884
2024-12,WILSHIRE,Homeless Encampment,261
2024-12,WILSHIRE,Illegal Dumping Pickup,330
2024-12,WILSHIRE,Metal/Household Appliances,374
2024-12,WILSHIRE,Multiple Streetlight Issue,314
2024-12,WILSHIRE,Single Streetlight Issue,186
