GEOID,vacancy_rate,owner_occ_rate,renter_occ_rate,median_contract_rent,median_home_value
06037101110,7.2,51.2,48.8,1486.0,739600.0
06037101122,3.1,77.9,22.1,3291.0,917600.0
06037101220,1.7,43.9,56.1,1298.0,734700.0
06037101300,3.3,79.1,20.9,2322.0,890900.0
06037101400,12.3,72.6,27.4,1487.0,799200.0
06037102103,13.0,58.1,41.9,2279.0,821300.0
06037102104,8.4,76.8,23.2,2995.0,745800.0
06037102105,7.7,58.9,41.1,1740.0,731800.0
06037102107,5.7,78.6,21.4,1720.0,964600.0
06037103101,1.9,86.7,13.3,2064.0,798600.0
06037103102,7.1,68.2,31.8,1433.0,616400.0
06037103300,10.1,86.7,13.3,2452.0,1113500.0
06037104103,2.0,83.5,16.5,2118.0,669100.0
06037104105,2.3,49.4,50.6,1200.0,470200.0
06037104108,6.5,41.7,58.3,1730.0,583900.0
06037104124,3.6,83.5,16.5,1148.0,677600.0
06037104201,3.0,76.4,23.6,1926.0,622300.0
06037104203,7.7,61.6,38.4,1417.0,551900.0
06037104204,2.4,68.8,31.2,1305.0,565400.0
06037104310,4.8,79.3,20.7,1828.0,611300.0
06037104401,8.4,55.2,44.8,1431.0,642000.0
06037104403,12.4,68.2,31.8,2050.0,614400.0
06037104404,0.0,43.3,56.7,1637.0,597300.0
06037104500,3.4,72.9,27.1,1943.0,564800.0
06037104610,7.1,59.2,40.8,1538.0,620800.0
06037104620,0.0,66.6,33.4,1524.0,603900.0
06037104701,4.8,23.7,76.3,1137.0,621200.0
06037104703,7.6,38.9,61.1,1670.0,479200.0
06037104704,4.0,64.9,35.1,1891.0,350000.0
06037104821,2.6,38.5,61.5,1536.0,661800.0
06037104822,2.2,34.1,65.9,1507.0,665200.0
06037106010,3.5,80.9,19.1,2519.0,688700.0
06037106020,3.3,72.3,27.7,1963.0,700800.0
06037106111,4.3,96.0,4.0,,613700.0
06037106112,3.3,81.7,18.3,2212.0,652000.0
06037106113,0.0,89.8,10.2,1804.0,661900.0
06037106114,3.1,49.0,51.0,1759.0,548800.0
06037106403,0.7,76.5,23.5,1521.0,648200.0
06037106405,4.3,63.6,36.4,1112.0,532600.0
06037106406,6.3,77.0,23.0,2253.0,501800.0
06037106407,8.9,15.9,84.1,1508.0,358900.0
06037106408,7.9,16.8,83.2,1724.0,466100.0
06037106510,8.6,77.9,22.1,2197.0,707600.0
06037106520,5.5,69.9,30.1,1754.0,637300.0
06037106603,0.0,88.9,11.1,1920.0,958200.0
06037106604,0.0,38.5,61.5,1712.0,733400.0
06037106641,7.7,83.2,16.8,3262.0,1043500.0
06037106642,3.7,90.5,9.5,3500.0,914900.0
06037106643,6.4,95.7,4.3,2269.0,1191700.0
06037106645,3.5,87.1,12.9,3501.0,1041100.0
06037106646,1.6,85.4,14.6,1833.0,803900.0
06037106648,1.8,41.3,58.7,1492.0,547500.0
06037106649,5.0,89.7,10.3,2634.0,666400.0
06037107010,3.9,66.7,33.3,2014.0,682100.0
06037107020,4.1,70.4,29.6,1976.0,626400.0
06037108101,3.6,91.3,8.7,3250.0,991200.0
06037108102,2.5,86.0,14.0,3044.0,944100.0
06037108103,4.6,89.9,10.1,3501.0,1075000.0
06037108104,5.2,85.1,14.9,3501.0,1030200.0
06037108202,9.4,71.0,29.0,3082.0,1328800.0
06037109100,8.1,69.2,30.8,1486.0,541400.0
06037109200,5.2,86.0,14.0,2772.0,719700.0
06037109300,5.4,88.1,11.9,2456.0,752100.0
06037109400,3.3,68.3,31.7,1919.0,551900.0
06037109500,4.6,78.1,21.9,1913.0,642800.0
06037109601,1.9,85.2,14.8,2271.0,686900.0
06037109603,0.0,59.5,40.5,1625.0,673100.0
06037109604,4.4,80.6,19.4,1049.0,694900.0
06037109700,4.1,71.4,28.6,1976.0,773600.0
06037109800,2.2,74.6,25.4,1864.0,690400.0
06037111100,5.7,61.3,38.7,1950.0,766700.0
06037111201,7.0,86.8,13.2,2125.0,879700.0
06037111202,1.3,61.6,38.4,2406.0,752700.0
06037111204,4.1,87.3,12.7,3501.0,1101800.0
06037111205,4.1,55.8,44.2,1977.0,764900.0
06037111206,9.4,92.5,7.5,2910.0,918300.0
06037111302,4.8,46.8,53.2,1890.0,978100.0
06037113101,2.0,89.1,10.9,2750.0,938500.0
06037113102,0.5,97.0,3.0,,1237500.0
06037113211,6.4,79.6,20.4,2360.0,667300.0
06037113212,2.8,58.7,41.3,1947.0,769500.0
06037113213,1.3,64.6,35.4,2122.0,731700.0
06037113231,4.4,87.5,12.5,1875.0,1011800.0
06037113232,2.4,88.2,11.8,2417.0,930400.0
06037113234,2.6,48.5,51.5,1589.0,561400.0
06037113235,5.2,68.8,31.2,2234.0,588800.0
06037113237,7.1,71.3,28.7,2215.0,952600.0
06037113301,10.3,43.7,56.3,3004.0,1073400.0
06037113303,0.8,81.5,18.5,2371.0,831700.0
06037113322,1.7,76.8,23.2,1843.0,855500.0
06037115101,5.4,86.2,13.8,,1117800.0
06037115103,48.1,0.0,100.0,1306.0,
06037115104,9.5,27.1,72.9,1979.0,683000.0
06037115202,3.1,38.6,61.4,1935.0,814400.0
06037115301,6.9,52.0,48.0,2108.0,939700.0
06037115302,2.1,36.7,63.3,1659.0,846900.0
06037115401,7.8,33.6,66.4,1737.0,769000.0
06037115403,2.3,21.4,78.6,1356.0,831100.0
06037115404,4.4,42.4,57.6,1917.0,794700.0
06037117101,3.6,67.0,33.0,1479.0,621800.0
06037117102,6.5,81.9,18.1,2121.0,609100.0
06037117201,4.9,28.6,71.4,1360.0,717400.0
06037117202,4.8,64.4,35.6,921.0,742100.0
06037117301,1.5,74.3,25.7,3051.0,819700.0
06037117302,6.6,75.4,24.6,1790.0,851900.0
06037117303,2.1,88.2,11.8,,871500.0
06037117404,2.2,78.5,21.5,2215.0,812600.0
06037117405,8.8,9.0,91.0,1456.0,371200.0
06037117407,1.9,0.7,99.3,1449.0,
06037117408,1.3,13.7,86.3,1404.0,629300.0
06037117510,6.6,10.7,89.3,1938.0,442900.0
06037117520,4.3,7.3,92.7,1462.0,531300.0
06037117530,2.3,16.3,83.7,1392.0,501100.0
06037119001,0.9,83.5,16.5,2278.0,662400.0
06037119201,2.0,82.0,18.0,2081.0,619200.0
06037119202,1.4,65.7,34.3,1469.0,604600.0
06037119310,1.5,55.6,44.4,1124.0,449700.0
06037119320,0.0,31.2,68.8,1805.0,559800.0
06037119340,5.5,0.8,99.2,1389.0,
06037119341,0.0,39.6,60.4,1699.0,462800.0
06037119342,4.3,48.5,51.5,1778.0,448800.0
06037119400,2.2,82.9,17.1,2175.0,639500.0
06037119700,5.3,77.8,22.2,,683100.0
06037119900,3.7,78.7,21.3,2058.0,619900.0
06037120010,0.0,49.9,50.1,1202.0,623300.0
06037120020,1.3,17.3,82.7,1455.0,610200.0
06037120030,3.7,9.0,91.0,1184.0,671200.0
06037120103,2.0,6.2,93.8,1436.0,376900.0
06037120104,2.0,6.3,93.7,1712.0,509300.0
06037120105,2.9,33.8,66.2,1129.0,620000.0
06037120106,2.4,19.8,80.2,1373.0,
06037120107,0.0,6.2,93.8,1455.0,534400.0
06037120108,3.3,38.9,61.1,1463.0,451900.0
06037120300,1.1,60.6,39.4,1301.0,666300.0
06037120400,0.0,34.7,65.3,1391.0,649900.0
06037121010,6.0,73.8,26.2,1602.0,768600.0
06037121020,8.9,58.0,42.0,1653.0,750400.0
06037121101,1.3,42.7,57.3,1534.0,574200.0
06037121102,9.2,63.8,36.2,1640.0,782500.0
06037121210,5.4,66.0,34.0,1346.0,668300.0
06037121221,3.2,76.7,23.3,1426.0,614300.0
06037121222,4.7,40.5,59.5,1494.0,697100.0
06037121600,11.4,85.7,14.3,2102.0,770700.0
06037121801,7.7,28.0,72.0,1689.0,609000.0
06037121802,10.4,63.9,36.1,1125.0,696000.0
06037121900,18.8,46.7,53.3,1371.0,685800.0
06037122000,2.1,68.9,31.1,1803.0,704100.0
06037122120,0.0,53.0,47.0,1738.0,716900.0
06037122121,1.1,33.5,66.5,1536.0,633200.0
06037122122,5.0,15.2,84.8,1540.0,569700.0
06037122200,11.0,51.1,48.9,1729.0,715200.0
06037122410,2.9,13.0,87.0,1592.0,456300.0
06037122420,3.1,28.9,71.1,1471.0,793300.0
06037123010,5.2,30.7,69.3,1474.0,662300.0
06037123020,7.7,56.1,43.9,1510.0,627500.0
06037123103,5.1,42.2,57.8,1702.0,647400.0
06037123104,9.7,32.6,67.4,1557.0,813400.0
06037123203,0.0,13.1,86.9,1666.0,782000.0
06037123204,4.7,12.3,87.7,1472.0,872100.0
06037123205,5.2,29.3,70.7,1592.0,945400.0
06037123206,5.9,21.2,78.8,1227.0,607500.0
06037123301,3.4,43.1,56.9,1804.0,632700.0
06037123303,4.7,33.8,66.2,1716.0,844200.0
06037123304,3.5,24.8,75.2,1442.0,860600.0
06037123410,4.1,17.3,82.7,1461.0,794500.0
06037123420,5.5,33.0,67.0,1558.0,776200.0
06037123510,5.8,24.3,75.7,1491.0,1023400.0
06037123520,7.7,41.4,58.6,1620.0,856600.0
06037123601,4.4,42.4,57.6,1767.0,821000.0
06037123602,7.8,38.5,61.5,1503.0,1060700.0
06037123700,4.9,42.4,57.6,1756.0,801600.0
06037123800,4.0,39.2,60.8,1731.0,950600.0
06037123901,9.5,35.7,64.3,1722.0,956500.0
06037123902,5.3,39.5,60.5,1774.0,1037600.0
06037124000,4.7,47.5,52.5,1862.0,1316700.0
06037124102,6.2,26.4,73.6,1748.0,1011900.0
06037124103,4.9,37.2,62.8,1384.0,889100.0
06037124104,5.3,11.2,88.8,1624.0,866600.0
06037124105,5.5,19.3,80.7,1636.0,750000.0
06037124201,7.7,46.5,53.5,1521.0,766000.0
06037124203,4.3,18.2,81.8,1678.0,938600.0
06037124204,2.6,15.8,84.2,1370.0,642000.0
06037124300,11.8,31.2,68.8,1656.0,828600.0
06037124400,5.0,33.3,66.7,2079.0,1050800.0
06037124500,4.0,57.2,42.8,1988.0,1101200.0
06037124600,11.6,37.4,62.6,2367.0,1335500.0
06037124700,3.9,40.5,59.5,1872.0,1331300.0
06037124902,9.3,15.9,84.1,1570.0,907200.0
06037124903,3.8,18.1,81.9,1991.0,689100.0
06037125200,10.0,27.4,72.6,2057.0,1104300.0
06037125310,16.0,18.2,81.8,1839.0,1157500.0
06037125402,10.1,15.7,84.3,1965.0,814800.0
06037125501,5.7,11.4,88.6,1692.0,1041100.0
06037125502,8.6,19.7,80.3,1796.0,696900.0
06037125600,6.0,44.2,55.8,1939.0,1656300.0
06037127102,4.1,37.5,62.5,1714.0,572800.0
06037127103,5.5,19.6,80.4,1518.0,561600.0
06037127104,3.2,32.0,68.0,1631.0,733600.0
06037127210,6.0,31.8,68.2,1609.0,595300.0
06037127220,5.7,24.3,75.7,1587.0,621400.0
06037127300,1.7,34.3,65.7,1620.0,705500.0
06037127400,4.3,27.3,72.7,1479.0,602500.0
06037127520,0.0,0.0,100.0,1377.0,
06037127603,2.0,14.3,85.7,1687.0,620500.0
06037127604,2.1,12.1,87.9,1639.0,645800.0
06037127605,3.5,23.4,76.6,1716.0,697700.0
06037127606,5.3,29.7,70.3,1655.0,796400.0
06037127711,0.0,34.0,66.0,1819.0,841200.0
06037127712,4.7,15.1,84.9,1588.0,851900.0
06037127803,14.0,22.8,77.2,1619.0,725500.0
06037127804,5.7,23.9,76.1,1537.0,657600.0
06037127805,3.5,17.1,82.9,1284.0,1005000.0
06037127806,5.5,20.0,80.0,1598.0,832400.0
06037127910,6.1,22.9,77.1,1584.0,726900.0
06037127920,1.9,41.9,58.1,1593.0,763500.0
06037128101,7.6,26.3,73.7,1709.0,870000.0
06037128102,5.8,18.7,81.3,1477.0,627700.0
06037128210,3.6,3.1,96.9,1481.0,
06037128220,3.4,25.2,74.8,1690.0,740700.0
06037128302,9.9,22.1,77.9,1407.0,710500.0
06037128303,4.5,5.7,94.3,1255.0,488500.0
06037128400,2.8,51.9,48.1,1933.0,1046400.0
06037128500,1.6,40.8,59.2,1883.0,838300.0
06037128601,3.0,19.3,80.7,1560.0,775900.0
06037128602,5.7,45.4,54.6,1887.0,1192500.0
06037128801,7.9,24.2,75.8,2050.0,665200.0
06037128802,8.4,28.6,71.4,1990.0,1157700.0
06037128910,8.6,47.5,52.5,1979.0,1219600.0
06037131100,0.0,82.4,17.6,3491.0,798600.0
06037131200,2.4,82.8,17.2,1827.0,713900.0
06037131300,2.3,80.3,19.7,1020.0,689100.0
06037131400,10.5,49.5,50.5,1922.0,698700.0
06037131600,11.8,78.8,21.2,1608.0,712800.0
06037131701,0.0,49.6,50.4,1708.0,726800.0
06037131702,4.0,63.8,36.2,2130.0,637600.0
06037131900,3.6,81.4,18.6,2620.0,778900.0
06037132001,0.0,62.2,37.8,1761.0,815000.0
06037132002,0.8,64.3,35.7,2324.0,847800.0
06037132101,5.7,46.4,53.6,1825.0,778700.0
06037132102,0.8,47.9,52.1,1833.0,701700.0
06037132501,4.4,47.3,52.7,1900.0,626300.0
06037132502,2.7,61.9,38.1,1648.0,587600.0
06037132700,4.3,57.8,42.2,1366.0,805300.0
06037132900,5.9,58.9,41.1,2077.0,915800.0
06037133000,6.0,74.0,26.0,2170.0,630100.0
06037134001,1.7,42.6,57.4,1683.0,622300.0
06037134002,0.0,41.7,58.3,1422.0,679300.0
06037134101,4.8,70.7,29.3,1880.0,829900.0
06037134103,5.8,62.5,37.5,1499.0,679000.0
06037134104,4.7,53.1,46.9,1733.0,809000.0
06037134201,5.2,82.6,17.4,2036.0,691600.0
06037134302,0.0,77.4,22.6,3116.0,818500.0
06037134303,1.5,67.4,32.6,2378.0,693100.0
06037134304,2.8,62.7,37.3,1652.0,722200.0
06037134305,1.2,1.2,98.8,1636.0,
06037134306,2.7,23.5,76.5,1648.0,546600.0
06037134421,1.1,89.1,10.9,3501.0,1050000.0
06037134422,4.9,76.5,23.5,3255.0,944400.0
06037134423,2.3,77.8,22.2,3501.0,1042500.0
06037134424,0.9,90.1,9.9,3501.0,1208900.0
06037134520,8.4,10.7,89.3,1454.0,506500.0
06037134521,1.2,13.0,87.0,1463.0,677100.0
06037134522,5.9,19.7,80.3,1406.0,578900.0
06037134710,4.2,18.4,81.6,1603.0,641700.0
06037134720,1.5,54.7,45.3,1942.0,654000.0
06037134901,4.5,58.5,41.5,1312.0,898600.0
06037134904,5.6,39.6,60.4,1419.0,802900.0
06037134905,9.0,7.8,92.2,2992.0,648100.0
06037135102,3.5,77.3,22.7,2698.0,893200.0
06037135111,6.9,49.9,50.1,2041.0,784400.0
06037135113,13.7,14.9,85.1,2506.0,386000.0
06037135201,7.0,88.5,11.5,2471.0,921100.0
06037135202,1.6,71.3,28.7,3364.0,855100.0
06037137000,7.1,85.1,14.9,3328.0,1154000.0
06037137103,5.1,47.8,52.2,2605.0,605000.0
06037137104,6.2,87.4,12.6,1755.0,915600.0
06037137301,7.4,94.3,5.7,3501.0,1310700.0
06037137302,4.9,89.5,10.5,3501.0,1216500.0
06037137401,8.8,62.0,38.0,2867.0,1048900.0
06037137402,6.3,71.6,28.4,3152.0,1250900.0
06037137501,7.3,36.1,63.9,2423.0,1610700.0
06037137502,8.0,74.0,26.0,2633.0,1038600.0
06037137504,5.7,94.3,5.7,,1731700.0
06037138000,4.4,85.0,15.0,3276.0,1064500.0
06037139001,3.6,46.5,53.5,2299.0,906000.0
06037139200,4.9,54.7,45.3,2076.0,828200.0
06037139301,10.1,80.4,19.6,3501.0,1125400.0
06037139302,1.6,25.9,74.1,1894.0,373600.0
06037139303,2.2,27.4,72.6,1549.0,542400.0
06037139401,7.1,26.1,73.9,1922.0,1058600.0
06037139402,7.7,94.8,5.2,3501.0,1772400.0
06037139502,7.9,58.7,41.3,2105.0,1105300.0
06037139504,6.1,29.2,70.8,1806.0,662300.0
06037139600,5.9,56.2,43.8,1930.0,1501200.0
06037139701,8.6,74.9,25.1,2391.0,1698700.0
06037139703,5.9,95.7,4.3,3501.0,2000001.0
06037139801,2.6,98.4,1.6,,1788000.0
06037139802,2.2,92.1,7.9,3501.0,1690900.0
06037141101,10.8,27.7,72.3,2150.0,1069000.0
06037141102,7.2,31.1,68.9,2151.0,1566200.0
06037141201,5.2,21.3,78.7,1879.0,1089800.0
06037141202,5.5,48.6,51.4,2351.0,930500.0
06037141303,12.5,18.0,82.0,2125.0,595500.0
06037141304,12.9,44.8,55.2,2154.0,1375000.0
06037141400,5.1,54.1,45.9,2017.0,1604300.0
06037141500,3.2,95.9,4.1,,2000001.0
06037141600,7.6,87.1,12.9,3501.0,1756000.0
06037141700,14.6,89.3,10.7,3501.0,1747800.0
06037143200,7.9,29.6,70.4,1819.0,937500.0
06037143500,7.1,44.2,55.8,2547.0,1504500.0
06037143602,5.2,41.4,58.6,1778.0,1075000.0
06037143603,5.4,30.8,69.2,1990.0,926600.0
06037143700,14.4,72.5,27.5,1838.0,1824100.0
06037143901,7.9,89.2,10.8,3501.0,1991100.0
06037143902,7.8,57.1,42.9,2248.0,1826600.0
06037181000,12.9,72.4,27.6,1743.0,1358300.0
06037181300,4.4,68.9,31.1,1634.0,1081800.0
06037181400,5.2,41.3,58.7,1745.0,1047400.0
06037181500,5.3,69.5,30.5,1865.0,1128900.0
06037181600,5.4,45.4,54.6,1657.0,1136200.0
06037183101,8.6,52.9,47.1,1633.0,962000.0
06037183103,1.8,23.5,76.5,1695.0,846200.0
06037183104,4.9,60.5,39.5,1673.0,993200.0
06037183220,9.5,58.1,41.9,1698.0,932700.0
06037183221,2.6,59.5,40.5,1679.0,974200.0
06037183222,4.0,56.1,43.9,1212.0,1023000.0
06037183300,7.4,47.9,52.1,1661.0,1051100.0
06037183401,3.7,50.3,49.7,1813.0,1013200.0
06037183402,4.3,28.2,71.8,1743.0,1130500.0
06037183510,3.1,70.5,29.5,1692.0,993900.0
06037183520,7.3,36.2,63.8,1363.0,969000.0
06037183610,6.8,32.1,67.9,2105.0,1004000.0
06037183620,1.8,44.6,55.4,1609.0,1109500.0
06037183701,6.9,30.1,69.9,1587.0,659400.0
06037183702,4.7,54.1,45.9,1833.0,1011800.0
06037183810,5.4,17.2,82.8,1577.0,1049000.0
06037183820,0.0,15.8,84.2,1301.0,1076700.0
06037185202,3.0,51.0,49.0,1811.0,1179800.0
06037185203,7.1,33.1,66.9,1522.0,939600.0
06037185204,5.0,73.4,26.6,,1131500.0
06037185310,4.4,34.8,65.2,1582.0,843800.0
06037185320,2.0,35.4,64.6,981.0,748000.0
06037186100,3.6,54.1,45.9,1602.0,983400.0
06037186201,3.9,41.2,58.8,1261.0,1022200.0
06037186202,7.0,37.8,62.2,1805.0,980600.0
06037186203,1.9,75.3,24.7,2633.0,1129200.0
06037186301,2.7,29.5,70.5,1704.0,965500.0
06037186302,5.3,67.1,32.9,1817.0,1128800.0
06037186401,5.7,18.0,82.0,1500.0,700700.0
06037186403,7.6,37.7,62.3,1548.0,822500.0
06037186404,6.8,24.4,75.6,1783.0,847800.0
06037187101,6.7,41.9,58.1,2069.0,1146800.0
06037187102,4.5,32.7,67.3,1374.0,997400.0
06037187200,3.9,38.8,61.2,2303.0,821600.0
06037187300,5.6,36.0,64.0,2175.0,1222300.0
06037188100,5.8,24.3,75.7,2011.0,1179300.0
06037188201,16.9,21.7,78.3,2167.0,1185800.0
06037188202,3.4,55.0,45.0,2256.0,2000001.0
06037188300,8.8,44.3,55.7,2309.0,1084400.0
06037189101,13.3,19.2,80.8,2282.0,1075900.0
06037189102,5.0,20.1,79.9,1987.0,2000001.0
06037189201,12.1,4.1,95.9,1815.0,
06037189202,6.7,41.1,58.9,2205.0,2000001.0
06037189300,13.8,90.9,9.1,1192.0,2000001.0
06037189400,23.8,52.9,47.1,2342.0,1989200.0
06037189600,13.7,37.2,62.8,1868.0,2000001.0
06037189702,16.6,36.0,64.0,1860.0,2000001.0
06037189903,6.8,32.1,67.9,2251.0,632600.0
06037189904,8.4,2.2,97.8,1971.0,
06037189905,9.4,13.2,86.8,1913.0,1574100.0
06037190201,12.6,0.0,100.0,1551.0,
06037190202,24.9,1.2,98.8,1806.0,
06037190401,13.5,0.4,99.6,1649.0,
06037190402,12.4,0.0,100.0,1688.0,
06037190510,20.8,0.0,100.0,1639.0,
06037190520,8.4,6.4,93.6,1484.0,711200.0
06037190801,11.3,4.2,95.8,1271.0,1017900.0
06037190802,11.8,10.6,89.4,1698.0,963800.0
06037190901,22.9,1.5,98.5,1346.0,
06037190902,8.6,11.0,89.0,1645.0,1178200.0
06037191000,26.8,2.1,97.9,2299.0,
06037191110,11.8,1.8,98.2,1424.0,
06037191120,7.7,5.9,94.1,1325.0,1219800.0
06037191201,16.7,4.5,95.5,1420.0,888200.0
06037191203,13.1,11.2,88.8,1417.0,982100.0
06037191204,16.7,13.6,86.4,1504.0,1116100.0
06037191301,8.2,18.5,81.5,1562.0,979200.0
06037191302,14.4,9.0,91.0,1645.0,802100.0
06037191410,8.8,8.7,91.3,1258.0,1108700.0
06037191420,9.7,18.3,81.7,1613.0,1187500.0
06037191500,2.9,13.8,86.2,1444.0,982100.0
06037191610,8.0,7.8,92.2,1667.0,
06037191620,12.5,4.2,95.8,1633.0,467500.0
06037191710,14.4,8.2,91.8,1220.0,629700.0
06037191720,7.6,8.5,91.5,1278.0,1304300.0
06037191810,8.3,2.8,97.2,1762.0,
06037191820,3.5,8.2,91.8,2149.0,815100.0
06037191901,13.1,2.3,97.7,2007.0,1550000.0
06037191902,13.0,42.4,57.6,2232.0,1750000.0
06037192001,22.9,22.1,77.9,1956.0,1660000.0
06037192002,9.3,54.7,45.3,2454.0,1743400.0
06037192300,16.1,28.6,71.4,2170.0,1250000.0
06037192410,6.6,37.8,62.2,2008.0,1619900.0
06037192420,7.7,12.1,87.9,1830.0,1002200.0
06037192510,4.0,13.2,86.8,1696.0,970800.0
06037192520,8.9,9.6,90.4,1633.0,925000.0
06037192610,9.9,3.7,96.3,1554.0,1328700.0
06037192620,7.7,2.3,97.7,1402.0,705900.0
06037192700,10.7,9.3,90.7,1719.0,910300.0
06037194101,12.5,32.5,67.5,1956.0,1932400.0
06037194102,27.0,74.9,25.1,2133.0,2000001.0
06037194200,16.1,74.5,25.5,2711.0,2000001.0
06037194300,20.5,81.5,18.5,3501.0,2000001.0
06037194401,8.1,16.2,83.8,2332.0,2000001.0
06037194402,7.9,33.9,66.1,2484.0,1243900.0
06037194500,11.6,40.7,59.3,2276.0,2000001.0
06037195100,8.2,70.8,29.2,1867.0,2000001.0
06037195201,5.1,27.1,72.9,1784.0,1613400.0
06037195202,5.2,52.6,47.4,2524.0,1598900.0
06037195300,12.0,23.4,76.6,1673.0,1107100.0
06037195400,7.4,45.9,54.1,1813.0,1638000.0
06037195500,3.6,43.7,56.3,1564.0,1097800.0
06037195600,9.5,31.2,68.8,1156.0,1011800.0
06037195710,2.9,13.1,86.9,1615.0,1280000.0
06037195720,12.9,19.5,80.5,2025.0,916700.0
06037195802,2.9,23.7,76.3,1634.0,1066700.0
06037195803,10.6,23.9,76.1,1878.0,1143800.0
06037195804,12.5,20.5,79.5,1404.0,1179900.0
06037195901,8.6,7.8,92.2,2038.0,1601200.0
06037195902,13.7,38.0,62.0,2055.0,1170000.0
06037195903,10.1,18.6,81.4,1868.0,1095600.0
06037197200,5.2,42.6,57.4,1635.0,890600.0
06037197300,6.6,33.2,66.8,1926.0,1177300.0
06037197410,11.1,55.4,44.6,2017.0,1264000.0
06037197420,3.0,34.3,65.7,2011.0,1085000.0
06037197500,5.2,11.3,88.7,1628.0,1200000.0
06037197600,4.4,15.2,84.8,1982.0,894800.0
06037197700,2.1,17.2,82.8,2023.0,854700.0
06037199110,4.9,61.4,38.6,1387.0,714600.0
06037199120,2.9,19.0,81.0,1180.0,675300.0
06037199201,4.1,19.4,80.6,1222.0,
06037199202,4.4,56.7,43.3,1226.0,742600.0
06037199300,1.9,61.6,38.4,1092.0,940800.0
06037199400,3.2,26.4,73.6,1285.0,834200.0
06037199700,0.0,18.8,81.2,1409.0,670100.0
06037199900,2.5,18.0,82.0,1073.0,652900.0
06037201110,7.7,66.0,34.0,1327.0,833300.0
06037201120,4.9,39.2,60.8,1496.0,824900.0
06037201200,0.9,56.7,43.3,1266.0,788500.0
06037201301,4.0,48.5,51.5,1029.0,848600.0
06037201302,5.4,76.5,23.5,2000.0,631700.0
06037201401,5.5,43.8,56.2,1422.0,687000.0
06037201402,4.1,69.9,30.1,1598.0,784600.0
06037201501,7.2,44.0,56.0,1470.0,786300.0
06037201503,4.7,36.6,63.4,1209.0,734700.0
06037201504,6.3,57.1,42.9,1191.0,760900.0
06037201601,6.5,65.7,34.3,1359.0,761800.0
06037201602,7.1,52.3,47.7,1615.0,842600.0
06037201700,6.0,50.3,49.7,1365.0,755100.0
06037203100,3.0,11.1,88.9,1020.0,692200.0
06037203200,4.3,27.2,72.8,1278.0,615000.0
06037203300,3.7,14.6,85.4,1410.0,649000.0
06037203500,7.3,28.8,71.2,1234.0,780500.0
06037203710,3.3,20.9,79.1,1225.0,793300.0
06037203720,7.4,31.4,68.6,1210.0,662900.0
06037203800,2.0,37.5,62.5,1064.0,525000.0
06037203900,4.1,42.5,57.5,1132.0,641600.0
06037204110,7.9,40.1,59.9,949.0,586100.0
06037204120,4.3,31.7,68.3,1584.0,636700.0
06037204200,6.6,16.4,83.6,1234.0,576700.0
06037204300,2.4,26.3,73.7,1139.0,613600.0
06037204410,2.2,15.2,84.8,1214.0,632100.0
06037204420,12.9,4.0,96.0,1004.0,
06037204600,3.6,23.1,76.9,1392.0,578500.0
06037204700,5.9,51.1,48.9,1078.0,615400.0
06037204810,2.5,29.4,70.6,1345.0,630300.0
06037204820,3.2,44.4,55.6,1606.0,600000.0
06037204910,2.6,21.8,78.2,1042.0,720600.0
06037204920,3.9,43.8,56.2,1213.0,592100.0
06037205110,3.2,0.0,100.0,1409.0,
06037205120,0.0,9.3,90.7,1183.0,622800.0
06037206010,10.4,7.2,92.8,1196.0,807700.0
06037206020,1.6,0.0,100.0,2813.0,
06037206050,5.9,2.5,97.5,1004.0,
06037207101,9.3,1.7,98.3,2012.0,587000.0
06037207102,2.6,0.4,99.6,1526.0,
06037207103,5.4,2.0,98.0,1191.0,937500.0
06037207400,2.6,0.0,100.0,2808.0,
06037207501,20.8,25.6,74.4,2493.0,700700.0
06037207502,10.1,0.0,100.0,,
06037208301,3.2,6.0,94.0,1353.0,
06037208302,11.8,20.1,79.9,1041.0,977300.0
06037208401,8.9,1.6,98.4,1323.0,
06037208402,3.3,15.5,84.5,1642.0,832400.0
06037208501,10.8,9.7,90.3,1740.0,934300.0
06037208502,8.1,5.1,94.9,1122.0,1077800.0
06037208610,5.3,10.9,89.1,1550.0,932100.0
06037208620,8.0,10.8,89.2,1465.0,805900.0
06037208710,7.9,14.5,85.5,1737.0,480400.0
06037208720,8.9,2.4,97.6,1135.0,
06037208801,4.5,1.3,98.7,1338.0,
06037208802,9.3,0.0,100.0,1365.0,
06037208902,5.7,0.0,100.0,1428.0,
06037208903,9.4,0.0,100.0,1365.0,
06037208904,4.2,2.9,97.1,921.0,
06037209103,4.9,0.0,100.0,1144.0,
06037209104,6.6,0.7,99.3,939.0,
06037209300,5.9,0.4,99.6,1239.0,
06037209401,5.5,0.5,99.5,1094.0,
06037209402,3.3,5.2,94.8,1123.0,
06037209403,3.6,3.3,96.7,910.0,
06037209510,4.1,4.5,95.5,1367.0,808300.0
06037209520,6.4,2.2,97.8,1156.0,
06037209810,2.5,2.3,97.7,985.0,
06037209820,6.1,17.9,82.1,1017.0,858700.0
06037210010,2.0,12.3,87.7,889.0,565000.0
06037211000,11.6,60.9,39.1,3501.0,2000001.0
06037211121,9.2,8.7,91.3,1746.0,
06037211122,16.0,7.7,92.3,1762.0,
06037211201,2.1,7.5,92.5,1481.0,663500.0
06037211202,6.1,2.6,97.4,1307.0,
06037211310,5.3,8.2,91.8,1423.0,634100.0
06037211320,10.4,3.5,96.5,1417.0,
06037211410,13.3,9.1,90.9,1441.0,1339300.0
06037211420,8.6,14.1,85.9,1641.0,1008400.0
06037211500,6.5,35.1,64.9,1631.0,2000001.0
06037211701,4.7,34.5,65.5,1896.0,899400.0
06037211703,4.5,7.5,92.5,1490.0,602500.0
06037211704,11.6,13.0,87.0,1497.0,679300.0
06037211802,10.0,8.5,91.5,1643.0,893800.0
06037211803,5.8,4.3,95.7,1725.0,539600.0
06037211804,9.0,1.4,98.6,1633.0,
06037211910,10.7,0.7,99.3,1583.0,
06037211921,9.5,0.7,99.3,1445.0,
06037211922,5.3,0.7,99.3,1450.0,
06037212101,11.4,10.2,89.8,1910.0,697000.0
06037212102,11.7,3.4,96.6,1436.0,
06037212202,7.1,6.2,93.8,1567.0,618400.0
06037212203,14.9,0.9,99.1,1356.0,
06037212204,6.6,3.2,96.8,1466.0,1596900.0
06037212303,11.9,0.0,100.0,1615.0,
06037212304,18.4,1.3,98.7,1450.0,
06037212305,11.1,2.3,97.7,1358.0,
06037212306,11.3,4.3,95.7,1683.0,552400.0
06037212410,12.8,3.7,96.3,1748.0,709500.0
06037212420,8.8,3.1,96.9,1621.0,
06037212501,8.3,3.5,96.5,1577.0,
06037212502,8.0,3.5,96.5,1983.0,1075600.0
06037212610,7.8,18.8,81.2,1589.0,729700.0
06037212620,6.3,9.2,90.8,1482.0,953800.0
06037212701,3.9,34.6,65.4,1638.0,1135400.0
06037212702,9.9,48.0,52.0,1795.0,1229800.0
06037212800,13.2,49.2,50.8,1306.0,1360100.0
06037212900,7.5,5.7,94.3,1403.0,1312500.0
06037213100,1.8,18.5,81.5,1578.0,1239200.0
06037213201,19.0,6.6,93.4,1459.0,764200.0
06037213202,9.8,20.9,79.1,1534.0,843300.0
06037213310,17.4,18.5,81.5,1384.0,668600.0
06037213320,17.3,9.9,90.1,1152.0,1522100.0
06037213401,8.7,3.0,97.0,1349.0,773100.0
06037213402,10.6,5.6,94.4,1277.0,926100.0
06037214000,7.8,47.8,52.2,2642.0,2000001.0
06037214100,4.2,32.5,67.5,2682.0,2000001.0
06037214400,14.6,4.9,95.1,2426.0,1428900.0
06037214501,10.6,2.1,97.9,3300.0,
06037214503,4.6,0.0,100.0,2780.0,
06037214600,11.9,17.1,82.9,2295.0,2000001.0
06037214700,6.4,39.0,61.0,2285.0,2000001.0
06037214800,13.0,22.7,77.3,2226.0,1659700.0
06037214902,21.2,22.6,77.4,2423.0,1150800.0
06037215101,5.9,3.4,96.6,2467.0,850000.0
06037215102,7.6,1.1,98.9,2096.0,
06037216100,7.5,55.5,44.5,2236.0,1752500.0
06037216401,17.5,4.9,95.1,2304.0,852100.0
06037216402,10.3,14.6,85.4,2417.0,863800.0
06037216700,9.6,36.9,63.1,1963.0,1397200.0
06037216800,15.1,33.5,66.5,2252.0,2000001.0
06037217001,8.6,36.8,63.2,2264.0,1724400.0
06037217002,9.8,19.9,80.1,2298.0,1674400.0
06037217200,9.8,23.8,76.2,1695.0,1285500.0
06037218110,12.7,15.8,84.2,1408.0,1030500.0
06037218120,10.3,16.6,83.4,1094.0,1051300.0
06037218210,4.3,15.8,84.2,1515.0,915900.0
06037218220,8.7,32.2,67.8,1580.0,1213000.0
06037218300,7.4,25.4,74.6,1625.0,1010300.0
06037218400,11.9,34.2,65.8,2062.0,969600.0
06037218500,7.4,22.2,77.8,1392.0,1032400.0
06037218600,7.8,38.2,61.8,1505.0,838000.0
06037218701,9.0,42.2,57.8,1707.0,1250000.0
06037218702,9.3,26.0,74.0,1590.0,866500.0
06037218800,5.0,23.9,76.1,1633.0,956300.0
06037218900,5.5,14.2,85.8,1484.0,1358000.0
06037219010,2.8,51.1,48.9,1255.0,923300.0
06037219020,11.3,55.8,44.2,1227.0,814900.0
06037219300,5.4,29.4,70.6,1319.0,870000.0
06037219500,8.1,62.3,37.7,1643.0,933000.0
06037219700,5.7,45.8,54.2,1491.0,925300.0
06037219800,10.3,32.0,68.0,1288.0,721700.0
06037219901,4.3,24.4,75.6,1428.0,771100.0
06037219902,20.0,36.5,63.5,2395.0,1153800.0
06037220000,5.5,32.7,67.3,1486.0,925300.0
06037220100,6.0,48.6,51.4,1056.0,1078400.0
06037221110,14.9,11.7,88.3,1044.0,1064700.0
06037221120,9.1,9.3,90.7,1252.0,982800.0
06037221210,9.7,22.7,77.3,1304.0,926100.0
06037221220,7.9,19.9,80.1,1248.0,699300.0
06037221302,12.4,11.7,88.3,1153.0,1105900.0
06037221303,8.4,14.1,85.9,1205.0,1159700.0
06037221304,6.7,8.9,91.1,1390.0,796400.0
06037221401,15.0,12.2,87.8,1207.0,934500.0
06037221402,6.3,21.3,78.7,1124.0,1257100.0
06037221500,9.5,21.1,78.9,1105.0,880700.0
06037221601,7.9,25.1,74.9,1146.0,873800.0
06037221602,3.2,9.8,90.2,1082.0,646300.0
06037221710,15.3,13.7,86.3,1362.0,721600.0
06037221810,12.3,4.9,95.1,1558.0,967400.0
06037221820,18.0,8.3,91.7,1804.0,898800.0
06037221900,9.7,4.2,95.8,1327.0,
06037222001,6.6,49.8,50.2,1090.0,886600.0
06037222002,2.7,36.1,63.9,1316.0,689800.0
06037222100,1.6,32.2,67.8,1522.0,889200.0
06037222200,6.3,22.8,77.2,1360.0,959100.0
06037222500,9.6,25.4,74.6,1348.0,839100.0
06037222600,12.7,15.9,84.1,1424.0,799300.0
06037222700,16.9,0.0,100.0,1825.0,
06037224010,7.6,0.0,100.0,1714.0,
06037224020,8.4,2.2,97.8,1096.0,
06037224200,8.6,10.0,90.0,1100.0,917600.0
06037224310,3.4,12.9,87.1,1062.0,947400.0
06037224320,3.7,1.8,98.2,1148.0,
06037224410,18.1,15.6,84.4,1357.0,875000.0
06037224420,6.7,5.0,95.0,793.0,1137500.0
06037224600,6.8,14.4,85.6,1140.0,687500.0
06037226001,1.8,13.5,86.5,1046.0,743100.0
06037226002,14.0,13.8,86.2,1546.0,619600.0
06037226410,3.9,12.1,87.9,1246.0,499000.0
06037226420,0.0,19.8,80.2,1121.0,611700.0
06037227010,2.3,18.1,81.9,1156.0,471100.0
06037227020,3.4,35.3,64.7,1366.0,593200.0
06037228100,6.5,43.2,56.8,1324.0,543800.0
06037228210,4.6,26.7,73.3,1163.0,536800.0
06037228220,2.4,26.6,73.4,1462.0,574800.0
06037228310,1.5,25.9,74.1,1138.0,492300.0
06037228320,1.6,17.8,82.2,1405.0,578900.0
06037228410,3.1,20.0,80.0,1351.0,600300.0
06037228420,3.8,20.8,79.2,1354.0,757000.0
06037228500,4.7,20.1,79.9,1126.0,489500.0
06037228600,8.5,32.4,67.6,1488.0,657000.0
06037228710,5.4,33.8,66.2,1355.0,457000.0
06037228720,0.0,30.8,69.2,1299.0,564100.0
06037228800,5.4,37.2,62.8,1302.0,544600.0
06037228900,0.0,13.8,86.2,1080.0,590900.0
06037229100,4.3,38.3,61.7,1353.0,566800.0
06037229200,6.9,16.3,83.7,1309.0,679100.0
06037229300,1.9,25.7,74.3,1210.0,657400.0
06037229410,9.1,21.0,79.0,1381.0,591400.0
06037229420,3.3,23.8,76.2,1284.0,518400.0
06037231100,8.6,11.4,88.6,1104.0,546900.0
06037231210,6.6,4.9,95.1,1221.0,730800.0
06037231220,5.0,7.2,92.8,1021.0,604800.0
06037231400,6.7,34.5,65.5,1283.0,712300.0
06037231500,2.1,62.4,37.6,1500.0,698400.0
06037231710,7.9,6.8,93.2,1321.0,861400.0
06037231720,7.3,23.8,76.2,970.0,577700.0
06037231800,3.7,14.7,85.3,1225.0,629400.0
06037232110,4.3,26.5,73.5,1201.0,567200.0
06037232120,5.2,22.0,78.0,1222.0,612300.0
06037232200,3.6,40.6,59.4,1415.0,677300.0
06037232300,0.4,51.9,48.1,1287.0,628300.0
06037232500,1.5,44.2,55.8,1395.0,617100.0
06037232800,4.6,26.8,73.2,924.0,589100.0
06037234200,4.1,61.9,38.1,1380.0,956600.0
06037234501,11.1,63.1,36.9,1467.0,852500.0
06037234502,9.3,31.4,68.6,920.0,803000.0
06037234600,13.1,67.8,32.2,1460.0,825100.0
06037234700,13.9,60.1,39.9,1359.0,678400.0
06037234800,6.7,64.3,35.7,1428.0,674400.0
06037234901,11.9,3.1,96.9,927.0,
06037234902,4.1,13.5,86.5,1057.0,824400.0
06037235100,7.1,76.5,23.5,1616.0,886300.0
06037235201,1.8,66.0,34.0,870.0,607300.0
06037235202,12.5,33.5,66.5,1329.0,819300.0
06037236203,12.8,3.5,96.5,1370.0,
06037236204,15.5,0.0,100.0,1382.0,
06037236400,10.2,52.3,47.7,1590.0,1084700.0
06037237101,6.4,26.3,73.7,1241.0,685900.0
06037237102,5.1,25.5,74.5,1269.0,648300.0
06037237201,6.9,38.9,61.1,1295.0,588900.0
06037237202,2.9,45.1,54.9,1242.0,595000.0
06037237300,4.4,59.4,40.6,1415.0,626800.0
06037237401,3.8,66.5,33.5,1348.0,509700.0
06037237402,3.2,56.3,43.7,1094.0,577600.0
06037237500,4.0,14.9,85.1,1174.0,506500.0
06037237600,1.6,21.8,78.2,1178.0,477300.0
06037237710,5.0,19.5,80.5,1389.0,703500.0
06037237720,4.7,15.1,84.9,1317.0,497200.0
06037237800,12.1,64.2,35.8,1065.0,568200.0
06037237900,3.4,67.1,32.9,1156.0,686300.0
06037238000,4.4,59.2,40.8,1558.0,656200.0
06037238100,4.5,33.5,66.5,969.0,678500.0
06037238200,8.6,32.5,67.5,1034.0,619400.0
06037238310,6.9,5.7,94.3,1397.0,617900.0
06037238320,2.2,8.2,91.8,1089.0,670700.0
06037238400,4.6,69.2,30.8,1038.0,678800.0
06037239201,6.3,23.8,76.2,1090.0,584000.0
06037239202,4.5,18.3,81.7,1241.0,574500.0
06037239310,2.2,16.0,84.0,1290.0,592700.0
06037239320,5.4,34.3,65.7,1293.0,613900.0
06037239330,1.5,25.5,74.5,1365.0,508200.0
06037239501,5.0,32.3,67.7,1323.0,549800.0
06037239502,10.5,38.7,61.3,1410.0,524000.0
06037239601,6.4,29.0,71.0,1189.0,473600.0
06037239602,6.0,27.8,72.2,1275.0,589100.0
06037239701,5.0,36.1,63.9,987.0,540500.0
06037239702,7.7,26.6,73.4,1226.0,558100.0
06037239801,4.4,44.1,55.9,1427.0,546900.0
06037239802,2.4,32.5,67.5,1285.0,563300.0
06037240010,3.1,18.4,81.6,1431.0,545300.0
06037240020,2.8,42.4,57.6,1653.0,591900.0
06037240200,1.9,33.9,66.1,1283.0,467400.0
06037240401,5.8,28.5,71.5,1243.0,592900.0
06037240402,1.5,48.1,51.9,1075.0,496700.0
06037240500,2.8,25.1,74.9,1334.0,543900.0
06037240600,6.4,34.3,65.7,1407.0,493500.0
06037240700,4.7,50.2,49.8,1497.0,479400.0
06037240800,2.2,46.8,53.2,1335.0,536100.0
06037241001,5.6,53.1,46.9,1515.0,614100.0
06037241002,2.1,35.1,64.9,1576.0,599300.0
06037241110,4.4,39.4,60.6,1480.0,492900.0
06037241120,5.9,21.5,78.5,1190.0,633900.0
06037241201,1.6,57.8,42.2,1482.0,555000.0
06037241202,1.3,43.0,57.0,1268.0,564400.0
06037241300,4.0,46.7,53.3,1125.0,599900.0
06037241400,4.7,39.4,60.6,1461.0,544000.0
06037242000,0.0,25.5,74.5,1338.0,622500.0
06037242100,14.1,3.2,96.8,877.0,
06037242300,0.0,27.2,72.8,1112.0,476400.0
06037242600,3.7,1.2,98.8,770.0,
06037242700,2.8,48.9,51.1,1041.0,543100.0
06037243100,3.0,23.7,76.3,933.0,408400.0
06037261102,19.8,90.9,9.1,,2000001.0
06037261200,9.3,86.1,13.9,1392.0,1990000.0
06037262100,25.4,87.8,12.2,1281.0,2000001.0
06037262200,7.3,68.3,31.7,2472.0,2000001.0
06037262301,9.4,90.0,10.0,3501.0,2000001.0
06037262302,11.8,72.3,27.7,2225.0,2000001.0
06037262303,12.6,96.3,3.7,,2000001.0
06037262400,16.6,87.4,12.6,3501.0,2000001.0
06037262501,7.3,90.6,9.4,3501.0,2000001.0
06037262601,2.3,93.6,6.4,3501.0,2000001.0
06037262604,12.1,67.1,32.9,2616.0,2000001.0
06037262704,11.4,69.0,31.0,2830.0,2000001.0
06037262706,14.3,70.9,29.1,3501.0,2000001.0
06037262802,9.2,86.9,13.1,1975.0,2000001.0
06037264000,8.5,81.5,18.5,2860.0,2000001.0
06037264102,9.8,31.4,68.6,2918.0,940800.0
06037264103,3.0,28.8,71.2,2492.0,992000.0
06037265100,18.7,57.2,42.8,3501.0,2000001.0
06037265201,32.2,68.5,31.5,3501.0,1768800.0
06037265301,,,,,
06037265303,16.3,2.9,97.1,2322.0,944400.0
06037265304,20.3,1.1,98.9,2245.0,
06037265410,8.8,60.3,39.7,2581.0,2000001.0
06037265420,14.4,63.8,36.2,3444.0,2000001.0
06037265601,11.3,48.5,51.5,2513.0,1536500.0
06037265602,21.4,63.9,36.1,3501.0,1550000.0
06037267300,15.2,10.2,89.8,2048.0,748600.0
06037267403,9.6,8.3,91.7,2305.0,882700.0
06037267404,8.7,15.4,84.6,2413.0,920700.0
06037267502,8.3,24.9,75.1,2100.0,1238600.0
06037267600,4.3,40.8,59.2,2369.0,1188500.0
06037267700,9.4,27.1,72.9,2312.0,1078000.0
06037267800,6.4,51.1,48.9,3501.0,1684900.0
06037267901,20.3,62.9,37.1,3501.0,1585900.0
06037267902,10.7,45.9,54.1,3304.0,1587100.0
06037269000,14.0,63.8,36.2,1990.0,2000001.0
06037269100,22.4,26.4,73.6,2576.0,2000001.0
06037269300,11.4,85.9,14.1,2575.0,2000001.0
06037269500,7.2,95.6,4.4,,2000001.0
06037269601,9.1,16.5,83.5,1422.0,840900.0
06037269602,27.6,23.5,76.5,1957.0,1221200.0
06037269700,12.8,46.8,53.2,2019.0,1353400.0
06037269800,15.8,24.1,75.9,2196.0,1504700.0
06037269903,9.1,4.7,95.3,2177.0,953100.0
06037269905,13.9,0.9,99.1,2284.0,
06037269906,8.3,4.9,95.1,2488.0,831900.0
06037269907,10.5,4.9,95.1,2047.0,889800.0
06037270200,9.1,26.1,73.9,1739.0,1244000.0
06037270300,9.0,65.8,34.2,1249.0,1793000.0
06037271100,13.8,59.6,40.4,1679.0,1640800.0
06037271200,10.0,13.0,87.0,2272.0,997800.0
06037271300,1.9,55.1,44.9,2493.0,1488600.0
06037271400,7.9,88.3,11.7,3501.0,1770500.0
06037271500,5.8,57.2,42.8,2211.0,2000001.0
06037271600,4.4,29.7,70.3,2141.0,1803600.0
06037271702,10.9,27.4,72.6,2193.0,1039100.0
06037271801,17.1,11.1,88.9,2069.0,1057900.0
06037271901,3.5,34.9,65.1,2369.0,1725000.0
06037271902,5.3,28.9,71.1,1827.0,2000001.0
06037272100,6.3,64.0,36.0,2530.0,1723500.0
06037272201,15.6,27.3,72.7,1968.0,1532700.0
06037272202,12.0,20.5,79.5,2054.0,1090500.0
06037272301,6.6,41.8,58.2,2338.0,1647300.0
06037272302,2.4,11.7,88.3,1732.0,1187500.0
06037273100,12.4,45.1,54.9,3339.0,1969100.0
06037273200,22.7,34.0,66.0,2907.0,1944000.0
06037273300,15.7,23.4,76.6,2198.0,2000001.0
06037273502,17.4,16.5,83.5,2251.0,2000001.0
06037273600,3.8,55.3,44.7,3357.0,2000001.0
06037273700,12.3,42.6,57.4,2568.0,2000001.0
06037273800,11.3,28.1,71.9,2337.0,1682100.0
06037273902,10.8,45.5,54.5,2661.0,2000001.0
06037274100,21.9,41.5,58.5,3329.0,1621000.0
06037274202,26.0,44.6,55.4,2605.0,1688500.0
06037275101,11.9,37.0,63.0,1996.0,1164600.0
06037275102,3.5,34.7,65.3,1861.0,1591000.0
06037275200,5.3,19.8,80.2,1896.0,1196400.0
06037275311,3.1,42.1,57.9,1984.0,1426100.0
06037275400,10.7,40.8,59.2,3327.0,1162800.0
06037275500,5.1,24.4,75.6,1001.0,1059600.0
06037275603,7.3,57.7,42.3,2122.0,1169600.0
06037276000,7.7,54.1,45.9,3098.0,1327400.0
06037276400,7.5,76.4,23.6,3501.0,1626400.0
06037276500,3.4,61.9,38.1,2264.0,1368800.0
06037276601,7.3,59.4,40.6,2548.0,1906600.0
06037277000,8.5,71.9,28.1,3133.0,1564900.0
06037277100,5.8,77.0,23.0,3417.0,1119700.0
06037277200,19.2,21.0,79.0,1819.0,511100.0
06037277400,,,,,
06037278001,16.2,55.8,44.2,2299.0,1088900.0
06037278102,13.1,45.4,54.6,2817.0,1941900.0
06037291110,8.2,16.2,83.8,1223.0,809400.0
06037291120,5.2,28.9,71.1,1417.0,681800.0
06037291130,6.3,67.4,32.6,1472.0,596900.0
06037291210,2.5,50.6,49.4,1675.0,710400.0
06037291220,2.8,37.8,62.2,1267.0,698900.0
06037291300,2.0,78.7,21.3,1466.0,686100.0
06037293301,5.5,74.5,25.5,1716.0,701800.0
06037293302,5.5,65.7,34.3,2127.0,673600.0
06037293304,4.4,27.9,72.1,1249.0,788700.0
06037293306,2.5,73.7,26.3,1640.0,801500.0
06037293307,4.9,29.6,70.4,1431.0,498600.0
06037294110,0.0,56.9,43.1,1613.0,603400.0
06037294120,0.0,35.2,64.8,1500.0,618400.0
06037294200,6.7,56.2,43.8,1158.0,636300.0
06037294301,0.0,81.2,18.8,1241.0,605900.0
06037294302,1.0,52.9,47.1,1353.0,553900.0
06037294410,4.8,43.4,56.6,1230.0,499000.0
06037294421,3.2,37.0,63.0,1429.0,453200.0
06037294510,6.2,38.0,62.0,1163.0,598400.0
06037294520,3.9,34.5,65.5,1370.0,616500.0
06037294610,0.7,34.5,65.5,1307.0,667900.0
06037294620,5.1,40.5,59.5,1452.0,605700.0
06037294701,5.1,20.0,80.0,1208.0,479200.0
06037294810,4.3,12.1,87.9,1289.0,630300.0
06037294820,3.1,8.3,91.7,1190.0,404800.0
06037294830,5.0,22.2,77.8,1259.0,577000.0
06037294900,2.4,26.8,73.2,1173.0,528200.0
06037295103,3.0,73.6,26.4,3044.0,710100.0
06037296210,1.6,22.7,77.3,1150.0,613000.0
06037296220,9.7,3.2,96.8,898.0,463200.0
06037296300,4.5,67.0,33.0,1811.0,653200.0
06037296401,5.8,85.2,14.8,1668.0,841000.0
06037296402,5.2,77.4,22.6,1750.0,806100.0
06037296500,4.2,37.1,62.9,1448.0,789400.0
06037296600,2.5,19.1,80.9,1283.0,718800.0
06037296901,6.1,14.7,85.3,1381.0,717800.0
06037296902,3.9,22.7,77.3,1456.0,735700.0
06037297110,5.8,23.0,77.0,1238.0,685500.0
06037297120,0.7,34.2,65.8,1498.0,704600.0
06037297201,6.5,32.6,67.4,1501.0,657200.0
06037297202,7.2,37.0,63.0,1685.0,757300.0
06037297300,8.9,51.5,48.5,3180.0,937500.0
06037297400,0.8,83.9,16.1,1736.0,1063400.0
06037297601,6.4,22.0,78.0,2021.0,890900.0
06037297602,11.5,37.6,62.4,1561.0,792300.0
06037300100,0.0,81.6,18.4,2360.0,1398700.0
06037300200,1.3,70.6,29.4,1956.0,1133500.0
06037300301,4.8,86.8,13.2,2869.0,1091800.0
06037300400,11.7,76.4,23.6,2487.0,999300.0
06037300501,7.8,59.2,40.8,2077.0,1003200.0
06037300701,3.7,81.1,18.9,2317.0,1586100.0
06037300702,10.6,84.8,15.2,3501.0,1479400.0
06037300800,10.3,48.4,51.6,2099.0,1159300.0
06037300901,5.4,93.0,7.0,2902.0,1398400.0
06037300902,6.8,85.0,15.0,3036.0,1296100.0
06037301000,8.7,49.7,50.3,2015.0,1177600.0
06037301100,2.0,40.6,59.4,1967.0,1052300.0
06037301203,9.6,43.0,57.0,1968.0,743100.0
06037301204,3.2,16.9,83.1,2161.0,670500.0
06037301205,0.0,71.9,28.1,2420.0,1164600.0
06037301206,2.6,25.2,74.8,2014.0,1050100.0
06037301300,5.1,98.0,2.0,,1676600.0
06037301400,1.1,89.5,10.5,3077.0,1264000.0
06037301501,8.5,83.3,16.7,2208.0,1148100.0
06037301502,6.0,9.6,90.4,2084.0,838500.0
06037301601,3.2,12.5,87.5,1743.0,867900.0
06037301602,14.2,30.3,69.7,1703.0,868300.0
06037301701,6.3,48.8,51.2,1893.0,935800.0
06037301702,1.1,26.7,73.3,1869.0,760800.0
06037301801,12.6,19.8,80.2,2220.0,561900.0
06037301802,5.9,12.7,87.3,2378.0,629000.0
06037302002,5.0,20.5,79.5,1798.0,599000.0
06037302003,6.0,8.4,91.6,1901.0,632200.0
06037302004,6.4,18.1,81.9,1850.0,613600.0
06037302102,14.2,35.4,64.6,1905.0,859800.0
06037302103,3.1,14.2,85.8,1701.0,746200.0
06037302104,3.5,15.7,84.3,1862.0,648900.0
06037302201,3.0,7.8,92.2,1695.0,650400.0
06037302202,2.6,9.3,90.7,1702.0,680700.0
06037302301,4.6,22.8,77.2,1950.0,734300.0
06037302302,5.2,3.1,96.9,1756.0,910700.0
06037302401,5.1,7.0,93.0,1829.0,682800.0
06037302503,4.0,13.2,86.8,1786.0,633200.0
06037302504,0.0,13.3,86.7,1684.0,561200.0
06037302505,8.3,4.6,95.4,1523.0,984400.0
06037302506,8.9,31.3,68.7,1813.0,965400.0
06037310100,9.8,95.2,4.8,3501.0,1366100.0
06037310201,6.0,59.0,41.0,2180.0,1054900.0
06037310202,6.5,41.9,58.1,2048.0,1120100.0
06037310300,1.0,88.7,11.3,3501.0,1181000.0
06037310400,8.1,55.2,44.8,2002.0,983100.0
06037310501,6.1,11.4,88.6,1671.0,947300.0
06037310601,4.1,24.4,75.6,1991.0,671100.0
06037310602,2.2,45.8,54.2,2080.0,1005300.0
06037310701,2.1,9.6,90.4,1328.0,770400.0
06037310703,6.5,16.4,83.6,1868.0,877100.0
06037310800,5.9,50.5,49.5,1567.0,1055700.0
06037310900,7.8,73.1,26.9,1978.0,1035400.0
06037311000,3.7,50.9,49.1,1988.0,920600.0
06037311100,3.6,59.2,40.8,1971.0,903400.0
06037311200,5.1,46.0,54.0,1913.0,881300.0
06037311300,1.8,59.2,40.8,1854.0,951500.0
06037311400,8.0,54.0,46.0,2126.0,1120200.0
06037311500,9.1,43.2,56.8,2164.0,1166500.0
06037311700,8.4,55.1,44.9,1774.0,1084200.0
06037311801,3.9,26.8,73.2,1711.0,918800.0
06037311802,10.5,22.0,78.0,1976.0,1049300.0
06037320201,10.8,17.1,82.9,1355.0,670300.0
06037320202,6.6,76.0,24.0,1595.0,640000.0
06037320300,4.3,61.8,38.2,1415.0,614000.0
06037400205,10.5,92.4,7.6,3501.0,1424400.0
06037400206,1.4,89.6,10.4,3004.0,1011600.0
06037400207,3.9,86.0,14.0,3501.0,931800.0
06037400304,1.3,52.8,47.2,2191.0,704800.0
06037400402,4.8,70.9,29.1,2049.0,1075600.0
06037400403,0.0,65.4,34.6,2069.0,832000.0
06037400404,6.6,92.2,7.8,3306.0,1093900.0
06037400501,12.1,93.3,6.7,1205.0,1126700.0
06037400602,5.5,53.2,46.8,1662.0,656700.0
06037400603,3.0,65.1,34.9,1763.0,566100.0
06037401001,0.0,87.5,12.5,2727.0,907700.0
06037401002,8.4,43.3,56.7,1989.0,854800.0
06037401101,0.4,47.9,52.1,1771.0,830500.0
06037401102,3.9,39.9,60.1,2191.0,654800.0
06037401201,3.0,83.8,16.2,2521.0,831500.0
06037401202,0.0,82.0,18.0,2262.0,727800.0
06037401203,2.9,70.1,29.9,2096.0,726900.0
06037401303,0.5,82.0,18.0,3501.0,1037300.0
06037401304,5.2,94.9,5.1,1865.0,912000.0
06037401311,0.4,65.2,34.8,2024.0,653900.0
06037401312,1.8,83.6,16.4,1944.0,431200.0
06037401500,5.8,62.5,37.5,1883.0,600700.0
06037401601,2.3,62.9,37.1,2116.0,290600.0
06037401602,5.0,44.9,55.1,1976.0,679800.0
06037401901,35.2,8.5,91.5,1850.0,
06037401902,7.3,37.3,62.7,1923.0,982600.0
06037402001,1.2,48.0,52.0,1815.0,642000.0
06037402002,7.2,56.2,43.8,1628.0,652200.0
06037402101,0.0,76.8,23.2,1464.0,591500.0
06037402102,2.5,69.1,30.9,1494.0,586500.0
06037402200,3.7,69.7,30.3,1495.0,664600.0
06037402301,1.5,61.8,38.2,1513.0,541000.0
06037402303,6.8,37.9,62.1,1408.0,488600.0
06037402304,4.7,28.1,71.9,1289.0,267900.0
06037402403,5.1,77.0,23.0,1250.0,429300.0
06037402404,0.0,0.0,100.0,,
06037402405,1.0,87.3,12.7,2169.0,513600.0
06037402406,4.2,68.9,31.1,1335.0,506200.0
06037402501,5.9,26.1,73.9,1316.0,409000.0
06037402702,9.0,28.1,71.9,1397.0,546700.0
06037402703,7.3,69.8,30.2,1775.0,551500.0
06037402705,5.3,80.2,19.8,2084.0,558200.0
06037402706,2.7,66.8,33.2,2238.0,585300.0
06037402801,2.0,31.6,68.4,1234.0,493900.0
06037402803,5.3,51.7,48.3,1551.0,491400.0
06037402804,4.8,27.4,72.6,1539.0,497400.0
06037402902,0.5,54.4,45.6,1387.0,533500.0
06037402903,2.6,52.1,47.9,1544.0,509100.0
06037402904,2.0,74.0,26.0,2165.0,498100.0
06037403000,5.7,76.9,23.1,1955.0,490400.0
06037403305,0.0,76.6,23.4,2553.0,855600.0
06037403316,2.5,72.7,27.3,1799.0,775800.0
06037403317,4.0,84.3,15.7,2370.0,721800.0
06037403318,6.1,79.8,20.2,2156.0,732700.0
06037403319,5.7,64.8,35.2,2391.0,752900.0
06037403320,5.2,86.8,13.2,2389.0,1051800.0
06037403321,0.9,78.7,21.3,1968.0,868400.0
06037403323,2.9,76.5,23.5,2602.0,841000.0
06037403324,8.0,75.0,25.0,2375.0,1004700.0
06037403325,3.3,76.0,24.0,2351.0,908500.0
06037403401,2.9,77.3,22.7,2966.0,862900.0
06037403402,6.8,73.3,26.7,3141.0,858600.0
06037403403,1.5,89.6,10.4,3501.0,1137000.0
06037403404,8.9,89.7,10.3,3501.0,1110500.0
06037403407,17.8,91.6,8.4,3501.0,1454600.0
06037403408,2.6,86.7,13.3,2902.0,915000.0
06037403500,21.0,72.0,28.0,2219.0,1125800.0
06037403702,0.0,82.7,17.3,1682.0,773700.0
06037403703,4.9,84.2,15.8,2110.0,714500.0
06037403721,2.8,59.3,40.7,1681.0,696300.0
06037403722,6.1,38.0,62.0,1696.0,652300.0
06037403801,2.0,49.4,50.6,2016.0,627700.0
06037403802,3.3,62.6,37.4,1915.0,548600.0
06037403901,4.6,64.7,35.3,2534.0,633400.0
06037403902,2.8,68.5,31.5,2010.0,653800.0
06037404000,0.0,62.2,37.8,2031.0,656700.0
06037404100,0.0,68.1,31.9,1820.0,590900.0
06037404201,3.8,52.4,47.6,1406.0,588000.0
06037404301,3.8,25.7,74.3,1671.0,639900.0
06037404302,4.3,60.2,39.8,1975.0,574500.0
06037404401,3.3,53.7,46.3,1633.0,600300.0
06037404402,5.0,69.1,30.9,1890.0,654900.0
06037404501,0.0,52.5,47.5,1750.0,463400.0
06037404503,4.6,76.4,23.6,1768.0,530300.0
06037404504,1.6,35.5,64.5,1724.0,548700.0
06037404600,1.9,82.0,18.0,2022.0,645800.0
06037404701,0.0,62.8,37.2,1845.0,592100.0
06037404702,0.6,53.4,46.6,1727.0,548900.0
06037404703,4.6,43.5,56.5,1622.0,621100.0
06037404901,1.8,64.5,35.5,1804.0,599800.0
06037404902,1.0,77.5,22.5,2032.0,597900.0
06037404903,0.0,69.0,31.0,1778.0,593800.0
06037405001,0.0,76.6,23.4,1579.0,582200.0
06037405002,1.3,66.6,33.4,1704.0,562100.0
06037405101,0.7,71.5,28.5,1502.0,585100.0
06037405102,1.3,46.1,53.9,1610.0,552600.0
06037405201,1.7,53.0,47.0,1667.0,613000.0
06037405202,8.8,56.3,43.7,1560.0,613000.0
06037405203,2.3,65.2,34.8,2132.0,635600.0
06037405301,5.5,45.7,54.3,1684.0,616400.0
06037405302,2.0,55.9,44.1,1762.0,694700.0
06037405400,2.2,81.1,18.9,1481.0,609700.0
06037405500,5.6,70.7,29.3,1735.0,691500.0
06037405600,1.9,67.4,32.6,987.0,693700.0
06037405701,3.1,57.6,42.4,1876.0,589600.0
06037405702,5.4,67.0,33.0,1629.0,594800.0
06037405800,2.9,73.0,27.0,2129.0,591900.0
06037405900,6.3,72.0,28.0,1675.0,626300.0
06037406000,5.1,74.8,25.2,1937.0,644000.0
06037406101,4.3,54.1,45.9,1562.0,630300.0
06037406300,3.5,70.3,29.7,1976.0,1067100.0
06037406500,4.8,64.0,36.0,2207.0,679800.0
06037406601,0.0,81.0,19.0,2538.0,751000.0
06037406602,0.0,71.6,28.4,1307.0,752200.0
06037406701,5.6,60.3,39.7,2372.0,718900.0
06037406702,8.1,38.0,62.0,2256.0,664600.0
06037407001,4.2,79.5,20.5,1846.0,583700.0
06037407002,7.2,89.1,10.9,2086.0,608300.0
06037407101,0.7,57.4,42.6,1672.0,567500.0
06037407102,4.2,77.7,22.3,1764.0,614900.0
06037407301,3.3,75.4,24.6,2232.0,613200.0
06037407302,0.0,79.8,20.2,2658.0,579900.0
06037407400,9.9,85.5,14.5,2656.0,707900.0
06037407501,4.6,57.7,42.3,1758.0,605600.0
06037407502,2.2,61.3,38.7,1932.0,616300.0
06037407601,0.0,31.6,68.4,1590.0,551900.0
06037407602,1.3,67.3,32.7,1695.0,614200.0
06037407701,5.2,46.2,53.8,1501.0,620400.0
06037407702,3.4,76.8,23.2,1852.0,577100.0
06037407801,1.0,83.5,16.5,1450.0,580100.0
06037407802,3.8,75.3,24.7,2201.0,620200.0
06037408003,5.6,78.7,21.3,2000.0,674900.0
06037408004,3.2,53.8,46.2,2007.0,482100.0
06037408005,0.4,71.3,28.7,2189.0,843100.0
06037408006,0.0,40.6,59.4,1917.0,662500.0
06037408133,0.0,42.0,58.0,2026.0,774900.0
06037408134,3.0,83.1,16.9,2234.0,668900.0
06037408135,1.9,51.6,48.4,2097.0,683600.0
06037408136,0.0,81.9,18.1,2283.0,631900.0
06037408137,5.3,43.9,56.1,2160.0,562500.0
06037408138,6.0,79.5,20.5,1796.0,210700.0
06037408139,0.4,83.9,16.1,2471.0,612500.0
06037408140,6.9,66.8,33.2,1236.0,543400.0
06037408141,2.1,78.4,21.6,1791.0,575500.0
06037408212,0.6,79.8,20.2,2189.0,693100.0
06037408301,4.1,69.3,30.7,1583.0,593500.0
06037408302,4.5,74.1,25.9,2245.0,636000.0
06037408303,0.0,89.4,10.6,2301.0,753500.0
06037408401,3.8,63.9,36.1,1567.0,623500.0
06037408402,3.1,85.1,14.9,2500.0,753800.0
06037408503,3.9,89.0,11.0,3204.0,903800.0
06037408504,7.8,53.8,46.2,2000.0,741200.0
06037408505,6.4,75.0,25.0,2839.0,940400.0
06037408623,5.3,67.6,32.4,2089.0,804000.0
06037408624,5.8,83.6,16.4,2159.0,804000.0
06037408625,1.3,83.1,16.9,2657.0,857600.0
06037408626,14.1,66.8,33.2,2032.0,915800.0
06037408627,5.7,85.9,14.1,2900.0,919700.0
06037408628,2.1,64.0,36.0,1902.0,800700.0
06037408629,6.0,83.6,16.4,2342.0,849400.0
06037408631,2.7,76.6,23.4,2102.0,642300.0
06037408703,6.4,93.2,6.8,2940.0,1153000.0
06037408705,2.1,74.0,26.0,2128.0,741500.0
06037408722,3.1,83.7,16.3,2300.0,662200.0
06037408724,2.1,2.0,98.0,1629.0,890600.0
06037408800,8.5,11.5,88.5,1721.0,573500.0
06037430003,0.8,89.9,10.1,2716.0,857800.0
06037430101,3.3,40.7,59.3,1392.0,599500.0
06037430102,4.5,56.4,43.6,1717.0,622000.0
06037430200,15.2,61.9,38.1,3501.0,1812500.0
06037430301,2.7,85.1,14.9,2672.0,1125400.0
06037430302,11.5,61.1,38.9,1707.0,984100.0
06037430400,8.6,82.4,17.6,1777.0,1651000.0
06037430501,7.8,76.0,24.0,2139.0,1250000.0
06037430502,7.9,45.7,54.3,2010.0,1117800.0
06037430600,9.7,83.2,16.8,2537.0,2000001.0
06037430701,4.4,58.3,41.7,1899.0,1625900.0
06037430721,4.9,52.5,47.5,1696.0,1272500.0
06037430723,5.0,36.8,63.2,1992.0,719900.0
06037430724,12.5,22.4,77.6,2185.0,701800.0
06037430801,4.2,47.3,52.7,1790.0,937200.0
06037430802,5.9,82.8,17.2,1592.0,1305000.0
06037430803,6.1,68.2,31.8,2036.0,1245300.0
06037430901,3.5,33.8,66.2,1766.0,748400.0
06037430902,6.2,32.6,67.4,2121.0,807400.0
06037431002,3.4,66.1,33.9,1214.0,865500.0
06037431100,1.9,45.1,54.9,1887.0,729000.0
06037431200,0.0,67.4,32.6,1708.0,658900.0
06037431300,6.8,63.0,37.0,2005.0,863800.0
06037431400,7.5,71.8,28.2,1544.0,854400.0
06037431501,0.7,54.3,45.7,1443.0,687200.0
06037431502,2.2,60.2,39.8,2254.0,853400.0
06037431600,10.7,75.8,24.2,2000.0,1510800.0
06037431800,9.3,52.2,47.8,1972.0,871100.0
06037431900,11.4,50.6,49.4,1735.0,1018600.0
06037432101,3.3,80.1,19.9,2634.0,884700.0
06037432102,5.4,85.0,15.0,2378.0,936000.0
06037432201,5.4,61.9,38.1,1883.0,713000.0
06037432202,7.6,58.5,41.5,1621.0,778900.0
06037432300,0.0,60.8,39.2,1988.0,635800.0
06037432401,1.2,44.0,56.0,1739.0,686300.0
06037432402,3.2,33.5,66.5,1519.0,661300.0
06037432601,3.9,42.8,57.2,1559.0,655900.0
06037432602,0.9,65.9,34.1,1769.0,678700.0
06037432700,8.0,35.5,64.5,1410.0,620200.0
06037432801,6.6,28.9,71.1,887.0,526900.0
06037432802,4.5,12.4,87.6,1627.0,531800.0
06037432901,7.4,40.8,59.2,1635.0,799400.0
06037432902,11.3,67.4,32.6,1606.0,733600.0
06037433200,8.1,51.3,48.7,1381.0,632400.0
06037433302,1.2,20.6,79.4,1436.0,604200.0
06037433304,1.3,25.4,74.6,1365.0,622500.0
06037433305,1.7,14.0,86.0,1613.0,621600.0
06037433306,6.1,47.0,53.0,1480.0,595200.0
06037433307,2.0,48.9,51.1,1796.0,555400.0
06037433402,0.4,30.6,69.4,1389.0,681700.0
06037433403,0.0,24.1,75.9,1377.0,613300.0
06037433601,3.1,40.9,59.1,1575.0,713300.0
06037433602,4.4,46.8,53.2,1679.0,660200.0
06037433901,1.1,29.5,70.5,1517.0,620800.0
06037434001,6.3,65.3,34.7,1892.0,574800.0
06037434003,4.5,41.7,58.3,1474.0,574800.0
06037434004,0.0,58.7,41.3,1355.0,597100.0
06037460200,2.3,82.5,17.5,1874.0,1175000.0
06037460301,9.9,82.9,17.1,2741.0,1089200.0
06037460302,0.8,73.0,27.0,2250.0,824300.0
06037460401,6.3,63.2,36.8,1962.0,1067500.0
06037460501,8.7,93.8,6.2,3501.0,2000001.0
06037460502,5.3,91.7,8.3,3275.0,2000001.0
06037460700,12.3,89.5,10.5,2463.0,2000001.0
06037460800,13.2,93.6,6.4,3420.0,2000001.0
06037460900,3.7,57.9,42.1,1905.0,882200.0
06037461000,3.1,79.5,20.5,1887.0,891600.0
06037461100,2.8,68.3,31.7,1729.0,1037000.0
06037461200,8.7,86.2,13.8,3036.0,1154600.0
06037461300,3.4,65.5,34.5,1565.0,1015000.0
06037461400,11.5,43.7,56.3,1835.0,1043200.0
06037461501,5.3,55.9,44.1,2066.0,1026300.0
06037461502,7.5,50.6,49.4,1764.0,814200.0
06037461600,7.9,31.7,68.3,1868.0,885200.0
06037461700,9.6,88.7,11.3,2200.0,986400.0
06037461901,3.3,19.8,80.2,1484.0,834000.0
06037461902,21.2,5.2,94.8,2198.0,1013900.0
06037462001,3.7,25.9,74.1,1767.0,948300.0
06037462002,13.1,16.3,83.7,1322.0,803000.0
06037462100,8.5,42.6,57.4,1754.0,911400.0
06037462201,6.9,5.3,94.7,1697.0,745500.0
06037462202,12.9,16.0,84.0,2646.0,654000.0
06037462301,9.5,20.0,80.0,1930.0,732600.0
06037462302,6.6,19.1,80.9,1968.0,666900.0
06037462400,11.0,62.2,37.8,2140.0,1168400.0
06037462500,5.7,78.9,21.1,2259.0,1033000.0
06037462600,1.7,70.3,29.7,2567.0,1250000.0
06037462700,4.5,32.1,67.9,1801.0,944800.0
06037462800,6.0,36.6,63.4,1905.0,998200.0
06037462900,6.2,80.1,19.9,1880.0,905400.0
06037463000,11.2,52.1,47.9,2662.0,1310800.0
06037463200,3.9,57.5,42.5,1867.0,1237000.0
06037463300,9.2,58.7,41.3,1911.0,1209200.0
06037463400,12.2,45.6,54.4,2170.0,1171800.0
06037463500,14.9,25.2,74.8,2077.0,765800.0
06037463601,6.9,18.1,81.9,2189.0,671900.0
06037463602,10.0,18.8,81.2,2626.0,653700.0
06037463700,16.1,32.8,67.2,2982.0,1868100.0
06037463800,8.3,89.0,11.0,2212.0,1587400.0
06037463900,17.7,50.1,49.9,2991.0,1332600.0
06037464000,12.2,62.0,38.0,2220.0,1248100.0
06037464200,9.2,86.1,13.9,3501.0,2000001.0
06037480002,0.0,82.8,17.2,3288.0,1106700.0
06037480011,7.8,43.1,56.9,1810.0,948600.0
06037480012,8.4,50.9,49.1,1749.0,1015000.0
06037480101,4.1,55.9,44.1,2104.0,1058000.0
06037480102,11.1,63.7,36.3,2248.0,940100.0
06037480201,6.9,87.5,12.5,2611.0,1102200.0
06037480202,7.0,77.5,22.5,2136.0,1085900.0
06037480302,9.2,42.6,57.4,1761.0,823000.0
06037480303,3.0,17.6,82.4,1755.0,647000.0
06037480304,9.9,23.5,76.5,1728.0,650000.0
06037480400,2.1,48.0,52.0,1969.0,941400.0
06037480500,8.6,63.3,36.7,1845.0,1809900.0
06037480702,9.1,71.4,28.6,2336.0,1672800.0
06037480703,0.9,57.5,42.5,1994.0,1466000.0
06037480704,8.5,25.9,74.1,1853.0,1078700.0
06037480802,1.0,74.2,25.8,1201.0,800800.0
06037480803,8.8,64.7,35.3,1750.0,862100.0
06037480804,9.2,29.5,70.5,1672.0,665400.0
06037480901,8.4,22.0,78.0,1638.0,831600.0
06037480902,8.9,22.3,77.7,1718.0,618000.0
06037480903,5.4,46.3,53.7,1498.0,849000.0
06037481001,7.0,33.0,67.0,1663.0,783200.0
06037481002,9.4,29.4,70.6,1842.0,676900.0
06037481101,7.8,25.9,74.1,1653.0,819900.0
06037481102,11.7,7.2,92.8,1823.0,677700.0
06037481103,7.6,61.2,38.8,1422.0,807400.0
06037481201,4.1,40.4,59.6,2059.0,834300.0
06037481300,3.8,63.5,36.5,1535.0,798900.0
06037481401,7.3,41.5,58.5,1732.0,753600.0
06037481500,4.8,68.9,31.1,1791.0,818300.0
06037481603,3.8,44.6,55.4,1526.0,800200.0
06037481604,5.3,40.7,59.3,1886.0,755900.0
06037481605,4.6,36.7,63.3,1599.0,778800.0
06037481606,6.7,22.3,77.7,1785.0,803800.0
06037481711,6.9,24.2,75.8,1752.0,623600.0
06037481712,3.0,27.9,72.1,1654.0,647400.0
06037481713,17.1,33.6,66.4,1730.0,805800.0
06037481714,2.8,32.8,67.2,1379.0,703500.0
06037481800,11.3,86.8,13.2,1655.0,837500.0
06037481901,2.0,70.8,29.2,1828.0,887200.0
06037481902,5.8,55.5,44.5,1913.0,815400.0
06037482001,6.9,86.6,13.4,2688.0,946000.0
06037482002,3.6,59.7,40.3,1980.0,913000.0
06037482101,5.5,51.4,48.6,1721.0,821100.0
06037482102,3.5,79.1,20.9,2504.0,908000.0
06037482201,7.7,44.6,55.4,1512.0,742100.0
06037482202,3.5,26.7,73.3,1876.0,654000.0
06037482301,10.0,42.4,57.6,1710.0,763500.0
06037482303,5.9,37.6,62.4,1694.0,784600.0
06037482304,16.5,19.9,80.1,1396.0,726900.0
06037482401,1.0,29.0,71.0,1553.0,757100.0
06037482502,10.8,43.9,56.1,1608.0,640500.0
06037482503,6.0,49.1,50.9,1824.0,672200.0
06037482521,2.8,74.1,25.9,2100.0,626200.0
06037482522,0.0,70.6,29.4,1739.0,497600.0
06037482600,11.0,71.8,28.2,1760.0,878700.0
06037482701,4.8,59.2,40.8,1697.0,832600.0
06037482702,3.7,71.2,28.8,1738.0,781700.0
06037500100,5.5,96.2,3.8,3501.0,1167700.0
06037500202,9.5,86.1,13.9,,1150800.0
06037500300,2.6,85.0,15.0,1688.0,908300.0
06037500402,1.1,51.0,49.0,1305.0,661800.0
06037500403,2.9,98.1,1.9,1944.0,643400.0
06037500404,4.3,80.6,19.4,2112.0,626000.0
06037500500,1.1,65.2,34.8,1610.0,342700.0
06037500600,5.3,70.1,29.9,2170.0,603400.0
06037500700,3.3,75.3,24.7,1685.0,569600.0
06037500800,4.4,79.1,20.9,1772.0,617600.0
06037500900,4.8,51.4,48.6,1196.0,617300.0
06037501001,3.7,69.6,30.4,1911.0,594900.0
06037501002,3.3,83.3,16.7,2052.0,626000.0
06037501200,0.0,65.2,34.8,1744.0,662500.0
06037501400,10.7,45.0,55.0,1626.0,637400.0
06037501501,9.8,82.9,17.1,2313.0,825900.0
06037501503,4.0,22.6,77.4,1596.0,824600.0
06037501504,6.2,11.7,88.3,1512.0,580800.0
06037501600,2.8,63.1,36.9,1728.0,968300.0
06037501700,5.3,64.1,35.9,1708.0,874800.0
06037501802,3.3,53.3,46.7,1865.0,741500.0
06037501803,3.4,14.9,85.1,1570.0,645600.0
06037501804,11.9,20.9,79.1,1513.0,580100.0
06037501900,0.9,80.7,19.3,2100.0,668400.0
06037502003,8.8,57.5,42.5,1662.0,635100.0
06037502004,9.3,57.3,42.7,1810.0,641500.0
06037502005,5.6,71.1,28.9,1826.0,631400.0
06037502100,0.0,78.1,21.9,1367.0,619500.0
06037502200,0.4,63.4,36.6,1696.0,614600.0
06037502401,0.6,66.9,33.1,1603.0,619300.0
06037502402,0.0,85.2,14.8,2129.0,630600.0
06037502500,3.4,58.5,41.5,1671.0,610800.0
06037502602,2.1,46.2,53.8,1804.0,663600.0
06037502700,0.6,65.9,34.1,1959.0,582800.0
06037502801,3.2,90.3,9.7,2155.0,648900.0
06037502901,0.0,83.6,16.4,2336.0,606100.0
06037503000,5.8,48.5,51.5,1220.0,625000.0
06037503103,4.2,69.2,30.8,2183.0,631400.0
06037503104,2.2,79.6,20.4,1445.0,585500.0
06037503105,4.8,61.1,38.9,1795.0,671900.0
06037503106,3.5,62.8,37.2,1740.0,661800.0
06037503201,4.3,89.7,10.3,,701300.0
06037503202,6.0,66.1,33.9,1266.0,661200.0
06037503301,5.2,88.0,12.0,2121.0,650000.0
06037503302,2.7,47.5,52.5,1732.0,678200.0
06037503401,5.1,70.2,29.8,2116.0,703800.0
06037503402,5.3,71.5,28.5,1892.0,707700.0
06037503501,3.4,58.1,41.9,1623.0,630100.0
06037503502,12.1,79.8,20.2,2181.0,643500.0
06037503601,1.5,73.7,26.3,1850.0,703300.0
06037503602,1.6,87.3,12.7,1974.0,943800.0
06037503701,0.6,57.5,42.5,1498.0,742200.0
06037503702,4.2,63.2,36.8,1666.0,758900.0
06037503801,0.0,71.9,28.1,2553.0,703700.0
06037503802,0.0,70.3,29.7,2372.0,745900.0
06037503901,2.9,88.2,11.8,2493.0,771600.0
06037503902,0.0,87.0,13.0,2430.0,748400.0
06037504001,4.4,69.1,30.9,1495.0,706400.0
06037504002,1.7,84.6,15.4,1957.0,721300.0
06037504101,4.1,64.4,35.6,1694.0,653000.0
06037530005,8.3,79.7,20.3,,843600.0
06037530006,4.3,27.9,72.1,1766.0,708600.0
06037530101,3.6,27.1,72.9,1513.0,570300.0
06037530102,2.9,39.6,60.4,1477.0,661900.0
06037530202,6.2,71.3,28.7,1741.0,645300.0
06037530203,2.9,20.3,79.7,1605.0,636000.0
06037530204,4.5,27.7,72.3,1672.0,626100.0
06037530301,4.0,36.3,63.7,1300.0,590900.0
06037530302,2.3,39.0,61.0,1218.0,581400.0
06037530400,4.7,33.0,67.0,539.0,620700.0
06037530500,1.7,41.4,58.6,1283.0,594700.0
06037530700,6.6,43.0,57.0,1256.0,613800.0
06037530801,8.3,42.4,57.6,1468.0,653600.0
06037530802,5.7,57.8,42.2,1496.0,633500.0
06037530901,2.5,27.3,72.7,1404.0,653000.0
06037530902,4.9,33.0,67.0,1150.0,522500.0
06037531000,12.0,46.8,53.2,1257.0,616700.0
06037531101,9.1,28.8,71.2,1666.0,621500.0
06037531102,6.1,26.2,73.8,1189.0,713000.0
06037531201,6.7,16.4,83.6,1310.0,640100.0
06037531202,1.0,19.4,80.6,1112.0,667300.0
06037531301,6.3,24.5,75.5,1344.0,593600.0
06037531302,4.6,36.5,63.5,1360.0,609600.0
06037531502,0.0,22.2,77.8,1214.0,638800.0
06037531503,3.6,30.0,70.0,1352.0,666400.0
06037531504,10.4,29.5,70.5,1445.0,702700.0
06037531602,12.9,27.4,72.6,1419.0,576400.0
06037531603,3.5,32.7,67.3,1191.0,586100.0
06037531604,4.7,29.0,71.0,1269.0,637600.0
06037531701,4.3,39.3,60.7,1427.0,584400.0
06037531702,5.6,35.2,64.8,1206.0,655600.0
06037531800,2.4,22.2,77.8,1318.0,571500.0
06037531901,2.1,34.6,65.4,1236.0,547700.0
06037531902,4.3,40.2,59.8,1321.0,562500.0
06037532001,2.5,31.8,68.2,1071.0,614700.0
06037532002,1.4,47.2,52.8,1660.0,485000.0
06037532101,1.1,29.9,70.1,1648.0,581200.0
06037532102,2.4,70.8,29.2,2042.0,625300.0
06037532200,6.1,30.1,69.9,1711.0,622500.0
06037532302,1.1,69.9,30.1,1377.0,522100.0
06037532303,0.0,47.0,53.0,1233.0,630600.0
06037532304,1.8,41.8,58.2,1267.0,604700.0
06037532500,4.7,40.7,59.3,1288.0,530300.0
06037532605,3.3,17.5,82.5,1310.0,597000.0
06037532606,3.0,5.7,94.3,1269.0,638900.0
06037532700,1.9,25.8,74.2,1214.0,
06037532800,4.4,34.0,66.0,1237.0,493200.0
06037532900,3.4,20.6,79.4,1167.0,377000.0
06037533001,5.2,39.6,60.4,1206.0,473700.0
06037533002,4.9,40.5,59.5,1259.0,478500.0
06037533103,2.8,14.7,85.3,1360.0,467300.0
06037533104,3.0,13.1,86.9,1214.0,522700.0
06037533105,2.2,11.2,88.8,1527.0,595300.0
06037533201,1.8,33.5,66.5,1211.0,474200.0
06037533300,3.6,25.3,74.7,1511.0,640500.0
06037533401,2.1,21.5,78.5,1360.0,539900.0
06037533402,1.0,20.1,79.9,1263.0,535600.0
06037533403,2.0,43.0,57.0,1207.0,619100.0
06037533501,0.0,26.8,73.2,1355.0,471000.0
06037533601,1.4,13.8,86.2,1408.0,677100.0
06037533602,2.9,21.0,79.0,1335.0,531300.0
06037533603,5.6,24.0,76.0,1350.0,642300.0
06037533701,1.0,37.2,62.8,1298.0,496400.0
06037533702,2.2,30.6,69.4,1248.0,630500.0
06037533703,0.0,37.9,62.1,1622.0,637600.0
06037533803,2.0,29.8,70.2,1472.0,625000.0
06037533804,2.3,38.1,61.9,1573.0,447100.0
06037533805,0.0,30.0,70.0,1528.0,613900.0
06037533806,5.4,35.5,64.5,1570.0,
06037533901,2.5,13.6,86.4,1457.0,566100.0
06037533902,1.4,28.4,71.6,1567.0,594700.0
06037534001,1.3,18.6,81.4,1320.0,598400.0
06037534002,0.7,23.5,76.5,1736.0,487200.0
06037534101,0.0,40.1,59.9,1201.0,
06037534102,2.4,15.6,84.4,1489.0,470100.0
06037534201,0.0,24.4,75.6,1603.0,534400.0
06037534202,7.4,23.3,76.7,1530.0,551100.0
06037534203,0.0,19.2,80.8,1511.0,
06037534301,3.4,7.4,92.6,1476.0,607800.0
06037534302,0.0,8.2,91.8,1675.0,671200.0
06037534403,1.2,10.1,89.9,1628.0,602300.0
06037534404,6.9,26.9,73.1,1276.0,509200.0
06037534405,4.4,18.0,82.0,1646.0,
06037534406,0.0,3.2,96.8,1508.0,440900.0
06037534501,0.0,32.0,68.0,1406.0,557500.0
06037534502,7.1,58.6,41.4,1328.0,592700.0
06037534700,3.0,67.2,32.8,1417.0,549700.0
06037534802,3.6,52.6,47.4,1301.0,590000.0
06037534803,2.3,43.4,56.6,1357.0,563900.0
06037534804,0.0,46.5,53.5,1328.0,585200.0
06037534900,2.2,29.2,70.8,1473.0,528600.0
06037535001,1.2,30.1,69.9,1369.0,533400.0
06037535002,4.4,31.5,68.5,1171.0,543200.0
06037535101,4.2,35.7,64.3,1495.0,559400.0
06037535102,5.0,41.5,58.5,1479.0,573600.0
06037535200,4.5,53.1,46.9,1495.0,522100.0
06037535300,5.3,60.0,40.0,988.0,486000.0
06037535400,3.0,43.5,56.5,1407.0,372700.0
06037535501,3.1,27.9,72.1,1254.0,651700.0
06037535502,2.8,30.4,69.6,1358.0,574600.0
06037535503,2.8,46.2,53.8,1295.0,592600.0
06037535603,4.3,26.0,74.0,1427.0,640500.0
06037535604,0.9,44.7,55.3,1243.0,626300.0
06037535605,1.8,32.7,67.3,1218.0,630900.0
06037535606,2.6,40.8,59.2,1285.0,593800.0
06037535607,0.0,65.2,34.8,1614.0,590500.0
06037535701,1.9,37.6,62.4,1304.0,627000.0
06037535702,1.8,27.5,72.5,1329.0,660700.0
06037535802,3.6,50.8,49.2,1429.0,599400.0
06037535803,0.0,31.6,68.4,1526.0,648100.0
06037535804,1.8,37.3,62.7,1386.0,616700.0
06037535901,0.0,51.0,49.0,1566.0,603900.0
06037535902,4.0,71.0,29.0,1135.0,613300.0
06037536000,3.5,26.4,73.6,1357.0,604900.0
06037536102,2.5,77.2,22.8,1872.0,557000.0
06037536103,3.8,47.7,52.3,1521.0,582300.0
06037536104,2.6,37.0,63.0,1545.0,630600.0
06037540000,3.5,49.0,51.0,1435.0,546700.0
06037540101,0.0,67.5,32.5,1670.0,528400.0
06037540102,4.9,76.4,23.6,1600.0,580600.0
06037540201,2.3,17.8,82.2,1397.0,490600.0
06037540202,0.5,27.7,72.3,1580.0,607100.0
06037540203,6.7,27.7,72.3,1386.0,497200.0
06037540300,0.0,62.2,37.8,1408.0,498700.0
06037540400,5.8,55.0,45.0,1142.0,520200.0
06037540501,3.4,59.6,40.4,1430.0,619000.0
06037540502,1.0,12.5,87.5,1415.0,682500.0
06037540600,0.0,33.3,66.7,1387.0,558700.0
06037540700,4.4,47.5,52.5,1606.0,604800.0
06037540800,7.3,64.9,35.1,890.0,576200.0
06037540901,2.3,60.7,39.3,1405.0,568600.0
06037540902,4.2,57.7,42.3,1212.0,599700.0
06037541100,4.3,67.1,32.9,959.0,602200.0
06037541200,4.3,76.1,23.9,1661.0,603000.0
06037541300,3.5,83.1,16.9,1444.0,572700.0
06037541500,2.3,35.3,64.7,1270.0,464500.0
06037541603,2.9,38.7,61.3,1211.0,451200.0
06037541604,5.2,32.0,68.0,1444.0,491900.0
06037541605,3.4,50.7,49.3,1485.0,480400.0
06037541606,1.9,17.8,82.2,1261.0,627100.0
06037541700,1.8,69.8,30.2,1294.0,563800.0
06037541801,3.6,41.7,58.3,1515.0,543300.0
06037541802,3.1,74.7,25.3,1647.0,597000.0
06037542000,7.1,68.3,31.7,1467.0,573400.0
06037542103,1.5,50.3,49.7,1411.0,595000.0
06037542104,2.2,52.8,47.2,1440.0,488900.0
06037542105,4.3,40.9,59.1,1427.0,532300.0
06037542106,1.6,39.0,61.0,1212.0,491300.0
06037542200,1.3,74.1,25.9,1511.0,541500.0
06037542401,7.0,75.3,24.7,1737.0,590500.0
06037542402,0.0,57.6,42.4,1411.0,573800.0
06037542501,0.0,49.6,50.4,1221.0,579100.0
06037542502,3.0,37.3,62.7,1196.0,538200.0
06037542601,6.1,29.2,70.8,1212.0,495300.0
06037542602,4.9,43.4,56.6,1268.0,487400.0
06037542700,4.7,68.6,31.4,1629.0,569200.0
06037542800,3.5,78.1,21.9,1961.0,468400.0
06037542900,2.6,66.8,33.2,1399.0,459100.0
06037543000,0.0,71.0,29.0,1910.0,586000.0
06037543100,2.7,83.9,16.1,1791.0,567800.0
06037543201,6.1,68.7,31.3,1628.0,579200.0
06037543304,3.1,85.0,15.0,2464.0,694000.0
06037543305,3.1,86.0,14.0,1130.0,192500.0
06037543306,1.7,80.2,19.8,2540.0,641700.0
06037543321,1.9,77.6,22.4,,660700.0
06037543322,2.9,93.8,6.2,2891.0,710900.0
06037543400,2.9,85.1,14.9,2042.0,693200.0
06037543501,10.6,55.3,44.7,1567.0,591700.0
06037543502,5.8,71.4,28.6,1562.0,669600.0
06037543503,7.8,67.9,32.1,1769.0,710600.0
06037543601,6.1,67.1,32.9,1766.0,634100.0
06037543603,8.0,87.5,12.5,1084.0,
06037543701,2.6,79.7,20.3,2699.0,618800.0
06037543703,5.2,65.8,34.2,1672.0,701000.0
06037543801,4.5,79.2,20.8,,593700.0
06037543903,13.0,72.8,27.2,,600700.0
06037543905,3.6,44.3,55.7,1952.0,471200.0
06037544001,2.3,78.7,21.3,1812.0,605700.0
06037544002,0.8,70.8,29.2,1558.0,627600.0
06037550201,0.0,60.0,40.0,1526.0,658400.0
06037550202,0.5,76.1,23.9,2006.0,625200.0
06037550601,3.0,53.7,46.3,1798.0,681000.0
06037550602,3.8,77.0,23.0,2474.0,817500.0
06037550700,3.7,73.5,26.5,1727.0,690100.0
06037550901,2.9,22.8,77.2,1707.0,794900.0
06037550902,2.2,32.0,68.0,1862.0,827600.0
06037551101,3.2,38.9,61.1,1576.0,398400.0
06037551102,0.0,7.1,92.9,1678.0,1051300.0
06037551201,2.0,48.1,51.9,1826.0,713000.0
06037551300,6.1,15.2,84.8,1721.0,482800.0
06037551401,0.0,45.6,54.4,1709.0,674400.0
06037551402,1.3,59.6,40.4,1853.0,729400.0
06037551501,4.6,53.7,46.3,2022.0,688200.0
06037551502,0.0,50.8,49.2,1862.0,827500.0
06037551700,0.0,68.0,32.0,1676.0,709500.0
06037551900,0.0,85.9,14.1,1540.0,613600.0
06037552001,1.7,72.9,27.1,2128.0,619400.0
06037552002,2.6,44.7,55.3,2038.0,594400.0
06037552100,3.6,63.3,36.7,1286.0,594100.0
06037552200,2.4,20.5,79.5,1737.0,611800.0
06037552301,0.0,72.4,27.6,2423.0,569000.0
06037552302,0.0,57.9,42.1,1732.0,627000.0
06037552400,7.0,87.8,12.2,1833.0,593600.0
06037552601,0.0,68.6,31.4,1797.0,575800.0
06037552602,1.1,55.8,44.2,1884.0,651200.0
06037552700,2.8,75.3,24.7,2432.0,632100.0
06037552800,1.9,74.7,25.3,1862.0,627200.0
06037552900,0.0,59.1,40.9,1794.0,627000.0
06037553000,4.7,89.2,10.8,2375.0,617100.0
06037553100,7.0,53.0,47.0,1903.0,770700.0
06037553300,0.0,81.2,18.8,1059.0,654100.0
06037553400,5.4,54.9,45.1,1634.0,605000.0
06037553502,6.0,37.0,63.0,1465.0,432500.0
06037553503,1.7,36.7,63.3,1444.0,519600.0
06037553504,0.0,66.0,34.0,1601.0,527100.0
06037553601,1.8,41.4,58.6,1547.0,478300.0
06037553602,2.1,33.4,66.6,2135.0,576600.0
06037553701,0.5,44.3,55.7,1429.0,419600.0
06037553702,0.0,50.9,49.1,1558.0,545700.0
06037553801,0.0,29.0,71.0,1727.0,561400.0
06037553802,0.0,49.4,50.6,1473.0,340000.0
06037553901,3.6,50.7,49.3,1499.0,589000.0
06037553902,2.1,30.7,69.3,1855.0,275000.0
06037554001,4.5,60.1,39.9,1624.0,650800.0
06037554002,0.5,34.5,65.5,1612.0,639500.0
06037554101,6.9,31.5,68.5,1472.0,674500.0
06037554105,6.9,6.4,93.6,1668.0,629800.0
06037554201,1.2,60.3,39.7,1857.0,647500.0
06037554203,0.0,27.6,72.4,1319.0,675000.0
06037554204,0.4,13.9,86.1,1467.0,613000.0
06037554301,2.7,42.8,57.2,1813.0,569100.0
06037554302,5.6,25.2,74.8,1866.0,
06037554403,6.6,28.5,71.5,1739.0,
06037554404,3.9,23.3,76.7,1540.0,689400.0
06037554405,2.7,16.7,83.3,1567.0,730800.0
06037554406,0.4,50.2,49.8,1846.0,826400.0
06037554511,0.0,66.3,33.7,2847.0,972600.0
06037554512,2.5,70.4,29.6,3081.0,932700.0
06037554513,0.0,76.2,23.8,2731.0,784100.0
06037554514,0.0,64.9,35.1,2351.0,881300.0
06037554515,2.1,86.4,13.6,2807.0,835800.0
06037554516,2.5,82.0,18.0,2756.0,989300.0
06037554517,1.8,61.8,38.2,2490.0,946000.0
06037554518,3.0,80.7,19.3,3025.0,897200.0
06037554519,6.4,90.1,9.9,3501.0,950300.0
06037554521,1.2,69.0,31.0,2416.0,882000.0
06037554522,0.0,82.2,17.8,2557.0,922500.0
06037554600,4.6,62.5,37.5,1973.0,604400.0
06037554700,3.7,81.8,18.2,2067.0,594200.0
06037554801,3.1,66.0,34.0,1647.0,634800.0
06037554802,4.1,56.2,43.8,1761.0,832200.0
06037554900,8.7,46.4,53.6,2301.0,726100.0
06037555001,0.0,55.0,45.0,1663.0,742000.0
06037555002,1.5,37.3,62.7,1960.0,638200.0
06037555202,2.8,87.3,12.7,2929.0,931700.0
06037555211,4.3,44.1,55.9,1598.0,494500.0
06037555212,4.3,52.0,48.0,1656.0,573800.0
06037570001,4.4,81.3,18.7,1770.0,783800.0
06037570002,2.8,84.3,15.7,1688.0,755600.0
06037570003,0.0,86.0,14.0,2167.0,719600.0
06037570100,4.3,69.2,30.8,2087.0,726600.0
06037570202,3.0,59.7,40.3,1503.0,596400.0
06037570203,2.7,21.8,78.2,1564.0,604900.0
06037570204,4.8,35.3,64.7,1380.0,599000.0
06037570303,2.2,37.4,62.6,1418.0,530000.0
06037570304,0.0,26.5,73.5,1319.0,562500.0
06037570402,3.3,74.1,25.9,1540.0,621400.0
06037570403,8.5,35.4,64.6,1264.0,490500.0
06037570404,1.2,71.3,28.7,1523.0,604300.0
06037570502,0.7,44.8,55.2,1671.0,604300.0
06037570601,2.7,41.1,58.9,1547.0,611500.0
06037570602,5.2,51.1,48.9,1657.0,629100.0
06037570603,4.5,21.0,79.0,1713.0,323400.0
06037570701,2.0,51.0,49.0,2141.0,782000.0
06037570800,2.2,83.3,16.7,2364.0,755200.0
06037570901,1.4,92.5,7.5,2655.0,825300.0
06037570902,0.0,71.2,28.8,2548.0,824100.0
06037571000,5.5,87.9,12.1,2580.0,784700.0
06037571101,0.6,86.9,13.1,2513.0,782600.0
06037571102,3.4,81.8,18.2,2552.0,851600.0
06037571300,2.7,88.6,11.4,1865.0,856100.0
06037571400,0.0,63.4,36.6,2003.0,781200.0
06037571502,3.8,52.4,47.6,1767.0,722500.0
06037571504,4.1,59.1,40.9,1708.0,744300.0
06037571600,2.6,2.0,98.0,551.0,572900.0
06037571701,1.9,38.2,61.8,1523.0,600000.0
06037571703,2.3,45.2,54.8,993.0,625400.0
06037571704,0.0,42.0,58.0,1602.0,473400.0
06037571800,6.2,62.7,37.3,1931.0,1212900.0
06037571900,5.0,51.9,48.1,1760.0,949600.0
06037572001,2.3,70.5,29.5,1803.0,898300.0
06037572201,2.7,66.6,33.4,1152.0,711500.0
06037572202,4.9,64.8,35.2,1687.0,797100.0
06037572301,4.2,58.0,42.0,1486.0,561200.0
06037572500,0.9,32.4,67.6,889.0,417400.0
06037572600,5.1,76.8,23.2,1223.0,591400.0
06037572700,0.0,65.1,34.9,1553.0,603100.0
06037573002,9.8,11.0,89.0,1438.0,796400.0
06037573003,4.5,45.7,54.3,1736.0,690300.0
06037573004,4.6,12.0,88.0,1443.0,721800.0
06037573201,14.4,25.4,74.6,1484.0,625900.0
06037573202,4.6,37.1,62.9,1579.0,628800.0
06037573300,6.4,24.3,75.7,1561.0,505600.0
06037573401,8.8,44.2,55.8,1637.0,750000.0
06037573402,8.5,37.1,62.9,1649.0,722800.0
06037573403,3.9,82.3,17.7,2242.0,721600.0
06037573601,3.9,90.3,9.7,2120.0,874900.0
06037573700,0.0,86.8,13.2,2484.0,848500.0
06037573800,5.0,89.6,10.4,2662.0,873700.0
06037573902,0.8,88.8,11.2,1851.0,1047900.0
06037574000,3.5,93.7,6.3,2641.0,933300.0
06037574100,4.4,78.6,21.4,3006.0,883700.0
06037574201,4.7,79.5,20.5,3099.0,861300.0
06037574202,1.8,53.2,46.8,1795.0,841100.0
06037574300,2.8,61.6,38.4,1906.0,896000.0
06037574400,0.0,88.2,11.8,2747.0,899700.0
06037574500,2.4,89.2,10.8,3038.0,901400.0
06037574602,3.2,87.6,12.4,2917.0,983000.0
06037574800,4.8,58.3,41.7,1663.0,1232300.0
06037574901,0.5,69.3,30.7,2604.0,955800.0
06037574902,3.4,21.4,78.6,2197.0,713400.0
06037575001,5.2,38.9,61.1,2148.0,805300.0
06037575002,10.1,32.1,67.9,1997.0,795300.0
06037575101,7.7,23.6,76.4,1651.0,531300.0
06037575102,3.5,22.0,78.0,1668.0,618600.0
06037575103,3.3,17.2,82.8,1676.0,447400.0
06037575201,12.8,19.8,80.2,1549.0,588500.0
06037575202,3.0,25.3,74.7,1385.0,659300.0
06037575300,4.8,10.4,89.6,1270.0,576800.0
06037575401,7.4,3.3,96.7,1345.0,337000.0
06037575402,5.5,19.1,80.9,1458.0,359500.0
06037575801,5.5,3.2,96.8,1380.0,791700.0
06037575802,4.0,28.4,71.6,1434.0,564900.0
06037575803,3.9,9.0,91.0,1070.0,418800.0
06037575901,4.8,37.1,62.9,1602.0,401200.0
06037575902,10.4,15.0,85.0,1748.0,431200.0
06037576001,15.6,27.2,72.8,2671.0,497200.0
06037576200,8.0,14.8,85.2,1557.0,800100.0
06037576301,7.9,12.3,87.7,1598.0,624000.0
06037576302,15.1,17.0,83.0,1334.0,534600.0
06037576401,2.7,8.0,92.0,1510.0,448800.0
06037576402,2.8,18.8,81.2,1525.0,611100.0
06037576403,6.9,14.1,85.9,1670.0,571800.0
06037576501,11.0,10.7,89.3,1670.0,542900.0
06037576502,6.6,16.7,83.3,1646.0,520100.0
06037576503,9.9,15.5,84.5,1660.0,615100.0
06037576601,15.9,29.5,70.5,1741.0,673800.0
06037576602,9.4,16.9,83.1,1827.0,688500.0
06037576700,5.2,37.2,62.8,1812.0,735800.0
06037576801,7.8,18.4,81.6,1782.0,647600.0
06037576802,3.2,25.0,75.0,1831.0,799900.0
06037576901,9.2,17.0,83.0,1477.0,790000.0
06037576903,3.7,11.2,88.8,1627.0,642300.0
06037576904,7.5,26.2,73.8,1660.0,836200.0
06037577000,4.6,19.6,80.4,1789.0,715500.0
06037577100,2.3,27.4,72.6,1909.0,1016300.0
06037577200,9.6,24.0,76.0,1859.0,1194700.0
06037577300,4.3,25.9,74.1,1941.0,1202200.0
06037577400,17.2,42.7,57.3,1951.0,1205200.0
06037577501,12.7,64.3,35.7,1990.0,1451200.0
06037577504,11.2,43.6,56.4,2087.0,2000001.0
06037577602,1.9,68.5,31.5,2775.0,857100.0
06037577604,7.2,85.7,14.3,3224.0,812800.0
06037599000,35.3,34.8,65.2,1857.0,902800.0
06037599100,64.4,0.0,100.0,1721.0,
06037600100,4.7,20.8,79.2,1410.0,612000.0
06037600201,5.3,25.3,74.7,1268.0,609600.0
06037600202,4.9,27.0,73.0,1084.0,617000.0
06037600302,6.5,61.3,38.7,1379.0,612400.0
06037600303,6.4,10.7,89.3,1225.0,609800.0
06037600304,4.7,15.9,84.1,1473.0,465700.0
06037600400,5.1,45.7,54.3,982.0,669100.0
06037600501,2.5,64.7,35.3,1523.0,818200.0
06037600601,11.3,58.0,42.0,1613.0,790700.0
06037600602,8.7,4.9,95.1,1606.0,740400.0
06037600702,6.4,66.4,33.6,1585.0,834800.0
06037600703,21.1,87.4,12.6,1921.0,672200.0
06037600704,5.1,40.5,59.5,1973.0,797100.0
06037600801,10.1,72.6,27.4,2102.0,788400.0
06037600802,7.4,39.7,60.3,1358.0,794200.0
06037600902,10.7,15.3,84.7,1554.0,644700.0
06037600911,6.6,40.0,60.0,2023.0,852600.0
06037600912,3.7,57.8,42.2,1393.0,762500.0
06037601001,5.3,16.8,83.2,1425.0,1051600.0
06037601002,8.3,19.4,80.6,1554.0,667700.0
06037601100,2.9,13.4,86.6,1688.0,714300.0
06037601202,0.0,56.3,43.7,1672.0,730500.0
06037601211,12.1,23.8,76.2,1580.0,619900.0
06037601212,4.8,23.9,76.1,1410.0,583900.0
06037601301,5.3,59.9,40.1,1708.0,921400.0
06037601302,11.9,26.8,73.2,1801.0,604000.0
06037601303,3.6,9.6,90.4,1648.0,572200.0
06037601401,8.2,21.9,78.1,1351.0,731400.0
06037601402,8.0,47.4,52.6,1381.0,716800.0
06037601501,6.7,16.6,83.4,1400.0,595100.0
06037601502,5.3,37.4,62.6,1355.0,810700.0
06037601600,2.6,28.1,71.9,1140.0,658600.0
06037601700,2.0,17.5,82.5,1442.0,581400.0
06037601801,1.7,34.3,65.7,1632.0,718500.0
06037601802,5.6,35.0,65.0,1389.0,681600.0
06037601900,4.3,31.9,68.1,1489.0,814100.0
06037602002,7.2,34.0,66.0,1634.0,668700.0
06037602003,6.9,36.7,63.3,1721.0,753300.0
06037602103,8.6,23.8,76.2,1723.0,705400.0
06037602104,3.4,25.2,74.8,1721.0,692200.0
06037602105,4.0,11.1,88.9,1445.0,656700.0
06037602106,0.0,15.7,84.3,1509.0,654800.0
06037602301,4.1,74.9,25.1,1610.0,868500.0
06037602302,4.1,86.7,13.3,3406.0,1124600.0
06037602402,2.9,45.5,54.5,1818.0,866000.0
06037602403,6.6,19.9,80.1,1516.0,886600.0
06037602404,6.9,23.8,76.2,1663.0,931800.0
06037602504,4.7,8.8,91.2,1544.0,818200.0
06037602505,2.5,5.3,94.7,1608.0,600700.0
06037602506,3.0,10.4,89.6,1657.0,599600.0
06037602507,7.8,9.3,90.7,1672.0,584200.0
06037602700,2.1,81.6,18.4,1990.0,709200.0
06037602801,1.3,26.6,73.4,1270.0,359400.0
06037602802,0.0,88.3,11.7,2097.0,704300.0
06037602900,0.8,55.9,44.1,1209.0,572400.0
06037603004,6.7,16.5,83.5,1579.0,614000.0
06037603005,1.4,32.6,67.4,1725.0,526700.0
06037603006,1.7,44.0,56.0,1487.0,676900.0
06037603101,2.8,32.6,67.4,1863.0,634300.0
06037603102,9.0,30.4,69.6,1694.0,617600.0
06037603200,5.2,64.9,35.1,2126.0,673900.0
06037603301,12.7,32.0,68.0,1597.0,791400.0
06037603302,9.2,58.5,41.5,1591.0,671800.0
06037603400,7.4,59.9,40.1,1535.0,701500.0
06037603500,3.8,66.9,33.1,1925.0,665800.0
06037603600,0.0,80.2,19.8,1502.0,721400.0
06037603702,2.7,87.8,12.2,2478.0,799500.0
06037603703,0.0,92.7,7.3,3501.0,847800.0
06037603801,3.4,35.0,65.0,1665.0,817800.0
06037603802,0.0,47.6,52.4,1868.0,682100.0
06037604001,10.9,32.5,67.5,1788.0,687800.0
06037604002,6.5,27.8,72.2,1928.0,755200.0
06037609900,8.1,50.4,49.6,1397.0,766800.0
06037620001,4.0,50.3,49.7,2172.0,1665400.0
06037620002,11.2,36.5,63.5,2414.0,1278100.0
06037620101,9.9,56.6,43.4,2637.0,1159900.0
06037620102,3.4,25.0,75.0,2490.0,1726400.0
06037620201,7.5,28.7,71.3,3073.0,1976000.0
06037620301,6.8,80.3,19.7,3250.0,2000001.0
06037620303,8.5,65.6,34.4,3501.0,2000001.0
06037620305,23.9,56.7,43.3,3501.0,2000001.0
06037620400,5.0,68.5,31.5,2785.0,1918600.0
06037620501,0.0,62.6,37.4,2579.0,1198100.0
06037620521,3.7,46.9,53.1,2263.0,1151000.0
06037620522,10.9,58.9,41.1,2590.0,1227700.0
06037620601,5.4,41.2,58.8,2407.0,1016900.0
06037620602,4.5,75.6,24.4,2322.0,1009600.0
06037620701,1.6,53.0,47.0,2327.0,1235600.0
06037620901,7.3,86.1,13.9,2971.0,2000001.0
06037620904,12.6,58.5,41.5,3501.0,2000001.0
06037621001,6.9,60.1,39.9,2397.0,1918600.0
06037621102,5.2,62.6,37.4,3069.0,1826300.0
06037621104,19.4,39.3,60.7,2793.0,2000001.0
06037621201,2.5,54.7,45.3,2479.0,1233000.0
06037621204,21.4,31.1,68.9,2612.0,1045800.0
06037621301,4.8,70.6,29.4,2495.0,1246600.0
06037621324,12.7,31.7,68.3,2644.0,1436700.0
06037621326,13.8,21.0,79.0,2573.0,2000001.0
06037621400,13.0,51.5,48.5,2373.0,1604700.0
06037650001,5.9,65.6,34.4,2173.0,914300.0
06037650003,7.0,39.3,60.7,1766.0,888600.0
06037650004,6.7,36.7,63.3,1810.0,826200.0
06037650101,10.1,79.4,20.6,3192.0,904900.0
06037650102,2.9,69.1,30.9,2475.0,866000.0
06037650200,3.8,78.1,21.9,2690.0,906500.0
06037650300,0.0,41.9,58.1,1900.0,889500.0
06037650401,1.5,85.3,14.7,2135.0,1011100.0
06037650501,3.6,87.0,13.0,2974.0,1105800.0
06037650502,2.8,75.8,24.2,2345.0,1219300.0
06037650603,4.9,67.9,32.1,1807.0,1303800.0
06037650604,8.7,7.8,92.2,1766.0,769200.0
06037650605,4.0,28.4,71.6,2065.0,1059600.0
06037650701,5.5,83.7,16.3,3501.0,1071700.0
06037650702,2.4,86.3,13.7,3253.0,1121700.0
06037650901,14.2,48.7,51.3,1819.0,894300.0
06037651001,3.2,75.3,24.7,1697.0,987200.0
06037651002,4.5,59.1,40.9,1787.0,1057800.0
06037651101,0.0,59.6,40.4,2403.0,1199600.0
06037651102,6.4,57.5,42.5,2000.0,911300.0
06037651201,7.7,84.0,16.0,3501.0,1203900.0
06037651221,8.2,31.9,68.1,1951.0,1194000.0
06037651222,10.3,23.1,76.9,2470.0,1093100.0
06037651302,13.1,74.8,25.2,2847.0,1611000.0
06037651304,7.7,52.8,47.2,2141.0,1392500.0
06037651401,6.4,54.4,45.6,1249.0,1074600.0
06037651402,10.7,51.4,48.6,2095.0,1117600.0
06037670001,5.4,59.8,40.2,1905.0,740700.0
06037670002,3.4,34.8,65.2,1659.0,841700.0
06037670003,3.3,56.4,43.6,1774.0,826400.0
06037670201,10.4,79.7,20.3,3284.0,1965000.0
06037670202,9.4,91.1,8.9,3501.0,1697900.0
06037670324,7.2,87.6,12.4,2875.0,2000001.0
06037670326,4.2,94.6,5.4,3501.0,2000001.0
06037670328,7.6,90.0,10.0,2750.0,2000001.0
06037670405,11.3,76.0,24.0,2875.0,1251000.0
06037670406,8.2,92.1,7.9,3501.0,2000001.0
06037670407,6.1,58.2,41.8,2676.0,1203700.0
06037670413,6.4,75.4,24.6,3501.0,1587400.0
06037670416,8.8,63.4,36.6,2893.0,2000001.0
06037670500,13.5,92.3,7.7,3501.0,2000001.0
06037670701,6.6,91.8,8.2,2259.0,1094400.0
06037670702,8.6,92.9,7.1,3501.0,1697300.0
06037700101,7.0,7.0,93.0,2081.0,1739100.0
06037700102,7.7,15.3,84.7,1765.0,1121000.0
06037700200,10.6,9.3,90.7,2039.0,955700.0
06037700300,5.9,31.6,68.4,1813.0,794000.0
06037700400,14.8,18.8,81.2,2019.0,1837200.0
06037700501,15.0,40.3,59.7,2097.0,1186200.0
06037700502,19.2,27.6,72.4,2135.0,825100.0
06037700600,20.6,92.4,7.6,3501.0,2000001.0
06037700700,10.2,85.5,14.5,3501.0,2000001.0
06037700801,18.7,36.7,63.3,2433.0,1706000.0
06037700802,15.6,30.7,69.3,2493.0,1818200.0
06037700901,8.3,48.4,51.6,3397.0,2000001.0
06037700902,8.6,16.1,83.9,2468.0,2000001.0
06037701000,13.6,31.1,68.9,2931.0,2000001.0
06037701201,10.2,84.7,15.3,1950.0,2000001.0
06037701202,10.6,44.7,55.3,3014.0,1651200.0
06037701302,8.6,29.3,70.7,2289.0,1085500.0
06037701304,22.5,53.7,46.3,2356.0,2000001.0
06037701402,9.3,14.8,85.2,2374.0,1529000.0
06037701501,14.9,21.1,78.9,2277.0,1229400.0
06037701502,12.9,11.1,88.9,2140.0,1067900.0
06037701601,6.9,57.5,42.5,2511.0,2000001.0
06037701602,4.7,30.3,69.7,2052.0,1082400.0
06037701701,11.0,21.7,78.3,2104.0,1120700.0
06037701702,16.4,9.7,90.3,2244.0,1148700.0
06037701801,9.5,24.2,75.8,1802.0,1246200.0
06037701802,3.4,21.1,78.9,2090.0,1204500.0
06037701902,13.5,2.0,98.0,3135.0,
06037702002,9.4,15.0,85.0,2393.0,1255400.0
06037702102,15.1,21.7,78.3,2123.0,1823700.0
06037702201,13.5,31.0,69.0,2219.0,1808600.0
06037702202,5.3,49.6,50.4,2315.0,2000001.0
06037702300,9.1,52.0,48.0,2167.0,2000001.0
06037702400,8.9,33.1,66.9,2634.0,1495200.0
06037702501,9.9,55.9,44.1,2668.0,1647700.0
06037702502,2.2,70.7,29.3,2542.0,704400.0
06037702600,4.5,78.6,21.4,2451.0,1223200.0
06037702700,7.5,79.2,20.8,1983.0,1527100.0
06037702801,10.4,49.3,50.7,2572.0,1173500.0
06037702802,6.8,35.8,64.2,2305.0,1257100.0
06037702803,7.9,33.0,67.0,2570.0,1630600.0
06037703002,8.9,64.5,35.5,3028.0,1561900.0
06037703100,1.1,65.8,34.2,1572.0,1048700.0
06037703200,4.3,64.8,35.2,1573.0,1210300.0
06037800101,4.6,92.4,7.6,3256.0,1381700.0
06037800202,6.0,92.3,7.7,3501.0,2000001.0
06037800204,8.8,82.3,17.7,3414.0,1661300.0
06037800324,0.5,88.3,11.7,3501.0,958200.0
06037800325,5.9,77.7,22.3,3171.0,1312000.0
06037800328,0.0,81.4,18.6,3501.0,1643400.0
06037800406,29.9,84.0,16.0,3501.0,2000001.0
06037800410,30.3,79.0,21.0,3000.0,1773000.0
06037800504,39.6,62.3,37.7,3501.0,2000001.0
06037800506,21.7,75.9,24.1,3477.0,2000001.0
06037900102,38.0,60.1,39.9,1574.0,243200.0
06037900103,1.9,69.3,30.7,1044.0,277500.0
06037900104,5.8,74.5,25.5,1180.0,292300.0
06037900501,2.8,66.5,33.5,1586.0,323100.0
06037900504,1.5,59.0,41.0,1645.0,462400.0
06037900505,9.1,63.8,36.2,1331.0,365500.0
06037900506,5.7,57.4,42.6,1428.0,366500.0
06037900508,6.1,80.1,19.9,1794.0,422400.0
06037900602,3.8,66.1,33.9,1185.0,106000.0
06037900606,7.2,30.5,69.5,1282.0,351400.0
06037900607,12.4,59.4,40.6,1433.0,334700.0
06037900608,4.5,70.7,29.3,1717.0,366400.0
06037900609,7.0,60.3,39.7,1168.0,348300.0
06037900701,11.0,47.0,53.0,1184.0,349300.0
06037900703,3.0,20.0,80.0,1406.0,292000.0
06037900704,9.3,1.1,98.9,1518.0,
06037900705,16.5,26.2,73.8,1348.0,336500.0
06037900804,8.1,48.1,51.9,1328.0,331300.0
06037900805,6.5,75.6,24.4,1679.0,315300.0
06037900806,6.8,9.1,90.9,838.0,344700.0
06037901003,,,,,
06037901007,4.7,89.0,11.0,1293.0,458900.0
06037901008,2.7,52.5,47.5,1849.0,390600.0
06037901009,2.6,65.8,34.2,1791.0,495900.0
06037901010,7.7,62.9,37.1,1360.0,450000.0
06037901011,2.0,52.7,47.3,1868.0,470600.0
06037901101,8.6,66.0,34.0,1877.0,402000.0
06037901102,7.7,72.1,27.9,1350.0,458600.0
06037901209,32.8,67.6,32.4,1105.0,308100.0
06037901210,9.0,86.3,13.7,1227.0,380000.0
06037910002,9.0,70.6,29.4,1478.0,349400.0
06037910210,3.7,88.0,12.0,2221.0,568100.0
06037910301,6.1,74.3,25.7,1159.0,524400.0
06037910302,5.8,89.6,10.4,2176.0,548000.0
06037910401,5.4,43.1,56.9,1880.0,504000.0
06037910404,0.0,49.7,50.3,1663.0,408600.0
06037910501,8.4,3.6,96.4,1134.0,316300.0
06037910502,3.7,37.7,62.3,1258.0,313800.0
06037910504,9.3,63.0,37.0,1665.0,349800.0
06037910505,4.1,76.1,23.9,1713.0,402200.0
06037910601,2.4,69.5,30.5,1467.0,332600.0
06037910602,0.7,40.8,59.2,1567.0,308200.0
06037910605,4.8,69.4,30.6,1255.0,388900.0
06037910606,5.6,66.1,33.9,1341.0,384300.0
06037910706,0.0,82.3,17.7,1824.0,450400.0
06037910707,4.9,50.0,50.0,1332.0,389400.0
06037910709,0.0,85.3,14.7,,515300.0
06037910712,4.3,85.9,14.1,1857.0,386000.0
06037910713,0.0,81.8,18.2,1642.0,370200.0
06037910714,2.9,83.8,16.2,1983.0,363500.0
06037910715,7.0,79.6,20.4,1772.0,396600.0
06037910716,1.3,80.9,19.1,1745.0,424700.0
06037910804,5.9,93.2,6.8,1662.0,714200.0
06037910807,1.5,83.8,16.2,2631.0,657300.0
06037910808,0.0,96.7,3.3,2194.0,635300.0
06037910809,4.6,95.6,4.4,,1255100.0
06037910810,3.3,92.3,7.7,3501.0,841900.0
06037911001,20.9,85.7,14.3,895.0,373200.0
06037920013,0.0,89.4,10.6,3501.0,750900.0
06037920015,0.0,96.5,3.5,3303.0,861900.0
06037920016,3.9,82.0,18.0,1916.0,865100.0
06037920017,5.8,80.0,20.0,2216.0,678900.0
06037920018,0.0,92.8,7.2,2694.0,695400.0
06037920020,2.8,87.1,12.9,2119.0,713800.0
06037920028,0.0,85.0,15.0,3087.0,649200.0
06037920029,3.2,69.0,31.0,2013.0,500400.0
06037920030,3.5,77.7,22.3,2227.0,653100.0
06037920031,0.0,88.4,11.6,2029.0,483200.0
06037920034,0.0,83.9,16.1,2157.0,836800.0
06037920035,1.3,71.5,28.5,2060.0,551000.0
06037920038,2.3,46.9,53.1,1659.0,
06037920039,2.4,93.1,6.9,2630.0,758500.0
06037920040,2.1,83.2,16.8,2273.0,703300.0
06037920041,7.8,39.9,60.1,2819.0,621500.0
06037920042,5.8,56.9,43.1,2404.0,588900.0
06037920043,4.3,84.8,15.2,3000.0,874900.0
06037920044,0.0,79.8,20.2,2691.0,655200.0
06037920045,0.0,88.1,11.9,2887.0,769900.0
06037920102,8.0,57.4,42.6,1557.0,611900.0
06037920104,3.3,93.0,7.0,3276.0,736600.0
06037920106,3.4,80.9,19.1,1281.0,533400.0
06037920109,2.6,70.1,29.9,2353.0,776200.0
06037920110,0.0,61.1,38.9,2429.0,918000.0
06037920111,1.1,78.4,21.6,2777.0,663900.0
06037920112,3.9,68.0,32.0,1708.0,779300.0
06037920114,10.1,55.8,44.2,2624.0,804000.0
06037920115,0.0,59.1,40.9,2151.0,813600.0
06037920116,1.5,95.2,4.8,3501.0,686800.0
06037920118,0.0,90.7,9.3,2836.0,730300.0
06037920119,0.0,97.8,2.2,3393.0,863300.0
06037920200,,,,,
06037920303,3.4,50.8,49.2,2719.0,
06037920312,6.1,52.7,47.3,1835.0,875500.0
06037920313,8.8,91.9,8.1,2835.0,814700.0
06037920314,2.5,71.3,28.7,2396.0,793500.0
06037920322,5.1,78.1,21.9,1795.0,824200.0
06037920326,3.1,46.2,53.8,2280.0,918400.0
06037920328,10.3,50.8,49.2,2548.0,1099100.0
06037920329,2.8,59.5,40.5,2412.0,659900.0
06037920330,3.8,73.3,26.7,2155.0,822600.0
06037920331,2.9,76.4,23.6,2885.0,690900.0
06037920332,2.5,81.5,18.5,2161.0,747800.0
06037920334,5.9,68.3,31.7,2319.0,671300.0
06037920338,0.7,88.1,11.9,3501.0,1028700.0
06037920339,1.5,56.8,43.2,2686.0,1183000.0
06037980001,,,,,
06037980002,,,,,
06037980003,,,,,
06037980004,,,,,
06037980005,,,,,
06037980006,,,,,
06037980007,,,,,
06037980008,0.0,0.0,100.0,,
06037980009,,,,,
06037980010,0.0,12.3,87.7,705.0,
06037980013,,,,,
06037980014,0.0,40.0,60.0,,
06037980015,7.5,1.9,98.1,1212.0,
06037980018,,,,,
06037980019,0.0,73.0,27.0,,1103300.0
06037980020,,,,,
06037980021,0.0,100.0,0.0,,
06037980022,,,,,
06037980023,0.0,100.0,0.0,,
06037980024,18.4,61.2,38.8,,
06037980025,0.0,0.0,100.0,2592.0,
06037980026,,,,,
06037980028,100.0,,,,
06037980030,,,,,
06037980031,0.0,42.9,57.1,,
06037980033,,,,,
06037101221,5.5,22.2,77.8,1666.0,553500.0
06037101222,8.5,7.9,92.1,1539.0,585500.0
06037103201,6.9,28.6,71.4,1492.0,733900.0
06037103202,6.9,93.1,6.9,,855700.0
06037103401,10.3,77.5,22.5,1944.0,778800.0
06037103402,11.8,66.5,33.5,1253.0,731000.0
06037104321,6.8,45.7,54.3,897.0,604100.0
06037104322,3.3,66.3,33.7,1276.0,595300.0
06037104823,2.5,81.4,18.6,3501.0,634300.0
06037104824,1.6,80.5,19.5,891.0,601900.0
06037108203,2.7,74.5,25.5,3501.0,925300.0
06037108204,0.0,93.0,7.0,3501.0,948200.0
06037111303,2.4,58.3,41.7,2215.0,877900.0
06037111304,5.5,6.8,93.2,1388.0,423300.0
06037111401,0.0,60.5,39.5,2156.0,811600.0
06037111402,1.0,24.3,75.7,1419.0,849000.0
06037113238,4.3,21.5,78.5,1729.0,605100.0
06037113239,1.6,24.6,75.4,1469.0,
06037113323,3.4,36.0,64.0,1695.0,624300.0
06037113324,4.9,11.4,88.6,1883.0,457600.0
06037113423,0.0,72.7,27.3,1594.0,747800.0
06037113424,17.4,68.4,31.6,2181.0,746200.0
06037113425,2.1,4.3,95.7,2038.0,483300.0
06037113426,0.0,46.5,53.5,1700.0,769800.0
06037113427,4.7,23.4,76.6,1699.0,457900.0
06037113428,1.3,84.4,15.6,2484.0,707300.0
06037115203,19.3,26.3,73.7,1772.0,1092500.0
06037115204,7.3,32.2,67.8,1829.0,833800.0
06037119003,3.4,65.3,34.7,1429.0,608700.0
06037119004,10.2,70.9,29.1,1485.0,661400.0
06037119801,0.0,81.2,18.8,2408.0,676700.0
06037119802,3.7,68.7,31.3,1542.0,642600.0
06037125101,0.7,16.6,83.4,1806.0,655400.0
06037125102,0.0,47.8,52.2,1937.0,1761700.0
06037125321,3.8,7.2,92.8,1895.0,561400.0
06037125322,14.6,0.0,100.0,2092.0,
06037125403,4.2,4.1,95.9,2127.0,485000.0
06037125404,10.2,0.3,99.7,2341.0,
06037128703,8.9,14.7,85.3,2168.0,609400.0
06037128704,5.9,55.9,44.1,1959.0,1181400.0
06037131021,5.4,22.9,77.1,1508.0,847000.0
06037131022,8.4,25.1,74.9,1764.0,805900.0
06037131023,0.0,48.3,51.7,1805.0,650600.0
06037131024,3.0,50.2,49.8,2096.0,698300.0
06037131801,12.9,20.4,79.6,1411.0,614800.0
06037131802,1.6,75.3,24.7,1381.0,656000.0
06037132301,8.4,11.6,88.4,1470.0,787400.0
06037132302,4.6,54.2,45.8,1575.0,760400.0
06037133101,1.6,60.6,39.4,1661.0,818100.0
06037133102,3.3,33.9,66.1,1632.0,847400.0
06037134801,2.1,76.0,24.0,2167.0,679200.0
06037134802,4.6,54.9,45.1,2877.0,578700.0
06037134906,3.0,0.0,100.0,1822.0,
06037134907,7.0,0.0,100.0,2474.0,
06037135115,21.6,15.1,84.9,2071.0,614200.0
06037135116,0.0,7.7,92.3,1967.0,
06037135204,0.0,83.8,16.2,3501.0,836000.0
06037135205,1.4,79.2,20.8,3501.0,1021900.0
06037137202,5.3,27.2,72.8,2104.0,1031300.0
06037137203,6.3,61.4,38.6,2108.0,1110200.0
06037139505,3.4,21.2,78.8,1687.0,448800.0
06037139506,0.0,55.4,44.6,1802.0,463300.0
06037139704,6.7,82.4,17.6,3501.0,2000001.0
06037139705,3.2,94.0,6.0,,2000001.0
06037141305,7.9,27.4,72.6,1980.0,1163600.0
06037141306,7.0,27.5,72.5,2568.0,1160400.0
06037143101,7.3,62.9,37.1,2058.0,1663600.0
06037143102,2.0,25.5,74.5,2360.0,842000.0
06037143301,4.5,17.6,82.4,1787.0,912500.0
06037143302,4.3,44.4,55.6,1902.0,1404400.0
06037143401,3.0,40.8,59.2,2324.0,1550900.0
06037143402,4.9,44.1,55.9,2205.0,1173500.0
06037143605,12.7,4.2,95.8,3116.0,1081300.0
06037143606,2.9,2.8,97.2,2161.0,701400.0
06037143801,6.6,59.9,40.1,2386.0,2000001.0
06037143802,9.3,49.9,50.1,2254.0,2000001.0
06037185101,0.0,35.7,64.3,1592.0,770800.0
06037185102,5.1,76.4,23.6,3208.0,1202700.0
06037189501,14.7,18.7,81.3,1878.0,1163200.0
06037189502,14.9,5.3,94.7,1711.0,1615400.0
06037189703,17.1,58.0,42.0,2394.0,1076900.0
06037189704,33.4,47.8,52.2,2170.0,1735700.0
06037189801,11.8,24.2,75.8,2215.0,1072400.0
06037189802,10.8,42.0,58.0,2119.0,1223200.0
06037189906,7.5,7.6,92.4,2143.0,1097200.0
06037189907,9.6,8.1,91.9,2100.0,1041700.0
06037190101,22.8,0.0,100.0,1493.0,
06037190102,19.6,2.6,97.4,2001.0,
06037190302,15.4,13.4,86.6,1948.0,942700.0
06037190303,12.5,1.0,99.0,1332.0,
06037190701,28.9,4.0,96.0,1239.0,
06037190702,9.5,15.5,84.5,1721.0,1309200.0
06037199001,15.6,9.4,90.6,1224.0,687500.0
06037199002,5.1,28.2,71.8,1523.0,667200.0
06037199801,3.2,33.8,66.2,1293.0,619800.0
06037199802,5.4,28.7,71.3,1236.0,578100.0
06037203601,3.2,13.8,86.2,1199.0,673600.0
06037203602,2.8,28.6,71.4,1571.0,863300.0
06037206051,22.1,36.4,63.6,2675.0,967500.0
06037206052,21.6,12.2,87.8,2856.0,712700.0
06037206053,6.8,14.0,86.0,1027.0,651000.0
06037206054,6.8,4.8,95.2,1206.0,779400.0
06037206201,12.5,9.4,90.6,2707.0,575300.0
06037206202,7.3,10.5,89.5,535.0,645800.0
06037206301,10.4,2.9,97.1,346.0,
06037206302,16.0,0.0,100.0,,
06037206303,10.4,1.3,98.7,326.0,
06037207303,12.3,1.2,98.8,1625.0,
06037207304,11.9,3.1,96.9,821.0,683800.0
06037207305,26.1,15.9,84.1,1914.0,540200.0
06037207306,10.8,10.3,89.7,1615.0,699000.0
06037207307,17.5,0.0,100.0,,
06037207308,21.7,0.0,100.0,2400.0,
06037207711,28.5,24.2,75.8,3240.0,686100.0
06037207712,15.2,10.6,89.4,2569.0,698900.0
06037207901,8.8,10.3,89.7,2874.0,954300.0
06037207902,11.8,17.8,82.2,2789.0,1087200.0
06037208001,4.2,0.0,100.0,2280.0,
06037208002,6.1,13.8,86.2,1231.0,712500.0
06037209105,6.6,0.0,100.0,1190.0,
06037209106,9.1,9.3,90.7,1370.0,615700.0
06037209201,14.7,6.5,93.5,2575.0,675000.0
06037209202,15.0,0.0,100.0,1364.0,
06037211123,10.4,3.0,97.0,2523.0,
06037211124,14.1,6.7,93.3,1781.0,578800.0
06037214504,10.8,2.8,97.2,2473.0,
06037214505,7.9,0.0,100.0,2916.0,
06037214903,16.1,19.3,80.7,2057.0,670200.0
06037214904,9.5,24.2,75.8,2373.0,1242400.0
06037216201,3.6,22.2,77.8,2608.0,2000001.0
06037216202,11.5,18.5,81.5,1946.0,1778800.0
06037216301,10.1,66.7,33.3,3036.0,2000001.0
06037216302,12.1,16.2,83.8,2208.0,956400.0
06037216901,12.7,60.2,39.8,2258.0,1209200.0
06037216902,12.8,16.4,83.6,1774.0,1531300.0
06037217101,11.1,18.8,81.2,1683.0,1054900.0
06037217102,10.4,23.1,76.9,1879.0,1248200.0
06037224701,15.9,0.7,99.3,2074.0,
06037224702,28.2,0.0,100.0,1862.0,
06037226701,0.7,31.1,68.9,1274.0,574200.0
06037226702,1.8,33.4,66.6,1300.0,531000.0
06037231301,6.5,28.7,71.3,1329.0,676400.0
06037231302,8.6,42.9,57.1,1296.0,808500.0
06037231601,6.4,33.5,66.5,804.0,754100.0
06037231602,4.5,43.7,56.3,1413.0,670700.0
06037231603,9.1,14.9,85.1,1301.0,712700.0
06037231901,1.9,33.5,66.5,1406.0,525000.0
06037231902,2.6,22.3,77.7,1128.0,707100.0
06037232401,5.8,47.4,52.6,1730.0,740800.0
06037232402,3.7,57.1,42.9,723.0,633600.0
06037232601,6.2,35.8,64.2,1189.0,629600.0
06037232602,1.5,40.5,59.5,1406.0,666400.0
06037232701,5.5,38.0,62.0,1230.0,709500.0
06037232702,9.4,29.3,70.7,1241.0,632600.0
06037234001,7.3,61.5,38.5,1604.0,1013800.0
06037234002,0.0,37.2,62.8,1434.0,802400.0
06037234301,5.1,32.5,67.5,1241.0,1136700.0
06037234302,9.7,7.4,92.6,1464.0,707400.0
06037236001,12.4,77.0,23.0,2983.0,821100.0
06037236101,7.9,36.1,63.9,1372.0,959700.0
06037236102,8.3,20.5,79.5,1251.0,615800.0
06037236205,15.1,3.8,96.2,1228.0,564500.0
06037236206,5.0,0.0,100.0,1520.0,
06037240301,1.4,31.5,68.5,1145.0,542200.0
06037240302,10.5,42.7,57.3,1160.0,529500.0
06037240901,10.4,72.1,27.9,1150.0,584300.0
06037240902,8.0,37.8,62.2,1255.0,475400.0
06037242201,0.9,45.4,54.6,1237.0,518100.0
06037242202,0.0,35.4,64.6,850.0,450000.0
06037243001,1.6,49.4,50.6,1970.0,541700.0
06037243002,8.7,70.1,29.9,1907.0,478700.0
06037261103,7.9,83.9,16.1,1768.0,2000001.0
06037261104,7.3,74.8,25.2,3501.0,2000001.0
06037264303,12.9,21.2,78.8,2834.0,1111400.0
06037264304,16.2,11.3,88.7,2583.0,1109400.0
06037264305,7.5,52.1,47.9,3250.0,1856100.0
06037264306,22.3,30.0,70.0,2868.0,1357100.0
06037265203,31.0,34.3,65.7,3123.0,2000001.0
06037265204,18.2,20.1,79.9,3114.0,764200.0
06037265306,14.8,6.0,94.0,2151.0,796900.0
06037265307,8.6,0.0,100.0,1974.0,
06037265521,10.5,8.5,91.5,2260.0,786200.0
06037265522,15.7,15.7,84.3,2595.0,
06037265523,13.3,38.4,61.6,2619.0,951100.0
06037265524,4.4,27.3,72.7,2909.0,1066300.0
06037265701,6.7,41.4,58.6,2025.0,2000001.0
06037265702,14.8,48.4,51.6,2880.0,1418500.0
06037267101,10.4,36.7,63.3,2395.0,1189400.0
06037267102,6.6,56.9,43.1,2783.0,1222500.0
06037267201,5.0,24.9,75.1,2507.0,989700.0
06037267202,13.7,38.1,61.9,2835.0,1158500.0
06037267405,7.8,11.4,88.6,2246.0,941600.0
06037267406,3.2,17.5,82.5,2311.0,980600.0
06037267503,3.8,14.2,85.8,2335.0,1037500.0
06037267504,5.0,13.4,86.6,2282.0,879300.0
06037269908,11.2,1.1,98.9,1820.0,
06037269909,8.8,5.3,94.7,1852.0,896200.0
06037270101,8.0,17.2,82.8,2332.0,359500.0
06037270102,19.3,16.1,83.9,2023.0,878500.0
06037271703,3.2,32.8,67.2,2261.0,1436800.0
06037271704,9.8,24.7,75.3,2525.0,1660600.0
06037271803,8.0,6.2,93.8,2054.0,806300.0
06037271804,14.7,22.1,77.9,2443.0,1444100.0
06037273403,27.3,20.8,79.2,1904.0,2000001.0
06037273404,9.3,30.3,69.7,2220.0,1587400.0
06037275312,4.3,41.9,58.1,3398.0,1180100.0
06037275313,6.7,72.8,27.2,2838.0,1355300.0
06037275604,9.8,31.9,68.1,3501.0,1191900.0
06037275605,15.9,22.4,77.6,2895.0,1776900.0
06037276101,4.9,5.1,94.9,2583.0,674300.0
06037276102,7.0,28.6,71.4,2519.0,1184300.0
06037276605,5.3,37.7,62.3,2917.0,802700.0
06037276606,2.2,42.7,57.3,2632.0,889800.0
06037276607,12.2,25.5,74.5,2796.0,1287700.0
06037276608,8.9,48.1,51.9,2198.0,641900.0
06037292001,8.5,17.6,82.4,1604.0,778800.0
06037292002,2.0,75.7,24.3,2425.0,796900.0
06037293203,18.7,44.2,55.8,1351.0,851200.0
06037293204,9.8,41.6,58.4,1728.0,676700.0
06037293205,9.7,15.4,84.6,1529.0,458300.0
06037293206,1.7,24.4,75.6,1517.0,810900.0
06037297001,1.0,70.3,29.7,2563.0,960900.0
06037297002,0.0,49.3,50.7,1797.0,883900.0
06037297501,9.0,81.2,18.8,2575.0,906900.0
06037297502,1.4,52.1,47.9,1772.0,916000.0
06037300503,3.1,24.5,75.5,2084.0,864700.0
06037300601,6.5,38.3,61.7,2120.0,718500.0
06037300602,6.2,56.8,43.2,2340.0,1107300.0
06037301901,22.1,30.1,69.9,2221.0,715000.0
06037301902,15.2,27.9,72.1,1894.0,770800.0
06037310704,3.0,17.3,82.7,1713.0,629200.0
06037310705,5.6,6.7,93.3,1896.0,702700.0
06037311601,16.1,46.5,53.5,2118.0,1359400.0
06037311602,18.4,18.5,81.5,2458.0,1000000.0
06037320101,0.8,81.6,18.4,1935.0,628400.0
06037320102,5.6,73.7,26.3,1628.0,633300.0
06037400208,0.0,95.7,4.3,,1009500.0
06037400209,0.0,90.8,9.2,3188.0,1020500.0
06037400605,7.0,81.3,18.7,1886.0,652200.0
06037400801,2.0,77.6,22.4,1920.0,742500.0
06037401705,0.0,92.0,8.0,,848200.0
06037401706,4.4,39.6,60.4,1744.0,616400.0
06037401707,3.9,57.0,43.0,1757.0,555100.0
06037401801,2.2,73.5,26.5,2095.0,818300.0
06037401802,4.1,84.5,15.5,2113.0,834200.0
06037402503,2.8,36.9,63.1,1476.0,584800.0
06037402504,3.3,43.7,56.3,1224.0,476600.0
06037402601,7.0,46.3,53.7,1664.0,622700.0
06037402602,3.8,39.1,60.9,1144.0,639300.0
06037403326,9.6,75.2,24.8,2875.0,810800.0
06037403327,4.4,93.3,6.7,1896.0,723500.0
06037403328,3.2,76.6,23.4,2449.0,772200.0
06037403409,7.7,73.1,26.9,2287.0,961600.0
06037403601,6.8,71.2,28.8,1882.0,872400.0
06037404203,2.1,48.5,51.5,1562.0,607000.0
06037404804,2.6,49.3,50.7,1608.0,591800.0
06037404805,0.5,44.1,55.9,1471.0,608900.0
06037404806,1.2,54.2,45.8,1668.0,540000.0
06037406103,3.8,32.7,67.3,1613.0,688900.0
06037406201,2.9,28.5,71.5,1518.0,771600.0
06037406413,2.5,79.0,21.0,1790.0,779600.0
06037406801,3.3,69.8,30.2,2226.0,684200.0
06037406903,2.1,61.6,38.4,1529.0,581000.0
06037407201,0.0,62.2,37.8,,548700.0
06037407202,6.9,89.1,10.9,1676.0,612800.0
06037407901,2.3,87.6,12.4,2222.0,652500.0
06037407902,6.5,73.2,26.8,2054.0,583300.0
06037408213,2.3,55.5,44.5,1741.0,548600.0
06037408707,6.0,91.9,8.1,2129.0,1012300.0
06037408725,1.6,55.8,44.2,1791.0,668200.0
06037408900,8.5,62.4,37.6,1769.0,738800.0
06037409000,5.4,46.9,53.1,1977.0,491000.0
06037409100,0.0,61.1,38.9,1986.0,618400.0
06037430004,5.4,63.2,36.8,1968.0,657200.0
06037430005,6.0,68.5,31.5,2791.0,724200.0
06037431003,4.9,28.5,71.5,1836.0,811400.0
06037431004,4.3,32.5,67.5,1944.0,788400.0
06037431701,10.0,68.2,31.8,1802.0,2000001.0
06037432001,2.0,74.5,25.5,1663.0,938800.0
06037432002,5.1,67.0,33.0,1672.0,984500.0
06037432501,4.1,49.9,50.1,1455.0,614500.0
06037432502,0.0,72.7,27.3,1788.0,717700.0
06037433103,2.9,43.6,56.4,1547.0,581900.0
06037433505,3.9,33.6,66.4,1383.0,729500.0
06037433506,3.9,23.8,76.2,1280.0,491500.0
06037433803,3.6,74.2,25.8,1875.0,611400.0
06037433804,1.2,37.1,62.9,1836.0,430500.0
06037433903,5.4,44.2,55.8,1474.0,579400.0
06037434100,3.7,55.8,44.2,1647.0,612200.0
06037460001,0.0,92.0,8.0,2160.0,2000001.0
06037460002,4.2,83.0,17.0,1935.0,1195100.0
06037460101,4.2,91.8,8.2,2126.0,1290300.0
06037460601,10.5,79.5,20.5,2286.0,1971700.0
06037463103,12.3,72.6,27.4,1951.0,1002700.0
06037464101,7.2,95.4,4.6,1922.0,2000001.0
06037464102,21.0,68.3,31.7,3481.0,2000001.0
06037480601,0.0,15.5,84.5,2213.0,1196200.0
06037480602,4.2,30.8,69.2,1951.0,1592600.0
06037481203,7.3,44.0,56.0,1658.0,815900.0
06037481403,6.9,46.6,53.4,1660.0,843500.0
06037481404,6.2,49.8,50.2,1914.0,913900.0
06037482403,5.0,31.1,68.9,1303.0,853200.0
06037482404,0.0,74.9,25.1,2564.0,683800.0
06037482801,5.7,66.9,33.1,1410.0,784400.0
06037500203,0.0,90.5,9.5,2929.0,894600.0
06037500204,3.8,85.3,14.7,738.0,943000.0
06037501301,2.3,79.8,20.2,1586.0,654200.0
06037501302,2.8,50.7,49.3,1806.0,696500.0
06037502303,8.6,63.4,36.6,1902.0,616400.0
06037502603,1.1,91.0,9.0,1606.0,656500.0
06037502604,0.5,92.4,7.6,1693.0,663400.0
06037503704,3.6,69.6,30.4,1599.0,856700.0
06037503705,4.7,84.8,15.2,1190.0,871800.0
06037504200,5.4,32.3,67.7,1685.0,649300.0
06037530007,1.9,75.5,24.5,1945.0,806000.0
06037530603,7.1,53.1,46.9,1422.0,662700.0
06037532607,2.7,17.0,83.0,1192.0,628300.0
06037533108,6.7,22.6,77.4,1289.0,564800.0
06037533204,2.7,32.3,67.7,1415.0,597600.0
06037533504,2.3,25.3,74.7,1381.0,561300.0
06037536201,4.9,66.7,33.3,1417.0,609300.0
06037536202,1.8,49.4,50.6,1164.0,604300.0
06037541003,2.6,80.7,19.3,957.0,549800.0
06037541401,1.5,29.1,70.9,1461.0,468400.0
06037541402,7.6,58.9,41.1,1733.0,437100.0
06037543203,6.3,30.5,69.5,1644.0,500800.0
06037543605,4.9,79.9,20.1,2166.0,632800.0
06037543606,1.4,59.7,40.3,1433.0,575100.0
06037543607,4.2,89.0,11.0,2141.0,666700.0
06037543704,3.8,73.6,26.4,1954.0,641500.0
06037543705,3.7,63.6,36.4,1709.0,612800.0
06037543803,12.1,58.6,41.4,,612200.0
06037543804,2.4,64.3,35.7,1716.0,786400.0
06037550101,7.0,88.9,11.1,1324.0,619700.0
06037550301,1.0,61.5,38.5,2123.0,631600.0
06037550501,2.9,50.3,49.7,1703.0,736400.0
06037550502,6.7,82.3,17.7,2216.0,1087300.0
06037550801,4.6,60.0,40.0,1620.0,793700.0
06037550802,12.1,50.0,50.0,1536.0,745300.0
06037551001,17.4,70.4,29.6,1778.0,830900.0
06037551002,1.6,69.0,31.0,2117.0,841200.0
06037551203,2.4,68.5,31.5,1907.0,675300.0
06037551204,0.0,39.5,60.5,1642.0,648300.0
06037551801,1.8,60.9,39.1,1779.0,626400.0
06037551802,0.0,38.7,61.3,1865.0,659800.0
06037553201,4.2,62.4,37.6,1889.0,704100.0
06037553202,3.6,62.4,37.6,2317.0,669400.0
06037554106,2.4,43.2,56.8,1630.0,683400.0
06037555105,5.5,42.2,57.8,2360.0,618500.0
06037555106,4.9,39.2,60.8,1514.0,478800.0
06037555107,2.3,65.5,34.5,1941.0,655100.0
06037555300,0.0,87.9,12.1,2128.0,610700.0
06037570305,0.0,31.2,68.8,1706.0,116300.0
06037570306,0.0,62.7,37.3,1532.0,583700.0
06037570503,1.9,60.0,40.0,1566.0,619900.0
06037570504,0.4,75.6,24.4,1349.0,602600.0
06037570703,1.7,87.1,12.9,2398.0,779700.0
06037571201,0.0,70.1,29.9,1686.0,931500.0
06037571202,12.6,57.2,42.8,1735.0,884500.0
06037571505,0.0,51.7,48.3,1814.0,666300.0
06037573101,5.6,20.8,79.2,1641.0,665600.0
06037573102,0.0,56.3,43.7,1574.0,823400.0
06037577605,4.9,75.1,24.9,2357.0,1289700.0
06037577606,9.9,35.9,64.1,2352.0,1357800.0
06037577700,2.1,63.2,36.8,1537.0,615100.0
06037577800,2.2,84.2,15.8,1866.0,643600.0
06037577900,4.9,42.9,57.1,1802.0,575100.0
06037578000,8.3,28.8,71.2,1407.0,636300.0
06037578100,,,,,
06037602201,11.2,58.3,41.7,3054.0,903500.0
06037602202,0.0,28.4,71.6,1608.0,744100.0
06037602510,0.0,12.3,87.7,1449.0,820400.0
06037602511,2.4,7.2,92.8,1617.0,802600.0
06037602512,7.3,49.6,50.4,1691.0,610900.0
06037602513,2.8,7.2,92.8,1682.0,618800.0
06037602601,4.0,63.6,36.4,1511.0,756100.0
06037602602,5.1,51.1,48.9,1668.0,685200.0
06037603007,11.8,40.2,59.8,1763.0,713900.0
06037603008,1.2,40.8,59.2,1177.0,552500.0
06037603705,3.8,34.7,65.3,1732.0,519300.0
06037603706,7.6,4.5,95.5,1668.0,524000.0
06037603901,0.0,50.7,49.3,1826.0,648400.0
06037603902,3.6,43.6,56.4,1830.0,752600.0
06037604101,5.7,29.2,70.8,1714.0,824500.0
06037604102,5.5,37.9,62.1,1395.0,714500.0
06037604200,2.9,49.2,50.8,1550.0,694500.0
06037620703,5.7,78.8,21.2,2872.0,1432000.0
06037620704,9.2,70.1,29.9,2245.0,1332400.0
06037620801,8.8,87.2,12.8,2750.0,2000001.0
06037620802,3.9,58.7,41.3,2220.0,2000001.0
06037621005,18.2,51.6,48.4,2748.0,2000001.0
06037650606,11.2,9.2,90.8,1960.0,979200.0
06037650607,7.4,24.4,75.6,2547.0,1066300.0
06037650801,6.7,56.3,43.7,3352.0,896100.0
06037650802,11.3,61.3,38.7,3244.0,679800.0
06037650903,2.2,35.7,64.3,2043.0,896800.0
06037650904,16.7,48.8,51.2,2183.0,780000.0
06037670101,4.8,48.1,51.9,1942.0,808500.0
06037670102,5.9,28.0,72.0,1866.0,626000.0
06037670417,1.8,85.5,14.5,3501.0,1589800.0
06037670418,6.9,91.4,8.6,3501.0,1549600.0
06037670603,7.3,92.4,7.6,3447.0,2000001.0
06037670604,13.1,89.2,10.8,3445.0,1604200.0
06037702900,28.0,7.4,92.6,3474.0,470600.0
06037703003,6.8,48.0,52.0,2591.0,623700.0
06037800103,11.6,87.2,12.8,3221.0,1308900.0
06037800104,14.4,70.9,29.1,3501.0,1718800.0
06037800205,2.6,39.2,60.8,2713.0,885600.0
06037800206,2.9,90.2,9.8,2851.0,2000001.0
06037800333,17.4,32.3,67.7,2876.0,651900.0
06037800334,6.6,86.8,13.2,1825.0,1067100.0
06037800335,13.7,85.3,14.7,2764.0,1352100.0
06037800336,2.3,92.4,7.6,3036.0,1119600.0
06037800337,6.6,39.0,61.0,2919.0,887700.0
06037800338,1.8,87.2,12.8,3501.0,1539300.0
06037800411,11.0,80.7,19.3,3501.0,2000001.0
06037800412,33.3,82.6,17.4,3250.0,2000001.0
06037900301,3.3,69.2,30.8,1550.0,398800.0
06037900509,1.5,52.7,47.3,1255.0,109100.0
06037900510,0.0,54.4,45.6,1404.0,471100.0
06037900610,2.9,86.6,13.4,580.0,71200.0
06037900611,0.0,91.7,8.3,,415800.0
06037900807,3.0,74.2,25.8,1676.0,432100.0
06037900808,2.4,61.5,38.5,1211.0,318500.0
06037900901,9.0,41.4,58.6,1489.0,428000.0
06037900902,18.1,89.6,10.4,,427700.0
06037901012,2.8,89.4,10.6,2310.0,558100.0
06037901013,9.6,75.0,25.0,1889.0,504900.0
06037901014,3.2,74.6,25.4,1617.0,483500.0
06037901214,0.0,81.1,18.9,2863.0,469200.0
06037901215,3.2,54.8,45.2,1133.0,575400.0
06037901216,6.8,93.0,7.0,,556200.0
06037901217,20.1,99.3,0.7,,670700.0
06037901218,6.1,100.0,0.0,,653100.0
06037901300,26.4,61.3,38.7,1000.0,375900.0
06037910211,11.1,83.7,16.3,3501.0,794100.0
06037910212,9.0,69.9,30.1,1489.0,639000.0
06037910213,10.1,82.1,17.9,2234.0,683100.0
06037910214,3.2,80.2,19.8,2173.0,498900.0
06037910215,2.1,64.9,35.1,1469.0,404900.0
06037910216,5.3,79.4,20.6,2156.0,500200.0
06037910217,3.5,89.3,10.7,1867.0,555600.0
06037910218,7.3,65.1,34.9,1602.0,456400.0
06037910405,6.7,24.2,75.8,1282.0,354100.0
06037910607,0.0,45.5,54.5,1415.0,394400.0
06037910608,4.9,62.8,37.2,1828.0,364800.0
06037910717,10.6,79.3,20.7,1899.0,424800.0
06037910718,5.3,91.8,8.2,1613.0,417900.0
06037910719,0.0,71.0,29.0,1467.0,476700.0
06037910720,7.1,68.1,31.9,1103.0,347200.0
06037910721,0.0,44.3,55.7,1469.0,418300.0
06037910814,7.7,93.6,6.4,,845900.0
06037910815,9.5,90.8,9.2,,679900.0
06037911100,0.5,54.4,45.6,1233.0,360200.0
06037920046,2.8,55.9,44.1,2000.0,378500.0
06037920047,10.5,6.8,93.2,2202.0,
06037920048,3.8,79.3,20.7,1773.0,566800.0
06037920049,1.4,92.1,7.9,3501.0,879900.0
06037920050,12.0,71.4,28.6,1248.0,362400.0
06037920120,2.6,91.0,9.0,3501.0,926500.0
06037920121,1.0,75.9,24.1,3104.0,802100.0
06037920340,5.1,49.4,50.6,1890.0,680300.0
06037920341,5.6,5.9,94.1,1761.0,600800.0
06037920342,0.0,35.4,64.6,1939.0,469000.0
06037920343,4.8,40.6,59.4,2148.0,518300.0
06037930400,32.5,74.2,25.8,,650600.0
06037980011,0.0,100.0,0.0,,
06037980012,,,,,
06037980016,5.7,7.0,93.0,1280.0,675000.0
06037980017,31.4,0.0,100.0,1318.0,
06037980034,,,,,
06037980035,1.6,51.9,48.1,1255.0,
06037980036,0.0,76.1,23.9,1434.0,736700.0
06037980037,,,,,
06037980038,,,,,
06037980039,,,,,
